기준월,토픽ID,토픽명,제목,날짜,URL
2021-08,토픽0,정치권 재난·위기 재정대응,"이재명 ""정책은 타이밍 소상공인 손실보상금 조기 지급해야""",2021-08-26,https://www.asiae.co.kr/article/2021082607261239675
2021-08,토픽0,정치권 재난·위기 재정대응,국정개혁 집착 vs 총력저지 투쟁 극한갈등 치닫는 여야,2021-08-25,https://www.asiae.co.kr/article/2021082510484333941
2021-08,토픽0,정치권 재난·위기 재정대응,"제이준코스메틱, 뉴트로 감성 ‘말표’ 콜라보레이션 마스크팩 출시",2021-08-25,https://www.asiae.co.kr/article/2021082510381858232
2021-08,토픽0,정치권 재난·위기 재정대응,"국민의힘 비전토론회, 윤희숙 빠지고 윤석열 참여 ""조국도, 추미애도 없다""",2021-08-25,https://www.asiae.co.kr/article/2021082509551226517
2021-08,토픽0,정치권 재난·위기 재정대응,"文 ""아프간인 종합적 지원 대책 마련 카불 공항 테러, 깊은 위로""(종합)",2021-08-30,https://www.asiae.co.kr/article/2021083015015743776
2021-08,토픽1,은행·금융권 소상공인 지원,"中企 10곳 중 8곳 ""대출만기 이자상황유예 추가 연장해야""",2021-08-26,https://www.asiae.co.kr/article/2021082610261929275
2021-08,토픽1,은행·금융권 소상공인 지원,"경기도, '소상공인 코로나19 극복통장' 최대 2천만 원 지원",2021-08-25,https://www.asiae.co.kr/article/2021082507280116491
2021-08,토픽1,은행·금융권 소상공인 지원,"동대문구, 중소기업 소상공인 대상 50억 규모 긴급대출",2021-08-23,https://www.asiae.co.kr/article/2021082321564613809
2021-08,토픽1,은행·금융권 소상공인 지원,은행 LCR 완화 재연장 or 종료 변수된 금리인상,2021-08-31,https://www.asiae.co.kr/article/2021083109012331633
2021-08,토픽1,은행·금융권 소상공인 지원,은행 LCR 완화 재연장 기로에 변수는 금리인상(종합),2021-08-31,https://www.asiae.co.kr/article/2021083115022960278
2021-08,토픽2,코로나 방역·지자체 행정,[2022예산안]文정부 내내 확장재정 국민 1인당 빚 2000만원 넘어섰다,2021-08-31,https://www.asiae.co.kr/article/2021083110362999327
2021-08,토픽2,코로나 방역·지자체 행정,"영광군, 내달 5일까지 ‘거리두기 3단계’ 연장",2021-08-23,https://www.asiae.co.kr/article/2021082314035989901
2021-08,토픽2,코로나 방역·지자체 행정,"전북도, 5643억 규모의 제2회 추경 편성",2021-08-24,https://www.asiae.co.kr/article/2021082411574829443
2021-08,토픽2,코로나 방역·지자체 행정,"김 총리 ""코로나 다시 2000명대 10명 中 9명 '델타변이'""(상보)",2021-08-25,https://www.asiae.co.kr/article/2021082509031488921
2021-08,토픽2,코로나 방역·지자체 행정,"오세훈 ""여야 떠나 정부 지자체가 코로나19 차단 협력체계 갖춰야""",2021-08-27,https://www.asiae.co.kr/article/2021082715300304428
2021-08,토픽3,최저임금·노사 협상,"소공연 4대 회장에 오세희 후보 ""벼랑 끝 소상공인 살릴 것""",2021-08-31,https://www.asiae.co.kr/article/2021083116521292149
2021-08,토픽3,최저임금·노사 협상,달리며 배우는 '런(Run) 런(Learn) 서대문' 독립공원 코스 운영,2021-08-26,https://www.asiae.co.kr/article/2021082610273842636
2021-08,토픽3,최저임금·노사 협상,'서민의 발' 서울지하철 멈춰 설까?...“서울교통공사 살릴 근본 대책 마련해야”,2021-08-24,https://www.asiae.co.kr/article/2021082415363537575
2021-08,토픽3,최저임금·노사 협상,"김 총리, 보건노조 총파업 예고에 ""인력확충 공감 머리 맞대고 해결하자""",2021-08-31,https://www.asiae.co.kr/article/2021083110203583183
2021-08,토픽3,최저임금·노사 협상,성동구 ‘2022학년도 수시대비 대학 토크 콘서트’ 개최,2021-08-23,https://www.asiae.co.kr/article/2021082307034688435
2021-08,토픽4,지역화폐·소비쿠폰,함양사랑상품권 10% 특별할인 판매  지역 상권 활성화,2021-08-31,https://www.asiae.co.kr/article/2021083113310860541
2021-08,토픽4,지역화폐·소비쿠폰,추석맞이 순천사랑상품권 150억원 10% 특별할인판매,2021-08-31,https://www.asiae.co.kr/article/2021083114571435116
2021-08,토픽4,지역화폐·소비쿠폰,"진주시, 진주사랑상품권 250억원 추가 발행  골목상권 회복",2021-08-30,https://www.asiae.co.kr/article/2021083016445354521
2021-08,토픽4,지역화폐·소비쿠폰,"창원상의, 상반기 이어 하반기도 '희망 선결제 캠페인' 동참",2021-08-24,https://www.asiae.co.kr/article/2021082413470270177
2021-08,토픽4,지역화폐·소비쿠폰,남원시 ‘노후간판 교체 지원사업’ 추진,2021-08-30,https://www.asiae.co.kr/article/2021083015103023645
2021-08,토픽5,물가·민생 거시대책,"중소기업계 ""금리인상 결정 우려 유동성 위기로 中企 쓰러질 수도""",2021-08-26,https://www.asiae.co.kr/article/2021082610401669940
2021-08,토픽5,물가·민생 거시대책,"계란값 잡은 기재차관, 이번엔 소 돼지고기 가격 잡는다",2021-08-27,https://www.asiae.co.kr/article/2021082709080464668
2021-08,토픽5,물가·민생 거시대책,"기재차관 ""테이퍼링 이슈 파급력 제한적 확대 가능성 경계""",2021-08-31,https://www.asiae.co.kr/article/2021083108434298429
2021-08,토픽5,물가·민생 거시대책,"""中企 수출 늘지만 운임 상승 가능성 자영업자 대책 마련해야""",2021-08-29,https://www.asiae.co.kr/article/2021082921142603397
2021-08,토픽5,물가·민생 거시대책,"세종시, 노후경유차 650대 조기폐차 추가 지원",2021-08-24,https://www.asiae.co.kr/article/2021082409535227639
2021-08,토픽6,온라인 플랫폼·디지털 지원,"다날 페이코인, 지자체 결제서비스 활용",2021-08-31,https://www.asiae.co.kr/article/2021083107315175949
2021-08,토픽6,온라인 플랫폼·디지털 지원,강남구 ‘라이브커머스’로 중소기업 중국 진출 돕는다,2021-08-31,https://www.asiae.co.kr/article/2021083107442000223
2021-08,토픽6,온라인 플랫폼·디지털 지원,"쿠팡, 소통 채널 확대 소설미디어 정비",2021-08-30,https://www.asiae.co.kr/article/2021083009063329763
2021-08,토픽6,온라인 플랫폼·디지털 지원,"""숨고는 차별화된 플랫폼 소상공인 프리랜서 성공 도울 것""",2021-08-30,https://www.asiae.co.kr/article/2021082716124767846
2021-08,토픽6,온라인 플랫폼·디지털 지원,"비케이탑스 ""엔스펙, 서울시 지자체와 메타버스 가상공간 구축 사업 추진""",2021-08-25,https://www.asiae.co.kr/article/2021082513393531651
2021-08,토픽7,상생협력·중소기업 지원,"대한상의 국가발전 프로젝트 '맛보기' 오디션, 톱7 수상작은?",2021-08-29,https://www.asiae.co.kr/article/2021082911285604015
2021-08,토픽7,상생협력·중소기업 지원,"강원창조혁신센터, '창업 창작 상공인 발굴 지원' 네이버와 협업",2021-08-30,https://www.asiae.co.kr/article/2021083017490916798
2021-08,토픽7,상생협력·중소기업 지원,"중기 옴부즈만, 문체부와 게임 관광 등 문화규제 개선",2021-08-27,https://www.asiae.co.kr/article/2021082708484049092
2021-08,토픽7,상생협력·중소기업 지원,"[2022예산안]""유망한 소상공인 키우자"" 최대 1억원 지원",2021-08-31,https://www.asiae.co.kr/article/2021083017143944661
2021-08,토픽7,상생협력·중소기업 지원,"중기부, 백년가게 백년소공인 추가 발표 366곳 선정",2021-08-26,https://www.asiae.co.kr/article/2021082611382064132
2021-09,토픽0,정치권 재난·위기 재정대응,"안철수 ""이재명, 표만 된다면 뭔 짓 할지 몰라 자타가 공인하는 포퓰리스트""",2021-09-13,https://www.asiae.co.kr/article/2021091311124123136
2021-09,토픽0,정치권 재난·위기 재정대응,"이재명 ""정부는 지금이라도 재난지원금 전국민 보편지급 나서야""",2021-09-11,https://www.asiae.co.kr/article/2021091116010397995
2021-09,토픽0,정치권 재난·위기 재정대응,"""토씨도 안 틀려"" ""공약 짬뽕"" 공약베끼기 논란 윤석열, 맹공격 당해",2021-09-23,https://www.asiae.co.kr/article/2021092319500464577
2021-09,토픽0,정치권 재난·위기 재정대응,"'시무7조' 조은산, '개 식용 금지' 검토한 文 대통령에 ""왜 하필 지금?""",2021-09-28,https://www.asiae.co.kr/article/2021092814520953329
2021-09,토픽0,정치권 재난·위기 재정대응,"손실보상제, 심의기간 단축한다 ""10월 말 지급개시 준비""",2021-09-17,https://www.asiae.co.kr/article/2021091710014869143
2021-09,토픽1,은행·금융권 소상공인 지원,"메마르는 서민 급전창구 대출 늘어난 저축銀, 문턱 높아진다(종합)",2021-09-01,https://www.asiae.co.kr/article/2021090114270956072
2021-09,토픽1,은행·금융권 소상공인 지원,"코로나에 치이고 규제에 막힌 소상공인, 저축銀 대출로 ‘연명’",2021-09-01,https://www.asiae.co.kr/article/2021090109465498138
2021-09,토픽1,은행·금융권 소상공인 지원,"국책은행들, 코로나19 취약계층 지원 확대 실탄 더 푼다(종합)",2021-09-29,https://www.asiae.co.kr/article/2021092915084513933
2021-09,토픽1,은행·금융권 소상공인 지원,"중기부, '중 저신용 소상공인 특례보증' 지원대상 확대",2021-09-19,https://www.asiae.co.kr/article/2021091716292587590
2021-09,토픽1,은행·금융권 소상공인 지원,국책은행들 코로나19 지원 위해 실탄 더 푼다,2021-09-29,https://www.asiae.co.kr/article/2021092908435202185
2021-09,토픽2,코로나 방역·지자체 행정,거리두기 완화한 대전시 '빈축' 완화 첫날 확진자 60명대,2021-09-02,https://www.asiae.co.kr/article/2021090213513918999
2021-09,토픽2,코로나 방역·지자체 행정,내달 1일 일상 회복 위한 '위드코로나' 첫 공청회 연다,2021-09-28,https://www.asiae.co.kr/article/2021092820583931901
2021-09,토픽2,코로나 방역·지자체 행정,"전주시, 4296억 증액한 제2차 추경예산안 편성",2021-09-01,https://www.asiae.co.kr/article/2021090111023613136
2021-09,토픽2,코로나 방역·지자체 행정,"구례군, 제3회 추경예산안 5797억원 편성 1635억원 증가",2021-09-07,https://www.asiae.co.kr/article/2021090715390989244
2021-09,토픽2,코로나 방역·지자체 행정,대전 거리두기 3단계로 하향 모든 시설 집합금지 해제,2021-09-01,https://www.asiae.co.kr/article/2021090110361225554
2021-09,토픽3,최저임금·노사 협상,[포토] 소상공인 자영업자 의견 듣는 김부겸 총리,2021-09-27,https://www.asiae.co.kr/article/2021092716125349608
2021-09,토픽3,최저임금·노사 협상,[포토] 대화하는 김부겸 총리와 권칠승 장관,2021-09-27,https://www.asiae.co.kr/article/2021092716133055657
2021-09,토픽3,최저임금·노사 협상,[포토] 소상공인 자영업자 간담회 나선 김부겸 총리,2021-09-27,https://www.asiae.co.kr/article/2021092716115838509
2021-09,토픽3,최저임금·노사 협상,[포토] 발언하는 김부겸 총리,2021-09-27,https://www.asiae.co.kr/article/2021092716121143707
2021-09,토픽3,최저임금·노사 협상,"‘떡국 떡볶이떡, 대기업은 금지’ 5년간 생계형 적합업종 지정",2021-09-03,https://www.asiae.co.kr/article/2021090306490341729
2021-09,토픽4,지역화폐·소비쿠폰,"정읍시, 추석 전에 '농어민 공익수당' 지역화폐 지급",2021-09-07,https://www.asiae.co.kr/article/2021090711194562397
2021-09,토픽4,지역화폐·소비쿠폰,"나주시, 추석 맞이 ‘전통시장 상점가 장보는 날’ 운영",2021-09-07,https://www.asiae.co.kr/article/2021090717461060453
2021-09,토픽4,지역화폐·소비쿠폰,"진주시, 소상공인들 경영환경 개선사업 추진",2021-09-22,https://www.asiae.co.kr/article/2021092213530560237
2021-09,토픽4,지역화폐·소비쿠폰,"강북구, 추석맞이 강북사랑상품권 추가발행",2021-09-04,https://www.asiae.co.kr/article/2021090423031835888
2021-09,토픽4,지역화폐·소비쿠폰,"노원구, 지역경제 살리는 ‘노원사랑상품권’ 3차 추가 발행",2021-09-11,https://www.asiae.co.kr/article/2021091110131552925
2021-09,토픽5,물가·민생 거시대책,"기재차관 ""금리인상기, 불확실성 확대 우려 리스크 관리에 만전""",2021-09-23,https://www.asiae.co.kr/article/2021092308563479811
2021-09,토픽5,물가·민생 거시대책,"홍남기 ""사과 등 16대 추석성수품 쌀 가격, 공급 늘린 후 안정세""",2021-09-14,https://www.asiae.co.kr/article/2021091416325671017
2021-09,토픽5,물가·민생 거시대책,"정부, 부총리 주재 녹실회의 ""취약업종 어려움 보완 고용 확대""",2021-09-15,https://www.asiae.co.kr/article/2021091509224333365
2021-09,토픽5,물가·민생 거시대책,"한은 ""금리인상 사이클 진입 추가 인상은 경기회복에 달려""",2021-09-09,https://www.asiae.co.kr/article/2021090914082387583
2021-09,토픽5,물가·민생 거시대책,"홍남기 ""단기 주택공급 확대, 민간 역할 중요 방안 검토""",2021-09-13,https://www.asiae.co.kr/article/2021091314574314852
2021-09,토픽6,온라인 플랫폼·디지털 지원,"아성다이소, 국가유공자 사회취약계층에 행복박스 전달",2021-09-16,https://www.asiae.co.kr/article/2021091608553828947
2021-09,토픽6,온라인 플랫폼·디지털 지원,"얍엑스, 서울고속버스터미널 지하쇼핑몰 위치기반 토탈 IoT 인프라 구축",2021-09-15,https://www.asiae.co.kr/article/2021091514392146067
2021-09,토픽6,온라인 플랫폼·디지털 지원,"“추석 제수용품 구매하세요” 마켓컬리, 대형마트보다 10% 저렴",2021-09-17,https://www.asiae.co.kr/article/2021091709293956081
2021-09,토픽6,온라인 플랫폼·디지털 지원,[기하영의 생활 속 카드]국민지원금 A to Z 사용처부터 카드혜택까지,2021-09-12,https://www.asiae.co.kr/article/2021091219291551672
2021-09,토픽6,온라인 플랫폼·디지털 지원,"KB국민카드 ""8일 오후 7시 라이브커머스서 '청년떡집' 상품 사세요""",2021-09-07,https://www.asiae.co.kr/article/2021090710015593450
2021-09,토픽7,상생협력·중소기업 지원,"소진공, 지역대학 6곳과 '소상공인 온라인 특성화 대학' 운영",2021-09-07,https://www.asiae.co.kr/article/2021090710385391245
2021-09,토픽7,상생협력·중소기업 지원,"중진공-소진공-KOTRA, 소상공인 글로벌화 돕는다",2021-09-01,https://www.asiae.co.kr/article/2021090108463777324
2021-09,토픽7,상생협력·중소기업 지원,"롯데면세점, 'LDF 스타럽스' 청년기업 3기 발대식 진행",2021-09-01,https://www.asiae.co.kr/article/2021090109433358820
2021-09,토픽7,상생협력·중소기업 지원,'수출 두드림' 기업 300개사 모집,2021-09-27,https://www.asiae.co.kr/article/2021092708330936250
2021-09,토픽7,상생협력·중소기업 지원,소상공인 투자유치 돕는 '쇼케이스데이' 12일까지 참가 모집,2021-09-03,https://www.asiae.co.kr/article/2021090311111287612
2021-10,토픽0,정치권 재난·위기 재정대응,"윤석열 ""'문재명' 세력과 투쟁하겠다 정권교체 도구로 써달라"" [전문]",2021-10-28,https://www.asiae.co.kr/article/2021102810544383634
2021-10,토픽0,정치권 재난·위기 재정대응,이재명 ‘음식점총량제’ “당장 시행하겠다는 건 아니고 고민 필요는 있어”,2021-10-28,https://www.asiae.co.kr/article/2021102811243803606
2021-10,토픽0,정치권 재난·위기 재정대응,"이재명 ""소상공인 자영업자 손실보상 80%, 대폭 강화해야""",2021-10-08,https://www.asiae.co.kr/article/2021100821450897282
2021-10,토픽0,정치권 재난·위기 재정대응,"이재명 '음식점 총량제'에 조은산 ""장사도 국가 허락받아야? 정신 나간 소리""",2021-10-28,https://www.asiae.co.kr/article/2021102808525367107
2021-10,토픽0,정치권 재난·위기 재정대응,"이준석 ""이재명 음식점 총량제? 아무말 대잔치""",2021-10-28,https://www.asiae.co.kr/article/2021102808055442360
2021-10,토픽1,은행·금융권 소상공인 지원,가계대출 못늘리니 기업대출로 시중은행 中企 의존도 ‘껑충’,2021-10-28,https://www.asiae.co.kr/article/2021102808565306257
2021-10,토픽1,은행·금융권 소상공인 지원,가계대출 조이니 은행들 기업대출 성과 껑충(종합),2021-10-28,https://www.asiae.co.kr/article/2021102815385705769
2021-10,토픽1,은행·금융권 소상공인 지원,"폐업 소상공인 재기 돕는다 인천시, 226억 '브릿지보증' 시행",2021-10-18,https://www.asiae.co.kr/article/2021101812020871822
2021-10,토픽1,은행·금융권 소상공인 지원,3분기 실적발표 앞둔 은행권 금리 모멘텀으로 호실적 예고,2021-10-11,https://www.asiae.co.kr/article/2021101117040684431
2021-10,토픽1,은행·금융권 소상공인 지원,"농협 우리銀, 대출 상품 '우대금리' 축소 폐지",2021-10-24,https://www.asiae.co.kr/article/2021102408351566958
2021-10,토픽2,코로나 방역·지자체 행정,"순천시, 위드코로나 전환 일상회복과 실물경제 회복에 집중",2021-10-26,https://www.asiae.co.kr/article/2021102614062576458
2021-10,토픽2,코로나 방역·지자체 행정,"전주시, 코로나19 일상회복지원단 가동",2021-10-25,https://www.asiae.co.kr/article/2021102512275705231
2021-10,토픽2,코로나 방역·지자체 행정,"허석 순천시장, 전국 지자체 최초로 위드 코로나 전환 선포",2021-10-22,https://www.asiae.co.kr/article/2021102213025612598
2021-10,토픽2,코로나 방역·지자체 행정,"순천시, 일상회복추진단 운영 돌입",2021-10-25,https://www.asiae.co.kr/article/2021102515162876983
2021-10,토픽2,코로나 방역·지자체 행정,"김 총리 ""현행 거리두기 2주 더 유지 사적모임 인원제한도 그대로""(상보)",2021-10-01,https://www.asiae.co.kr/article/2021100109195296172
2021-10,토픽3,최저임금·노사 협상,"[포토]성장현 용산구청장, 노사 단체교섭 상견례 가져",2021-10-07,https://www.asiae.co.kr/article/2021100722071942789
2021-10,토픽3,최저임금·노사 협상,[포토]민주노총 총파업 찬반 대자보 붙은 연대 학생회관 게시판,2021-10-18,https://www.asiae.co.kr/article/2021101815274261694
2021-10,토픽3,최저임금·노사 협상,[포토]민주노총 총파업 찬반 의견 대자보 붙은 대학 게시판,2021-10-18,https://www.asiae.co.kr/article/2021101815452482644
2021-10,토픽3,최저임금·노사 협상,[포토]대학 게시판에 붙은 '민주노총 총파업' 찬반 대자보,2021-10-18,https://www.asiae.co.kr/article/2021101815461002949
2021-10,토픽3,최저임금·노사 협상,"서울시, 고액체납자 압류차량 28대 2차 공매 체납건수 655건",2021-10-21,https://www.asiae.co.kr/article/2021102108030350789
2021-10,토픽4,지역화폐·소비쿠폰,노원구 공릉동 도깨비시장 안심디자인 지원,2021-10-09,https://www.asiae.co.kr/article/2021100910162664999
2021-10,토픽4,지역화폐·소비쿠폰,나주사랑상품권 ‘10%할인 판매’ 종료 예정,2021-10-19,https://www.asiae.co.kr/article/2021101917115817816
2021-10,토픽4,지역화폐·소비쿠폰,"창원시, 코리아세일페스타 맞춰 '착한소비 시즌2 창원블랙위크' 진행",2021-10-20,https://www.asiae.co.kr/article/2021102012124405448
2021-10,토픽4,지역화폐·소비쿠폰,"진주시, 진주사랑상품권 110억원 추가 발행",2021-10-25,https://www.asiae.co.kr/article/2021102514573431667
2021-10,토픽4,지역화폐·소비쿠폰,"남원사랑상품권, 지역경제 활성화 효과 ‘톡톡’",2021-10-15,https://www.asiae.co.kr/article/2021101513425325276
2021-10,토픽5,물가·민생 거시대책,"[2021 국감]홍남기 ""가계부채 관리, 필요시 추가방안 강구""",2021-10-05,https://www.asiae.co.kr/article/2021100511044488151
2021-10,토픽5,물가·민생 거시대책,내달 유류세 20% 인하 재고 소진 후 실제 효과는 월말 돼야,2021-10-26,https://www.asiae.co.kr/article/2021102610380373196
2021-10,토픽5,물가·민생 거시대책,9月 생산 1.3%↑ 백신접종률 높아지자 소비도 6개월만 최대폭 뛰어,2021-10-29,https://www.asiae.co.kr/article/2021102908365010637
2021-10,토픽5,물가·민생 거시대책,"정부, 물류대란 해소 위해 선박 추가 투입 무역금융 지원도 확대",2021-10-27,https://www.asiae.co.kr/article/2021102715013834817
2021-10,토픽5,물가·민생 거시대책,국고채 단기물 중심 발행 축소 필요시 긴급 바이백,2021-10-28,https://www.asiae.co.kr/article/2021102816274457016
2021-10,토픽6,온라인 플랫폼·디지털 지원,"도시공유플랫폼, 판교에 2호 무인편의점 개점  연내 10호점 목표",2021-10-19,https://www.asiae.co.kr/article/2021101911483393899
2021-10,토픽6,온라인 플랫폼·디지털 지원,"LG유플, 고객 소통 라이브 쿡방 'U+유럽맛집' 진행",2021-10-25,https://www.asiae.co.kr/article/2021102509573622406
2021-10,토픽6,온라인 플랫폼·디지털 지원,"신한카드, '테이블매니저'와 전략적 제휴 ""소상공인 서비스 강화""",2021-10-08,https://www.asiae.co.kr/article/2021100808275432753
2021-10,토픽6,온라인 플랫폼·디지털 지원,"백종원 '연돈' 강남 상륙 ""계획 없다면서"" VS ""논란 과하다""",2021-10-03,https://www.asiae.co.kr/article/2021100316081979625
2021-10,토픽6,온라인 플랫폼·디지털 지원,"식자재 정보 불균형 해결 도도 카트, ‘거래처 찾기’ 서비스 개시",2021-10-19,https://www.asiae.co.kr/article/2021101909343449506
2021-10,토픽7,상생협력·중소기업 지원,"코웨이, '2021 DDP 디자인페어'서 혁신 제품 선보여",2021-10-20,https://www.asiae.co.kr/article/2021102015394284903
2021-10,토픽7,상생협력·중소기업 지원,"TIPA, 지역 중소기업에 '안전패키지 서비스' 지원 나서",2021-10-21,https://www.asiae.co.kr/article/2021102020143371256
2021-10,토픽7,상생협력·중소기업 지원,"포스코인터, 중기부 '자상한기업'에 선정 '중소기업 해외 진출 지원'",2021-10-14,https://www.asiae.co.kr/article/2021101411432949217
2021-10,토픽7,상생협력·중소기업 지원,"포스코인터내셔널, 300억 상생기금 中企 지원 '자상한기업' 선정",2021-10-14,https://www.asiae.co.kr/article/2021101409043425228
2021-10,토픽7,상생협력·중소기업 지원,"산단공, 성과공유제 협력이익공유제 지원 확대",2021-10-19,https://www.asiae.co.kr/article/2021101910051162668
2021-11,토픽0,정치권 재난·위기 재정대응,"이재명, '전국민 재난지원금 반대' 尹에 ""부자 나라에 가난한 국민, 온당한 일이냐""",2021-11-08,https://www.asiae.co.kr/article/2021110808092105395
2021-11,토픽0,정치권 재난·위기 재정대응,박완주 “전국민 재난지원금 검토 시작 방식은 재정당국과 논의해야”,2021-11-02,https://www.asiae.co.kr/article/2021110214042638619
2021-11,토픽0,정치권 재난·위기 재정대응,"野 ""정부 여당, 이재명 선거 지원 예산만 증액 시도""",2021-11-29,https://www.asiae.co.kr/article/2021112916013712300
2021-11,토픽0,정치권 재난·위기 재정대응,"이재명 ""전국민 재난지원금→소상공인 지원"" 급선회한 까닭은?",2021-11-18,https://www.asiae.co.kr/article/2021111820040236031
2021-11,토픽0,정치권 재난·위기 재정대응,"경기도, 배출가스 5등급 차량 내년 3월까지 '운행 제한'",2021-11-28,https://www.asiae.co.kr/article/2021112813325281531
2021-11,토픽1,은행·금융권 소상공인 지원,"중기부, 중 저신용 소상공인 특례보증 제도 개편 지원 대상 확대",2021-11-28,https://www.asiae.co.kr/article/2021112812244820997
2021-11,토픽1,은행·금융권 소상공인 지원,"농협은행, 개인사업자 위한 모바일 전용 대출 출시",2021-11-18,https://www.asiae.co.kr/article/2021111809245905527
2021-11,토픽1,은행·금융권 소상공인 지원,[초동시각]금융시장에서 벌어지는 상식과 다른 현상,2021-11-11,https://www.asiae.co.kr/article/2021111113584264677
2021-11,토픽1,은행·금융권 소상공인 지원,"""소상공인 돕는다"" 카드사, 개인사업자용 카드 잇딴 출시",2021-11-26,https://www.asiae.co.kr/article/2021112610493074324
2021-11,토픽1,은행·금융권 소상공인 지원,"하나은행, 소상공인 위한 '하나 소호 아카데미' 시행",2021-11-30,https://www.asiae.co.kr/article/2021113011110335204
2021-11,토픽2,코로나 방역·지자체 행정,"방역패스 유효기간 접종후 6개월 논의 ""청소년 방역패스 격론""",2021-11-26,https://www.asiae.co.kr/article/2021112613240287769
2021-11,토픽2,코로나 방역·지자체 행정,"[전문가 5人진단] 방역패스냐, 거리두기냐 전문가들 의견도 엇갈려",2021-11-26,https://www.asiae.co.kr/article/2021112610471153427
2021-11,토픽2,코로나 방역·지자체 행정,"해남군, 코로나19 일상회복추진단 운영",2021-11-01,https://www.asiae.co.kr/article/2021110109551937545
2021-11,토픽2,코로나 방역·지자체 행정,"전북도, 9조1013억 규모의 2022년 예산안 편성",2021-11-11,https://www.asiae.co.kr/article/2021111115373274610
2021-11,토픽2,코로나 방역·지자체 행정,"김영록 전남지사 ""'단계적 일상회복' 개인 방역수칙 준수해 달라""",2021-11-01,https://www.asiae.co.kr/article/2021110112020110026
2021-11,토픽3,최저임금·노사 협상,용산구 종합행정타운 부설주차장 24시간 개방한 이유?,2021-11-02,https://www.asiae.co.kr/article/2021110208264818018
2021-11,토픽3,최저임금·노사 협상,정원오 성동구청장과 직원 160여명 영화 ‘왕십리 김종분’ 단체관람한 까닭?,2021-11-22,https://www.asiae.co.kr/article/2021112207325415392
2021-11,토픽3,최저임금·노사 협상,"서울시 동북권 패션 봉제산업 발전協, 봉제업체 숙원 원단폐기물 처리 공동대응 합의",2021-11-13,https://www.asiae.co.kr/article/2021111322111377152
2021-11,토픽3,최저임금·노사 협상,"""최저임금, 업종별 구분적용 도입 논의 필요""",2021-11-18,https://www.asiae.co.kr/article/2021111813050872622
2021-11,토픽3,최저임금·노사 협상,[포토]‘제14회 마포나루 새우젓축제’ 개막,2021-11-05,https://www.asiae.co.kr/article/2021110520180190023
2021-11,토픽4,지역화폐·소비쿠폰,"용인시, 12월 지역화폐 사용하면 최대 3만원 인센티브",2021-11-30,https://www.asiae.co.kr/article/2021113007204920928
2021-11,토픽4,지역화폐·소비쿠폰,"""사랑의 온도 함께 올려요” ...용산구 '따뜻한 겨울나기' 성금품 모금 시작",2021-11-15,https://www.asiae.co.kr/article/2021111506520464262
2021-11,토픽4,지역화폐·소비쿠폰,"무주군, 무주사랑상품권 구매한도 상향",2021-11-02,https://www.asiae.co.kr/article/2021110211201195695
2021-11,토픽4,지역화폐·소비쿠폰,"함양군, ‘함양사랑상품권’ 제로페이 구매행사 시행",2021-11-05,https://www.asiae.co.kr/article/2021110515542170282
2021-11,토픽4,지역화폐·소비쿠폰,나주시 ‘소상공인 일상회복 지원금’ 신청 접수,2021-11-23,https://www.asiae.co.kr/article/2021112316210028909
2021-11,토픽5,물가·민생 거시대책,"기재차관 ""98% 국민은 종부세와 무관 일각의 우려 과장돼""(종합)",2021-11-19,https://www.asiae.co.kr/article/2021111908292421835
2021-11,토픽5,물가·민생 거시대책,"기재차관 ""98% 국민은 종부세와 무관해 과장된 우려""",2021-11-19,https://www.asiae.co.kr/article/2021111908225180665
2021-11,토픽5,물가·민생 거시대책,"""무분별 돈풀기, 물가상승 부추겨 시장은 대혼란""",2021-11-15,https://www.asiae.co.kr/article/2021111510584846294
2021-11,토픽5,물가·민생 거시대책,"""물가 너마저"" '성장률 4%' 비상등 켜졌다",2021-11-02,https://www.asiae.co.kr/article/2021110209400222467
2021-11,토픽5,물가·민생 거시대책,"홍남기 ""소상공인 손실보상 하한액 상향조정 검토"" 10만원서 오른다",2021-11-24,https://www.asiae.co.kr/article/2021112419454677296
2021-11,토픽6,온라인 플랫폼·디지털 지원,"""한국은 좁다, 큰물에서 놀자"" 소상공인 해외 진출 돕는 쇼피코리아",2021-11-25,https://www.asiae.co.kr/article/2021112210515588396
2021-11,토픽6,온라인 플랫폼·디지털 지원,"네이버, 스마트플레이스 사업자센터 전면 개편 SME 온라인 확장 돕는다",2021-11-12,https://www.asiae.co.kr/article/2021111211163683329
2021-11,토픽6,온라인 플랫폼·디지털 지원,"SKT 2.0 이끄는 유영상 대표 ""2025년 매출 22조 목표""",2021-11-01,https://www.asiae.co.kr/article/2021110114294274418
2021-11,토픽6,온라인 플랫폼·디지털 지원,똑똑해지는 오프라인 매장 디지털 전환 이끄는 ‘리테일 테크’ 주목,2021-11-06,https://www.asiae.co.kr/article/2021110612071708801
2021-11,토픽6,온라인 플랫폼·디지털 지원,"K쇼핑, ‘제주 라이브 페스타’ “특산품 초특가 판매”",2021-11-04,https://www.asiae.co.kr/article/2021110409574247880
2021-11,토픽7,상생협력·중소기업 지원,"소진공, 충청권 공공기관과 청년 취업 역량 강화 '취업 WEEK' 개최",2021-11-23,https://www.asiae.co.kr/article/2021112307203225824
2021-11,토픽7,상생협력·중소기업 지원,"[아시아초대석]김호빈 중부발전 사장 ""中企와 동반성장 현장에서 답 찾죠""",2021-11-08,https://www.asiae.co.kr/article/2021110508440509691
2021-11,토픽7,상생협력·중소기업 지원,"우아한형제들, '동반성장 공로' 대통령 표창",2021-11-04,https://www.asiae.co.kr/article/2021110409260198576
2021-11,토픽7,상생협력·중소기업 지원,[인사]소상공인시장진흥공단,2021-11-03,https://www.asiae.co.kr/article/2021110318205911699
2021-11,토픽7,상생협력·중소기업 지원,"KOTRA, 내달 1일부터 '2021 대한민국 온라인 수출산업대전' 개최",2021-11-23,https://www.asiae.co.kr/article/2021112309110995880
2021-12,토픽0,정치권 재난·위기 재정대응,"이재명 ""코로나 손실보상 100조 주장에 동의, 지금 당장 재원 방안 구상하자""",2021-12-09,https://www.asiae.co.kr/article/2021120916031989229
2021-12,토픽0,정치권 재난·위기 재정대응,"“법 바꿔서라도 尹 링 위에 올려라” 李, 尹에 양자토론 압박",2021-12-23,https://www.asiae.co.kr/article/2021122311235234766
2021-12,토픽0,정치권 재난·위기 재정대응,[단독]이재명 윤석열 맞짱토론 또 무산,2021-12-20,https://www.asiae.co.kr/article/2021122011144479828
2021-12,토픽0,정치권 재난·위기 재정대응,"김종인, 尹에 ""50조 손실보상 과연 충분할까"" '100조 투입' 강조",2021-12-08,https://www.asiae.co.kr/article/2021120821273419301
2021-12,토픽0,정치권 재난·위기 재정대응,"송영길 '100조 손실 보상' 김종인에 ""4자 회동해서 방안 찾자""",2021-12-08,https://www.asiae.co.kr/article/2021120820092762444
2021-12,토픽1,은행·금융권 소상공인 지원,최대 실적 금융지주 역대급 배당 3조7천억 예고,2021-12-23,https://www.asiae.co.kr/article/2021122311084140961
2021-12,토픽1,은행·금융권 소상공인 지원,신보 등 금융공공기관에 진 빚도 감면 쉬워진다,2021-12-29,https://www.asiae.co.kr/article/2021122910023218309
2021-12,토픽1,은행·금융권 소상공인 지원,빚으로 버티다 대출 빗장에 무너진 1년 내년에도 돈 가뭄(종합),2021-12-29,https://www.asiae.co.kr/article/2021122914230265616
2021-12,토픽1,은행·금융권 소상공인 지원,총량 증가세 주춤하지만 전세 자영업 대출 여전히 '빨간불',2021-12-02,https://www.asiae.co.kr/article/2021120209475251665
2021-12,토픽1,은행·금융권 소상공인 지원,"기업은행, 내년 中企에 53조 소상공인에 15조 대출 지원",2021-12-27,https://www.asiae.co.kr/article/2021122706421952206
2021-12,토픽2,코로나 방역·지자체 행정,"김 총리 ""강력한 사회적 거리두기 강화조치 시행 영업시간 제한""(상보)",2021-12-15,https://www.asiae.co.kr/article/2021121508395601839
2021-12,토픽2,코로나 방역·지자체 행정,"전북도, 정부 비상조치에 따라 거리두기 강화",2021-12-16,https://www.asiae.co.kr/article/2021121616080713671
2021-12,토픽2,코로나 방역·지자체 행정,"광주시의회 ""시민과 소통하며 시정견제 감시역할 충실할 것""",2021-12-27,https://www.asiae.co.kr/article/2021122715412913609
2021-12,토픽2,코로나 방역·지자체 행정,'4인 9시' 거리두기 2주 연장하기로 31일 발표,2021-12-30,https://www.asiae.co.kr/article/2021123019552866823
2021-12,토픽2,코로나 방역·지자체 행정,"광주 남구 “포스트 코로나, 대전환 시대 열겠다”",2021-12-30,https://www.asiae.co.kr/article/2021123010090051296
2021-12,토픽3,최저임금·노사 협상,"'중고차 판매업', 생계형적합업종 심의위 회부 다음달 심의 본격화",2021-12-30,https://www.asiae.co.kr/article/2021123015361929916
2021-12,토픽3,최저임금·노사 협상,"오세희 소공연 회장 취임식 “소상공인 손실보상, 온플법 제정 등 주력”",2021-12-15,https://www.asiae.co.kr/article/2021121514073293153
2021-12,토픽3,최저임금·노사 협상,'제야의 종' 행사 2년째 취소 해돋이 장소 폐쇄,2021-12-31,https://www.asiae.co.kr/article/2021123116272080764
2021-12,토픽3,최저임금·노사 협상,"""제발 백신 좀 맞으세요"" vs ""부작용 책임지냐"" '역대 최다' 확진자 백신 접종 갈등도",2021-12-16,https://www.asiae.co.kr/article/2021121601090630654
2021-12,토픽3,최저임금·노사 협상,"자영업자들, 광화문서 생존권 결의대회 ""우리도 국민, 목소리 들어달라""(종합)",2021-12-22,https://www.asiae.co.kr/article/2021122219513359579
2021-12,토픽4,지역화폐·소비쿠폰,"관악구, 제3호 골목형상점가 관악중부시장 지정",2021-12-31,https://www.asiae.co.kr/article/2021123107530760314
2021-12,토픽4,지역화폐·소비쿠폰,"순천사랑상품권, 연말연시 10% 특별할인판매 실시",2021-12-15,https://www.asiae.co.kr/article/2021121517493497375
2021-12,토픽4,지역화폐·소비쿠폰,"양천구, 세 차례 조기 완판된 양천사랑상품권 100억 규모 추가 발행",2021-12-09,https://www.asiae.co.kr/article/2021120907423775523
2021-12,토픽4,지역화폐·소비쿠폰,'성북사랑상품권'과 'e서울사랑상품권' 발행,2021-12-11,https://www.asiae.co.kr/article/2021121120302945534
2021-12,토픽4,지역화폐·소비쿠폰,중랑구 5개 전통시장 문전성시 특판...연말 장보기 할인받자!,2021-12-02,https://www.asiae.co.kr/article/2021120206374476008
2021-12,토픽5,물가·민생 거시대책,"기재차관 ""내년 물가안정 최우선 다음주 설 민생대책 발표""",2021-12-31,https://www.asiae.co.kr/article/2021123109130254291
2021-12,토픽5,물가·민생 거시대책,"홍남기 ""고용 개선흐름 더욱 뚜렷해져 질적 개선 노력""",2021-12-15,https://www.asiae.co.kr/article/2021121508542787165
2021-12,토픽5,물가·민생 거시대책,"[2022경제정책]내년 대내리스크, 국민 ""자산시장 불안"" 전문가 ""新양극화""",2021-12-20,https://www.asiae.co.kr/article/2021122009595883579
2021-12,토픽5,물가·민생 거시대책,"기재차관 ""美 FOMC 결과 영향 제한적 금리상승 등 리스크, 취약계층 지원""(상보)",2021-12-16,https://www.asiae.co.kr/article/2021121608524670437
2021-12,토픽5,물가·민생 거시대책,[경제전망]고공행진 소비자물가 얼마나 올랐나 산업동향 BSI도 발표,2021-12-26,https://www.asiae.co.kr/article/2021122517063420225
2021-12,토픽6,온라인 플랫폼·디지털 지원,"서울시, 대형 유통매장 내에 일회용 포장재 없는 '제로마켓' 개장",2021-12-20,https://www.asiae.co.kr/article/2021122007255996633
2021-12,토픽6,온라인 플랫폼·디지털 지원,"비씨카드, 결제 플랫폼 '페이-Z' 출시 ""SNS마켓에서 카드결제 하세요""",2021-12-16,https://www.asiae.co.kr/article/2021121608184191762
2021-12,토픽6,온라인 플랫폼·디지털 지원,"서울시, 겨울명소 '크리스마스마켓' 23일 개장",2021-12-22,https://www.asiae.co.kr/article/2021122119113328096
2021-12,토픽6,온라인 플랫폼·디지털 지원,"서울시, 온라인에서 만나는 전통시장 라이브 커머스 유튜브 생중계",2021-12-28,https://www.asiae.co.kr/article/2021122722134210412
2021-12,토픽6,온라인 플랫폼·디지털 지원,"11번가, 크리스마스 라이브 마켓 “중소상공인 응원”",2021-12-17,https://www.asiae.co.kr/article/2021121708223454734
2021-12,토픽7,상생협력·중소기업 지원,"소진공, 부패방지경영 인증 받아 공공기관 청렴도 등급도 ↑",2021-12-13,https://www.asiae.co.kr/article/2021121308172713891
2021-12,토픽7,상생협력·중소기업 지원,소공인 제조공정에 사물인터넷과 AI 구축 지원,2021-12-30,https://www.asiae.co.kr/article/2021123010572730009
2021-12,토픽7,상생협력·중소기업 지원,"신라대 박재용 교수, 중소기업기술정보진흥원장 표창 받아",2021-12-15,https://www.asiae.co.kr/article/2021121516102744038
2021-12,토픽7,상생협력·중소기업 지원,코로나 속 수출길 열어라 역대 최대규모 ‘온라인 수출산업대전’ 개막,2021-12-01,https://www.asiae.co.kr/article/2021120110240942901
2021-12,토픽7,상생협력·중소기업 지원,[인사]소상공인시장진흥공단,2021-12-06,https://www.asiae.co.kr/article/2021120614554416063
2022-01,토픽0,정치권 재난·위기 재정대응,"김동연, 이재명 윤석열에 만남 제안 ""제대로 된 의제 만들자""",2022-01-21,https://www.asiae.co.kr/article/2022012111342225566
2022-01,토픽0,정치권 재난·위기 재정대응,추경 증액 시동거는 이재명 '35조 증액' 대선후보 긴급회동 제안(종합),2022-01-21,https://www.asiae.co.kr/article/2022012115241502867
2022-01,토픽0,정치권 재난·위기 재정대응,"이재명, 野 35조원 추경 찬성 대선후보 긴급회동 제안(상보)",2022-01-21,https://www.asiae.co.kr/article/2022012112120422547
2022-01,토픽0,정치권 재난·위기 재정대응,소득지원공약 李 19兆 尹16兆 전국민 50만원씩 주고도 남는다,2022-01-27,https://www.asiae.co.kr/article/2022012710525622433
2022-01,토픽0,정치권 재난·위기 재정대응,대선 앞두고 표심 잡을 법안 줄줄이 통과 앞둬 오늘 본회의,2022-01-11,https://www.asiae.co.kr/article/2022011111243115587
2022-01,토픽1,은행·금융권 소상공인 지원,"성남시, 올해 소상공인 특례보증 171억 지원",2022-01-05,https://www.asiae.co.kr/article/2022010506495775745
2022-01,토픽1,은행·금융권 소상공인 지원,"4대 금융지주, 작년 '역대 최대' 14.5兆 벌었다",2022-01-26,https://www.asiae.co.kr/article/2022012609034891091
2022-01,토픽1,은행·금융권 소상공인 지원,"중소기업 87% ""대출 만기연장 이자상환 유예 필요""",2022-01-26,https://www.asiae.co.kr/article/2022012609191007393
2022-01,토픽1,은행·금융권 소상공인 지원,"DGB대구은행, 신용보증재단 연계 비대면 특례보증대출 시행",2022-01-24,https://www.asiae.co.kr/article/2022012415415402823
2022-01,토픽1,은행·금융권 소상공인 지원,"IBK기업은행, 자영업자에 비대면으로 대출 만기연장 금리인하",2022-01-04,https://www.asiae.co.kr/article/2022010410055035339
2022-01,토픽2,코로나 방역·지자체 행정,"당국 ""유행 통제엔 거리두기보다 방역패스가 효과 이주 거리두기 조정 검토""(상보)",2022-01-10,https://www.asiae.co.kr/article/2022011013252883314
2022-01,토픽2,코로나 방역·지자체 행정,오미크론 대응체계 전환 광주북구 코로나19 총력 대응,2022-01-25,https://www.asiae.co.kr/article/2022012514542192693
2022-01,토픽2,코로나 방역·지자체 행정,"신동헌 시장, ""광주시 미래 가치 높여 결실의 해 될 것""",2022-01-12,https://www.asiae.co.kr/article/2022011221160116426
2022-01,토픽2,코로나 방역·지자체 행정,[2022 신년사] 김삼호 광주 광산구청장 “일상회복 포스트 코로나 대비할 것”,2022-01-01,https://www.asiae.co.kr/article/2021122915282772549
2022-01,토픽2,코로나 방역·지자체 행정,사적모임 4인→6인으로 '영업시간 9시 유지' 3주 적용 가닥,2022-01-13,https://www.asiae.co.kr/article/2022011321385621536
2022-01,토픽3,최저임금·노사 협상,"CJ대한통운대리점연합 ""택배노조, 명분없는 총파업 철회하라""",2022-01-19,https://www.asiae.co.kr/article/2022011910391029576
2022-01,토픽3,최저임금·노사 협상,"소상공인들 ""택배노조 파업 명분 없어 즉각 업무 복귀해야""",2022-01-05,https://www.asiae.co.kr/article/2022010513504089146
2022-01,토픽3,최저임금·노사 협상,"[르포]""한숨밖에 안 나옵니다"" 썰렁한 연초에 먹자골목 상인들도 '한숨'",2022-01-04,https://www.asiae.co.kr/article/2022010315365749442
2022-01,토픽3,최저임금·노사 협상,"오세훈, 소공지하도상가 방문 소상공인 경영난 청취",2022-01-11,https://www.asiae.co.kr/article/2022011021064397815
2022-01,토픽3,최저임금·노사 협상,"용산구, 적극행정 전담 위원회 설치...성동구, 행복 경영 선포",2022-01-28,https://www.asiae.co.kr/article/2022012806584348383
2022-01,토픽4,지역화폐·소비쿠폰,"안동시, “새해 전통시장 살리고 소상공인 경영안정토록”",2022-01-03,https://www.asiae.co.kr/article/2022010310342387618
2022-01,토픽4,지역화폐·소비쿠폰,"임실사랑상품권, 구매 한도 상향 지역경제 활성화 기대",2022-01-18,https://www.asiae.co.kr/article/2022011814401544233
2022-01,토픽4,지역화폐·소비쿠폰,"광주시, 청년 신규채용하는 소상공인에 인건비 50% 지원",2022-01-06,https://www.asiae.co.kr/article/2022010618203220622
2022-01,토픽4,지역화폐·소비쿠폰,설 맞이 관악사랑상품권 220억 ...영등포사랑상품권 200억 발행,2022-01-25,https://www.asiae.co.kr/article/2022012508381762009
2022-01,토픽4,지역화폐·소비쿠폰,설맞이 중랑사랑상품권  광진사랑상품권 각 150억 노원사랑상품권 180억 발행,2022-01-21,https://www.asiae.co.kr/article/2022012121505357535
2022-01,토픽5,물가·민생 거시대책,"홍남기 ""설 성수품 가격 부처 간 일일점검 필요시 적기 조치""",2022-01-10,https://www.asiae.co.kr/article/2022011015321790297
2022-01,토픽5,물가·민생 거시대책,중소기업계 “기준금리 인상 우려 유동성 위기 이어질 수도”,2022-01-14,https://www.asiae.co.kr/article/2022011410402204440
2022-01,토픽5,물가·민생 거시대책,"홍남기 ""내달 초중순, 경제동향 종합점검 설 앞두고 물가관리 총력""",2022-01-24,https://www.asiae.co.kr/article/2022012416010822839
2022-01,토픽5,물가·민생 거시대책,코로나에도 중소기업 수출 1171억달러 역대 최대 신기록,2022-01-20,https://www.asiae.co.kr/article/2022012014450491934
2022-01,토픽5,물가·민생 거시대책,"이번주 증시는 긴축 가능성 설 연휴 앞두고 ""관망 심리가 짓누른다""",2022-01-23,https://www.asiae.co.kr/article/2022012311292102658
2022-01,토픽6,온라인 플랫폼·디지털 지원,"공영쇼핑, 내일부터 TV서 ‘라방’도 방영...""홈쇼핑 최초""",2022-01-23,https://www.asiae.co.kr/article/2022012117302598747
2022-01,토픽6,온라인 플랫폼·디지털 지원,"공영홈쇼핑, 라이브커머스 TV 송출",2022-01-21,https://www.asiae.co.kr/article/2022012110033066867
2022-01,토픽6,온라인 플랫폼·디지털 지원,"KT, 소상공인 맞춤형 플랫폼 매장 'KT 애드 샵' 론칭",2022-01-19,https://www.asiae.co.kr/article/2022011909225421932
2022-01,토픽6,온라인 플랫폼·디지털 지원,[부고]유재욱(대신증권 컴플라이언스부 팀장)씨 모친상,2022-01-19,https://www.asiae.co.kr/article/2022011915282196338
2022-01,토픽6,온라인 플랫폼·디지털 지원,스마트 생활결제플랫폼 '서울페이+' 출시 행정서비스 신청 생활정보 알림 결합,2022-01-20,https://www.asiae.co.kr/article/2022012006512967083
2022-01,토픽7,상생협력·중소기업 지원,"생산성본부, 쿠팡과 중소상공인 판로개척 '맞손'",2022-01-26,https://www.asiae.co.kr/article/2022012611371221833
2022-01,토픽7,상생협력·중소기업 지원,"소진공, 사회적경제기업 지원사업 참여기업 모집 내달 25일까지",2022-01-25,https://www.asiae.co.kr/article/2022012507570023432
2022-01,토픽7,상생협력·중소기업 지원,"중기부, 중소기업 소상공인 지원사업 설명회 개최",2022-01-11,https://www.asiae.co.kr/article/2022011109572357691
2022-01,토픽7,상생협력·중소기업 지원,"중기부, 정부업무평가서 'A' 등급 받아 종합 우수기관으로 선정",2022-01-25,https://www.asiae.co.kr/article/2022012514121590886
2022-01,토픽7,상생협력·중소기업 지원,"롯데호텔-한국관광공사, 중소기업 복지 증진 위한 ESG 상생 업무협약 체결",2022-01-26,https://www.asiae.co.kr/article/2022012607510483164
2022-02,토픽0,정치권 재난·위기 재정대응,"[민심탐방]'대선 풍향계' 충청 제주, 李 尹 '팽팽' 安 尹 단일화 관심도↑",2022-02-14,https://www.asiae.co.kr/article/2022021410313400755
2022-02,토픽0,정치권 재난·위기 재정대응,김동연의 용기와 이재명의 결단이 만든 대선주자 첫 토론이 특별한 이유,2022-02-02,https://www.asiae.co.kr/article/2022020212172483640
2022-02,토픽0,정치권 재난·위기 재정대응,"윤석열 ""이재명, 정부 방역 정책 실패 인정 與가 책임져야 한다는 뜻""",2022-02-21,https://www.asiae.co.kr/article/2022022120374984156
2022-02,토픽0,정치권 재난·위기 재정대응,"민주당, 국힘 반대 속 '14조원 추경안' 새벽 기습 단독처리",2022-02-19,https://www.asiae.co.kr/article/2022021909030972438
2022-02,토픽0,정치권 재난·위기 재정대응,"[민심탐방]'팽팽한' 수도권 민심 ""李 추진력 있어""vs ""尹 정권교체""",2022-02-21,https://www.asiae.co.kr/article/2022022112101777898
2022-02,토픽1,은행·금융권 소상공인 지원,"'최대 1억, 금리 3% 초중반' 토스뱅크, 개인사업자 대출 개시",2022-02-14,https://www.asiae.co.kr/article/2022021409323242786
2022-02,토픽1,은행·금융권 소상공인 지원,개인사업자 대출부터 주담대까지 속도내는 인터넷銀,2022-02-20,https://www.asiae.co.kr/article/2022022014182731203
2022-02,토픽1,은행·금융권 소상공인 지원,"신한銀, 경기신보와 소상공인 지원 협약 975억원 규모 대출지원",2022-02-23,https://www.asiae.co.kr/article/2022022309345529961
2022-02,토픽1,은행·금융권 소상공인 지원,가계대출 제한 속 기업대출 힘 쏟는 은행들,2022-02-26,https://www.asiae.co.kr/article/2022022611010216894
2022-02,토픽1,은행·금융권 소상공인 지원,"KB금융그룹, 작년 순이익 4조4096억원 사상 최대 실적(종합)",2022-02-08,https://www.asiae.co.kr/article/2022020817475197513
2022-02,토픽2,코로나 방역·지자체 행정,"정부 ""거리두기 18일 발표 예정 방역패스 유지 필요""",2022-02-15,https://www.asiae.co.kr/article/2022021513363812897
2022-02,토픽2,코로나 방역·지자체 행정,"정부, 거리두기 완화 '8명 10시' 검토 18일 조정안 발표 예정",2022-02-15,https://www.asiae.co.kr/article/2022021519503652599
2022-02,토픽2,코로나 방역·지자체 행정,"강릉시, 코로나19 극복 '지방세 감면' 시행",2022-02-25,https://www.asiae.co.kr/article/2022022510005068338
2022-02,토픽2,코로나 방역·지자체 행정,"확진자 폭증에 '찔끔 완화'  자영업자들 ""겨우 한시간""",2022-02-18,https://www.asiae.co.kr/article/2022021810191661584
2022-02,토픽2,코로나 방역·지자체 행정,"'모임 6인 영업시간 밤 9시' 거리두기 2주 연장 김 총리 ""먹는 치료제 50대까지 확대""(상보)",2022-02-04,https://www.asiae.co.kr/article/2022020409082103086
2022-02,토픽3,최저임금·노사 협상,"""60일 넘긴 택배 파업"" 견해 좁히지 못하고 갈등 지속",2022-02-27,https://www.asiae.co.kr/article/2022022712094653380
2022-02,토픽3,최저임금·노사 협상,"용산구, 신바람 나는 직장생활 만들기 나선 까닭?",2022-02-04,https://www.asiae.co.kr/article/2022020406480865320
2022-02,토픽3,최저임금·노사 협상,"정원오 성동구청장, 참좋은지방정부협의회 회장 선출",2022-02-15,https://www.asiae.co.kr/article/2022021506470098728
2022-02,토픽3,최저임금·노사 협상,"대리점연합 ""불법행위 중단을 '전향적 조치'로 포장 헌법 모독""",2022-02-28,https://www.asiae.co.kr/article/2022022818232832440
2022-02,토픽3,최저임금·노사 협상,"대리점연합 ""택배노조, 대국민 서비스 정상화 요구 거부""",2022-02-25,https://www.asiae.co.kr/article/2022022516205110804
2022-02,토픽4,지역화폐·소비쿠폰,‘함양사랑상품권’ 10% 특별할인 판매 행사 추진,2022-02-25,https://www.asiae.co.kr/article/2022022514323128865
2022-02,토픽4,지역화폐·소비쿠폰,정읍시 ‘농어민 공익수당’ 60만원 지급,2022-02-07,https://www.asiae.co.kr/article/2022020713481283737
2022-02,토픽4,지역화폐·소비쿠폰,"진주사랑상품권, 소상공인 지원 60억원 발행  지역경제 활성화 기대",2022-02-25,https://www.asiae.co.kr/article/2022022514140973908
2022-02,토픽4,지역화폐·소비쿠폰,"화순사랑상품권, 판매액 1300억원 돌파",2022-02-15,https://www.asiae.co.kr/article/2022021515072729406
2022-02,토픽4,지역화폐·소비쿠폰,"구미사랑상품권 100억원 발행한다  경북 구미시, 소상공인 지원 강화 나서",2022-02-24,https://www.asiae.co.kr/article/2022022414002879551
2022-02,토픽5,물가·민생 거시대책,"정부 한은 ""국고채 추가 단순매입 추진"" 물가안정 주력(종합)",2022-02-11,https://www.asiae.co.kr/article/2022021115300242568
2022-02,토픽5,물가·민생 거시대책,"홍남기 ""물가 안정 총력 내달 소상공인 대출 만기연장 여부 결정""",2022-02-10,https://www.asiae.co.kr/article/2022021009184904639
2022-02,토픽5,물가·민생 거시대책,"캐롯손보, 소상공인 보험 솔루션 '캐롯 내가게 보험' 출시",2022-02-24,https://www.asiae.co.kr/article/2022022409093851673
2022-02,토픽5,물가·민생 거시대책,"기재차관 ""3월 말까지 추경 90% 이상 집행""",2022-02-24,https://www.asiae.co.kr/article/2022022419010071366
2022-02,토픽5,물가·민생 거시대책,"[주간리뷰] 경상수지 5년 만에 최대 물가상승 우려, 금융시장 흔들",2022-02-12,https://www.asiae.co.kr/article/2022021218450403546
2022-02,토픽6,온라인 플랫폼·디지털 지원,"푸드테크 컴퍼니 삼초마을, 홍마담샵 입점",2022-02-24,https://www.asiae.co.kr/article/2022022314104415524
2022-02,토픽6,온라인 플랫폼·디지털 지원,"공영홈쇼핑, ‘모바일 온누리상품권 결제 시스템’ 도입",2022-02-23,https://www.asiae.co.kr/article/2022022309243051696
2022-02,토픽6,온라인 플랫폼·디지털 지원,"공영홈쇼핑, TV와 라방 동시 송출하는 ‘더블라이브’ 론칭",2022-02-21,https://www.asiae.co.kr/article/2022022110570896657
2022-02,토픽6,온라인 플랫폼·디지털 지원,"네이버웍스, '400만' 글로벌 이용자 사로잡은 비결",2022-02-14,https://www.asiae.co.kr/article/2022020707414949284
2022-02,토픽6,온라인 플랫폼·디지털 지원,네이버 스마트스토어 대출로 중소상공인 거래액 98% 껑충,2022-02-19,https://www.asiae.co.kr/article/2022021815144484463
2022-02,토픽7,상생협력·중소기업 지원,"서울시, '50+인턴' 300명 모집 사회적경제, 그린 디지털 등 7개 분야",2022-02-18,https://www.asiae.co.kr/article/2022021716232281082
2022-02,토픽7,상생협력·중소기업 지원,"서초구, 전국 지자체 혁신평가 우수기관 선정...양천구, 4년 연속 혁신 평가 우수기관 선정",2022-02-14,https://www.asiae.co.kr/article/2022021407190291624
2022-02,토픽7,상생협력·중소기업 지원,"""소상공인 디지털 전환 돕는다"" 5500여개 사업장 기술 지원",2022-02-07,https://www.asiae.co.kr/article/2022020710330998223
2022-02,토픽7,상생협력·중소기업 지원,서울교통공사 출범 이래 최초 부패방지 부문 국무총리상 수상,2022-02-27,https://www.asiae.co.kr/article/2022022707435232087
2022-02,토픽7,상생협력·중소기업 지원,"KT, 인공지능 로봇기술 'MWC2022'서 첫 공개",2022-02-27,https://www.asiae.co.kr/article/2022022708191658189
2022-03,토픽0,정치권 재난·위기 재정대응,"윤석열, '어퍼컷' 날리며 대구 텃밭 민심 호소 ""與에 또 국정 맡기면 나라 망해""",2022-03-08,https://www.asiae.co.kr/article/2022030816371333273
2022-03,토픽0,정치권 재난·위기 재정대응,"산불 피해 동해시, ""정부 차원 복구 지원 요청"" 촉구",2022-03-09,https://www.asiae.co.kr/article/2022030913350798322
2022-03,토픽0,정치권 재난·위기 재정대응,"경기도, 청년기본소득 분기 25만 지급 4월1일까지 접수",2022-03-10,https://www.asiae.co.kr/article/2022031006445607694
2022-03,토픽0,정치권 재난·위기 재정대응,"박지현 ""'정치인 이준석' 성품 부족하다 여가부 폐지 동의할 수 없어""",2022-03-24,https://view.asiae.co.kr/article/2022032420480849647
2022-03,토픽0,정치권 재난·위기 재정대응,"여야, 공직선거법 개정 추경 논의 속도 다음달 5일 본회의",2022-03-30,https://view.asiae.co.kr/article/2022033011300972444
2022-03,토픽1,은행·금융권 소상공인 지원,"금융위, 소상공인 만기연장 상환유예 6개월 연장 최종 결정",2022-03-23,https://view.asiae.co.kr/article/2022032315295237093
2022-03,토픽1,은행·금융권 소상공인 지원,"대전시, 소상공인에 ‘2000억원’ 무이자 특별대출",2022-03-07,https://www.asiae.co.kr/article/2022030709503643002
2022-03,토픽1,은행·금융권 소상공인 지원,0.5%로 떨어진 은행 부실채권 비율 그럼에도 안심할 수 없는 이유,2022-03-22,https://view.asiae.co.kr/article/2022032210574453452
2022-03,토픽1,은행·금융권 소상공인 지원,"경기도, '취약 소상공인' 자금 지원 200억 규모",2022-03-31,https://view.asiae.co.kr/article/2022033111132828450
2022-03,토픽1,은행·금융권 소상공인 지원,"케이뱅크, 신보중앙회와 손잡고 '소상공인 대출' MOU 체결",2022-03-21,https://view.asiae.co.kr/article/2022032108590076237
2022-03,토픽2,코로나 방역·지자체 행정,"""8인 모임 밤 12시 영업 가능해질까""  정부, 거리두기 완화 검토",2022-03-02,https://www.asiae.co.kr/article/2022030213284882291
2022-03,토픽2,코로나 방역·지자체 행정,"[단독] ""사적모임 8명 자정까지 영업""  내주부터 거리두기 완화",2022-03-16,https://view.asiae.co.kr/article/2022031610382243234
2022-03,토픽2,코로나 방역·지자체 행정,"강원도, 올해 첫 추경안 7조 5513억 원 편성 ""조속한 일상 복귀 마중물""",2022-03-25,https://view.asiae.co.kr/article/2022032509281318889
2022-03,토픽2,코로나 방역·지자체 행정,"대전시, 올해 첫 추경 2039억원 편성 코로나19 대응 초점",2022-03-11,https://www.asiae.co.kr/article/2022031108333550884
2022-03,토픽2,코로나 방역·지자체 행정,"""코로나 누적 확진자 1300만 넘었다""  내일 거리두기 완화 발표",2022-03-31,https://view.asiae.co.kr/article/2022033110102281626
2022-03,토픽3,최저임금·노사 협상,광진구 어린이대공원 최고고도지구 26년 만에 폐지,2022-03-17,https://view.asiae.co.kr/article/2022031706071726409
2022-03,토픽3,최저임금·노사 협상,"용산구, 2022년 항측판독 현장조사...왜?",2022-03-23,https://view.asiae.co.kr/article/2022032307200710585
2022-03,토픽3,최저임금·노사 협상,택배노조 업무 복귀 합의 파업 64일만(종합),2022-03-02,https://www.asiae.co.kr/article/2022030216091892885
2022-03,토픽3,최저임금·노사 협상,택배노조 파업 종료 64일만에 현장 복귀,2022-03-02,https://www.asiae.co.kr/article/2022030215234073877
2022-03,토픽3,최저임금·노사 협상,"경기도, 상습 체납차 대포차 '특별단속'",2022-03-31,https://view.asiae.co.kr/article/2022033107060839137
2022-03,토픽4,지역화폐·소비쿠폰,"순천시, 올해 ‘농어업인 공익수당’ 전액 조기 지급",2022-03-31,https://view.asiae.co.kr/article/2022033113183964913
2022-03,토픽4,지역화폐·소비쿠폰,3358억 팔린 해남사랑상품권 ‘지역경제 활성화 톡!톡!’,2022-03-02,https://www.asiae.co.kr/article/2022030214511551344
2022-03,토픽4,지역화폐·소비쿠폰,"함양군, 코로나19 지역경제 살리기 전 직원 동참",2022-03-21,https://view.asiae.co.kr/article/2022032116250271304
2022-03,토픽4,지역화폐·소비쿠폰,"굿네이버스-영탁 기부카페 산탁클로스, 완도군 취약계층 아동 지원 후원물품 전달",2022-03-03,https://www.asiae.co.kr/article/2022030316452122512
2022-03,토픽4,지역화폐·소비쿠폰,관악구 전통시장 턴어라운드?,2022-03-21,https://view.asiae.co.kr/article/2022032107071834873
2022-03,토픽5,물가·민생 거시대책,"경기도, 올해 노후경유차 건설기계 등 저공해조치에 933억 지원",2022-03-22,https://view.asiae.co.kr/article/2022032206523842581
2022-03,토픽5,물가·민생 거시대책,"완주군, 노후경유차 조기 폐차 지원",2022-03-08,https://www.asiae.co.kr/article/2022030811004657789
2022-03,토픽5,물가·민생 거시대책,"세종시, 노후경유차 2400대 조기폐차 지원",2022-03-03,https://www.asiae.co.kr/article/2022030310343129714
2022-03,토픽5,물가·민생 거시대책,"서울시, 소상공인 영업장 안전강화 800개소 LPG 금속배관 무상교체",2022-03-29,https://view.asiae.co.kr/article/2022032816563521230
2022-03,토픽5,물가·민생 거시대책,"목포시, 노후경유차 조기폐차 지원",2022-03-10,https://www.asiae.co.kr/article/2022031017115387371
2022-03,토픽6,온라인 플랫폼·디지털 지원,"다이소, 3 1절 맞아 독립유공자 후손 및 보훈가족에 행복박스 전달",2022-03-02,https://www.asiae.co.kr/article/2022030209341400947
2022-03,토픽6,온라인 플랫폼·디지털 지원,"“여심 사로잡았다” 홈플러스 제로마켓, 리필 친환경 제품 ‘인기’",2022-03-29,https://view.asiae.co.kr/article/2022032909102232174
2022-03,토픽6,온라인 플랫폼·디지털 지원,"CU, 꿉당 쿠시마사와 간편식 출시 “인기 맛집 메뉴를 편의점에서”",2022-03-30,https://view.asiae.co.kr/article/2022033006533668394
2022-03,토픽6,온라인 플랫폼·디지털 지원,"중기중앙회, 소상공인 판로지원 '모바일 기획전' 실시",2022-03-27,https://view.asiae.co.kr/article/2022032709410661842
2022-03,토픽6,온라인 플랫폼·디지털 지원,"“피자가격 거품 뺀다” 신세계푸드, '노브랜드 피자' 출시",2022-03-07,https://www.asiae.co.kr/article/2022030709081872342
2022-03,토픽7,상생협력·중소기업 지원,"중기부, '소상공인 역량강화사업' 참여자 모집",2022-03-22,https://view.asiae.co.kr/article/2022032209521172127
2022-03,토픽7,상생협력·중소기업 지원,"""소상공인 혁신창업 꿈 이룰 기회""",2022-03-21,https://view.asiae.co.kr/article/2022032111435733390
2022-03,토픽7,상생협력·중소기업 지원,"경과원, 반려동물 창업 최대 2천만원 지원",2022-03-13,https://www.asiae.co.kr/article/2022031312260927134
2022-03,토픽7,상생협력·중소기업 지원,"한국경영기술지도사회, 김오연 회장 연임",2022-03-02,https://www.asiae.co.kr/article/2022030216223933353
2022-03,토픽7,상생협력·중소기업 지원,"경기도, '섬유 분야 유해 물질 시험분석' 지원",2022-03-24,https://view.asiae.co.kr/article/2022032409200500425
2022-04,토픽0,정치권 재난·위기 재정대응,코로나 손실보상 '600만원' 차등지급 유력 오후 발표,2022-04-28,https://view.asiae.co.kr/article/2022042811235747843
2022-04,토픽0,정치권 재난·위기 재정대응,"원내대표 퇴임 김기현 ""윤석열 정부에 직언 마다 않겠다""",2022-04-07,https://view.asiae.co.kr/article/2022040711125936934
2022-04,토픽0,정치권 재난·위기 재정대응,'양구 산불' 바람 타고 확산 '산불 3단계' 발령,2022-04-10,https://view.asiae.co.kr/article/2022041023325019679
2022-04,토픽0,정치권 재난·위기 재정대응,"남북관계 경색 국면에도 투자한다는 김동연, ""이재명 정책 실천"" 약속",2022-04-23,https://view.asiae.co.kr/article/2022042309523834700
2022-04,토픽0,정치권 재난·위기 재정대응,"""편의점 식당 등서 주로 발생"" 작년 최저임금 위반 2200여건",2022-04-10,https://view.asiae.co.kr/article/2022041016520331771
2022-04,토픽1,은행·금융권 소상공인 지원,"서울시-서울신용보증재단, 재도전 소상공인에 사업초기 자금 대출 경영컨설팅 패키지 지원",2022-04-05,https://view.asiae.co.kr/article/2022040507071053168
2022-04,토픽1,은행·금융권 소상공인 지원,"IBK기업은행, 1분기 순이익 6597억원 전년 대비 11.4%↑",2022-04-25,https://view.asiae.co.kr/article/2022042515271995982
2022-04,토픽1,은행·금융권 소상공인 지원,"[클릭 e종목]""기업은행, NIM 개선 흐름 이어갈 것""",2022-04-26,https://view.asiae.co.kr/article/2022042606534952250
2022-04,토픽1,은행·금융권 소상공인 지원,"""윤석열, 배드뱅크 꺼냈지만 금리 4% 자영업 대출 급등""",2022-04-08,https://view.asiae.co.kr/article/2022040809470199938
2022-04,토픽1,은행·금융권 소상공인 지원,"""금리공포 언제까지 1년만에 월이자만 30만원 올랐다""",2022-04-23,https://view.asiae.co.kr/article/2022042121505378746
2022-04,토픽2,코로나 방역·지자체 행정,"""2년 만에 드디어"" 거리두기 해제에 설렘 기대감",2022-04-18,https://view.asiae.co.kr/article/2022041723161123443
2022-04,토픽2,코로나 방역·지자체 행정,"김철우 보성군수 출마 공식 선언 강한 보성, 힘 있는 군수 될 것’",2022-04-04,https://view.asiae.co.kr/article/2022040416251913081
2022-04,토픽2,코로나 방역·지자체 행정,"""마지막 거리두기 될까""  앞으로 2주간 '모임 10명 자정까지' 허용",2022-04-01,https://view.asiae.co.kr/article/2022040110561447552
2022-04,토픽2,코로나 방역·지자체 행정,"세금 12조 더 걷었지만, 코로나 지출은 더 늘어 연초부터 나라살림 20조 적자",2022-04-14,https://view.asiae.co.kr/article/2022041409213428967
2022-04,토픽2,코로나 방역·지자체 행정,"경남도, 거리두기 조치 대부분 해제  60세 이상 4차 접종 등 신종변이 재확산 방지해야",2022-04-19,https://view.asiae.co.kr/article/2022041918425694404
2022-04,토픽3,최저임금·노사 협상,"“음주운전 체납차량 동시 단속” 대전시-경찰청, 합동단속",2022-04-26,https://view.asiae.co.kr/article/2022042614064065672
2022-04,토픽3,최저임금·노사 협상,김경호 국민의힘 광진을 前 당협위원장 광진구청장 출마 선언,2022-04-06,https://view.asiae.co.kr/article/2022040618522123447
2022-04,토픽3,최저임금·노사 협상,"[인터뷰]김인호 서울시의회 의장“오세훈, 재선 위해 무리한 정책 밀어붙이고 있다""",2022-04-26,https://view.asiae.co.kr/article/2022042618172069355
2022-04,토픽3,최저임금·노사 협상,[포토]소상공인-자영업자 현장 방문 간담회 나선 안철수 인수위원장,2022-04-10,https://view.asiae.co.kr/article/2022041016473716222
2022-04,토픽3,최저임금·노사 협상,강남구 ‘문정희 시인길’ 조성...은평역사한옥박물관 유물 구입,2022-04-04,https://view.asiae.co.kr/article/2022040406112333613
2022-04,토픽4,지역화폐·소비쿠폰,"관악구가 전통시장 일상회복 지원 나서...노원구, 1인 자영업자 등 고용보험료지원",2022-04-05,https://view.asiae.co.kr/article/2022040507135690639
2022-04,토픽4,지역화폐·소비쿠폰,"보성군, 식품 이미용 업소 환경개선 사업 지원 확대",2022-04-06,https://view.asiae.co.kr/article/2022040615441134584
2022-04,토픽4,지역화폐·소비쿠폰,"울주군, 올해 농어업인 공익수당 신청 접수  4월 11일 5월 2일 읍 면 행정복지센터 접수",2022-04-08,https://view.asiae.co.kr/article/2022040812322557267
2022-04,토픽4,지역화폐·소비쿠폰,"남원사랑상품권, 내달 1일부터 1인 할인구매 한도 조정",2022-04-18,https://view.asiae.co.kr/article/2022041815364119232
2022-04,토픽4,지역화폐·소비쿠폰,"광양시, 농어민 공익수당 4월 지급 결정",2022-04-04,https://view.asiae.co.kr/article/2022040415570615622
2022-04,토픽5,물가·민생 거시대책,"[르포] ""손해 보고 장사하게 생겼어요"" 식자재값 폭등에 시장 상인들 '울상'",2022-04-09,https://view.asiae.co.kr/article/2022040815173169102
2022-04,토픽5,물가·민생 거시대책,4%대 물가 상승폭 주목 우크라 전쟁 여파,2022-04-30,https://view.asiae.co.kr/article/2022043020443929580
2022-04,토픽5,물가·민생 거시대책,금리 0.25%포인트↑ 코로나 이전 회귀,2022-04-14,https://view.asiae.co.kr/article/2022041410022251642
2022-04,토픽5,물가·민생 거시대책,"""진짜 치킨 3만원 되나요"" 10년來 최악 물가, 서민 생활고민 깊어져",2022-04-07,https://view.asiae.co.kr/article/2022040610474671741
2022-04,토픽5,물가·민생 거시대책,"중구, 봄철 자살 고위험기 집중관리 결과는?",2022-04-07,https://view.asiae.co.kr/article/2022040721313573617
2022-04,토픽6,온라인 플랫폼·디지털 지원,"SKT, '티딜' 2년간 총 상품 판매량 10배 성장",2022-04-25,https://view.asiae.co.kr/article/2022042510223874328
2022-04,토픽6,온라인 플랫폼·디지털 지원,[부고] 김두형(대신증권 WM센터장)씨 부친상,2022-04-14,https://view.asiae.co.kr/article/2022041414002319339
2022-04,토픽6,온라인 플랫폼·디지털 지원,"CU, 멤버십 앱 리뉴얼 오픈 ‘CU 유니버스’ 확장",2022-04-18,https://view.asiae.co.kr/article/2022041806563031176
2022-04,토픽6,온라인 플랫폼·디지털 지원,"구현모 KT 대표 ""'코리아텔레콤' 아닌 '코리아테크'로 불리고 싶다""",2022-04-15,https://view.asiae.co.kr/article/2022041509484218561
2022-04,토픽6,온라인 플랫폼·디지털 지원,"NS홈쇼핑, 쇼핑북 장터 'NS 5일장' “지역 소상공인 상품을 한눈에”",2022-04-01,https://view.asiae.co.kr/article/2022040109382811582
2022-04,토픽7,상생협력·중소기업 지원,"오아시스마켓, 경상북도와 업무협약 “소상공인 온라인 판로 확대”",2022-04-13,https://view.asiae.co.kr/article/2022041318001089591
2022-04,토픽7,상생협력·중소기업 지원,생활혁신형 기술개발사업 참여 소상공인 모집,2022-04-24,https://view.asiae.co.kr/article/2022042408350488572
2022-04,토픽7,상생협력·중소기업 지원,"중기부, 소상공인 1500명에 스마트기술 제공 ""디지털화 지원""",2022-04-07,https://view.asiae.co.kr/article/2022040720422847377
2022-04,토픽7,상생협력·중소기업 지원,"스마트상점 운영 소상공인에 최대 1500만원 지원 ""기술 보급 본격화""",2022-04-26,https://view.asiae.co.kr/article/2022042614332143605
2022-04,토픽7,상생협력·중소기업 지원,"인생 2막 열린다!  장노년일자리지원센터, ‘부산 50+인턴십 사업’ 참여자 기업 모집",2022-04-14,https://view.asiae.co.kr/article/2022041414384604476
2022-05,토픽0,정치권 재난·위기 재정대응,"尹 ""방역 손실 보상은 국가 의무, 최대 1000만원 지급""(상보)",2022-05-12,https://view.asiae.co.kr/article/2022051217032872612
2022-05,토픽0,정치권 재난·위기 재정대응,"국회, 본회의 열어 역대 최대 규모 손실보상 추경 처리(종합)",2022-05-29,https://view.asiae.co.kr/article/2022052922581848449
2022-05,토픽0,정치권 재난·위기 재정대응,"尹 추경 합의 불발 비판에 박홍근 ""왜 국회와 민주당에 책임 덮어 씌우나""",2022-05-28,https://view.asiae.co.kr/article/2022052813182320228
2022-05,토픽0,정치권 재난·위기 재정대응,"국민의힘, 추경안 속도 낸다 ""예결위 현안 질의 19 20일 합의""",2022-05-12,https://view.asiae.co.kr/article/2022051209341834838
2022-05,토픽0,정치권 재난·위기 재정대응,"여야, 낮12시 추경안 최종 협상 권성동 ""민주당 협조 부탁""",2022-05-27,https://view.asiae.co.kr/article/2022052709585123299
2022-05,토픽1,은행·금융권 소상공인 지원,"케이뱅크 ""사장님이라면 누구나 연 3.42%로 바로 대출""",2022-05-17,https://view.asiae.co.kr/article/2022051710152454768
2022-05,토픽1,은행·금융권 소상공인 지원,"토스뱅크, 비대면 '사장님 마이너스통장' 출시 인터넷銀 최초",2022-05-16,https://view.asiae.co.kr/article/2022051608531452918
2022-05,토픽1,은행·금융권 소상공인 지원,"""10년 동안 갚으세요"" 은행들, 소상공인 중소기업 대출 연착륙",2022-05-22,https://view.asiae.co.kr/article/2022052213320239392
2022-05,토픽1,은행·금융권 소상공인 지원,"현대커머셜, 中企?소상공인 대상 '맞춤형 상환 지원 프로그램' 운영",2022-05-18,https://view.asiae.co.kr/article/2022051808571993152
2022-05,토픽1,은행·금융권 소상공인 지원,"""이자부담에 회사채 대신"" 올해 5대은행 기업대출 25兆 급증",2022-05-03,https://view.asiae.co.kr/article/2022050309524614377
2022-05,토픽2,코로나 방역·지자체 행정,"경실련, 강기정 주기환 장연주 광주시장 후보자 공약평가",2022-05-28,https://view.asiae.co.kr/article/2022052718153753179
2022-05,토픽2,코로나 방역·지자체 행정,"영광군, 착한 임대인 재산세 최대 50% 감면",2022-05-10,https://view.asiae.co.kr/article/2022051014240118634
2022-05,토픽2,코로나 방역·지자체 행정,전국 최고 봄 축제 명성 회복 '나비대축제' 17만 명 다녀가,2022-05-09,https://view.asiae.co.kr/article/2022050919402870688
2022-05,토픽2,코로나 방역·지자체 행정,"광주북구, 상반기 적극 행정 우수사례 선정",2022-05-09,https://view.asiae.co.kr/article/2022050919524802838
2022-05,토픽2,코로나 방역·지자체 행정,"“우리 다 함께 바꿔요” 포항시, 2022 규제 개선 아이디어 공모전 개최",2022-05-19,https://view.asiae.co.kr/article/2022051909064269822
2022-05,토픽3,최저임금·노사 협상,尹정부 첫 최저임금 전체회의 '인상폭 차등적용' 놓고 격돌,2022-05-17,https://view.asiae.co.kr/article/2022051718180976559
2022-05,토픽3,최저임금·노사 협상,[윤 대통령 취임]18명 중 7명 청문보고서 채택 결국 '반쪽 내각' 출발,2022-05-10,https://view.asiae.co.kr/article/2022050614061019371
2022-05,토픽3,최저임금·노사 협상,성수동 디타워 서울포레스트 건물 '안전' 확인!,2022-05-09,https://view.asiae.co.kr/article/2022050906561496431
2022-05,토픽3,최저임금·노사 협상,"팬더TV, 댄스 버스킹 ‘풍류’ 오는 4일 진행 제이블랙&마리 등 출연",2022-05-31,https://view.asiae.co.kr/article/2022053016113119647
2022-05,토픽3,최저임금·노사 협상,"서울시, '찾아가는 상가임대차 분쟁조정 서비스' 첫 제공 19일 강남구청서 개최",2022-05-16,https://view.asiae.co.kr/article/2022051421072403091
2022-05,토픽4,지역화폐·소비쿠폰,"코스콤, 가정의달 맞아 지역 어르신 소상공인 위한 공헌활동 펼쳐",2022-05-10,https://view.asiae.co.kr/article/2022051016000640085
2022-05,토픽4,지역화폐·소비쿠폰,"정읍시, 27일까지 ‘5월 워크온 챌린지’ 운영",2022-05-16,https://view.asiae.co.kr/article/2022051613343702674
2022-05,토픽4,지역화폐·소비쿠폰,"안동시, 안동사랑상품권 연계 ‘먹깨비’ 할인이벤트 진행",2022-05-23,https://view.asiae.co.kr/article/2022052311151190943
2022-05,토픽4,지역화폐·소비쿠폰,"경기도, 연간 120만원 지급 '청년 복지포인트' 접수 6월2일부터",2022-05-25,https://view.asiae.co.kr/article/2022052514492835614
2022-05,토픽4,지역화폐·소비쿠폰,장성군 ‘e-모빌리티 리스료 지원사업’ 추진,2022-05-13,https://view.asiae.co.kr/article/2022051316062169058
2022-05,토픽5,물가·민생 거시대책,"정부 ""식용유, 할당관세 적용 추진 수급 문제無""",2022-05-18,https://view.asiae.co.kr/article/2022051814091757227
2022-05,토픽5,물가·민생 거시대책,"정부 ""우크라 사태 장기화로 수출 회복 제약 물가 상승세 확대""",2022-05-13,https://view.asiae.co.kr/article/2022051310504221650
2022-05,토픽5,물가·민생 거시대책,"[논단] 새정부 경제팀, '인플레 파이터' 돼라",2022-05-24,https://view.asiae.co.kr/article/2022052416083930946
2022-05,토픽5,물가·민생 거시대책,[주간전망]우크라發 물가충격 여파는 추경호 청문회 2일 개최,2022-05-01,https://view.asiae.co.kr/article/2022043013002029255
2022-05,토픽5,물가·민생 거시대책,"추경호 ""경유 유가연동보조금 지급 기준가격 인하""",2022-05-15,https://view.asiae.co.kr/article/2022051516433117964
2022-05,토픽6,온라인 플랫폼·디지털 지원,"다이소, 어버이날 앞두고 사회취약계층에 행복박스 전달",2022-05-06,https://view.asiae.co.kr/article/2022050614562266013
2022-05,토픽6,온라인 플랫폼·디지털 지원,소상공인 이커머스 분석툴 '아이템스카우트' 앱 버전 출시,2022-05-03,https://view.asiae.co.kr/article/2022050310032011973
2022-05,토픽6,온라인 플랫폼·디지털 지원,"""동네빵집 57곳 손잡았다"" 현대百, '우리동네빵집' 팝업 스토어 개최",2022-05-26,https://view.asiae.co.kr/article/2022052610300219647
2022-05,토픽6,온라인 플랫폼·디지털 지원,"CU, 신촌 ‘최루탄 해장라면’ 훼드라 라면 단독 판매",2022-05-26,https://view.asiae.co.kr/article/2022052606462798051
2022-05,토픽6,온라인 플랫폼·디지털 지원,서울 '프랜차이즈 브랜드' 일년새 70% 급증 가맹점 연평균 매출은 3.3억,2022-05-31,https://view.asiae.co.kr/article/2022053017274346123
2022-05,토픽7,상생협력·중소기업 지원,"한진, '로지덕스 서포터즈' 발대식 개최 ""물류 정보 제공 강화""",2022-05-16,https://view.asiae.co.kr/article/2022051609222805060
2022-05,토픽7,상생협력·중소기업 지원,"‘스타 소상공인’ 만든다!  부산시, ‘소상공인 발굴 지원사업’ 추진",2022-05-16,https://view.asiae.co.kr/article/2022051609312756712
2022-05,토픽7,상생협력·중소기업 지원,소상공인 위한 투자유치 대회 열린다,2022-05-31,https://view.asiae.co.kr/article/2022053110461971886
2022-05,토픽7,상생협력·중소기업 지원,"""동반성장 앞장선 기업 찾습니다""",2022-05-09,https://view.asiae.co.kr/article/2022050911330743927
2022-05,토픽7,상생협력·중소기업 지원,[프로필] 조주현 중기부 차관 내정자 중기 소상공인 정책전문가,2022-05-09,https://view.asiae.co.kr/article/2022050919493694745
2022-06,토픽0,정치권 재난·위기 재정대응,경기도 '청년기본소득' 접수 분기별 25만원 지급,2022-06-02,https://view.asiae.co.kr/article/2022060208093547905
2022-06,토픽0,정치권 재난·위기 재정대응,"박지현 ""민주당, 대선에 지고도 오만 당 노선과 인물, 시스템 바꿔야""",2022-06-02,https://view.asiae.co.kr/article/2022060214135835214
2022-06,토픽0,정치권 재난·위기 재정대응,"1분기 소상공인 손실보상금, 94만개사에 3조5000억원 지급",2022-06-28,https://view.asiae.co.kr/article/2022062809591306132
2022-06,토픽0,정치권 재난·위기 재정대응,"소상공인 손실보전금, 오늘부터 확인지급 신청 접수",2022-06-13,https://view.asiae.co.kr/article/2022061307383837120
2022-06,토픽0,정치권 재난·위기 재정대응,"올해 2분기 손실보상 선지급, 9일부터 신청 시작",2022-06-08,https://view.asiae.co.kr/article/2022060808322774919
2022-06,토픽1,은행·금융권 소상공인 지원,고령자 친화적 서비스 강화 하나銀 '액티브 시니어 자문단' 신설,2022-06-28,https://view.asiae.co.kr/article/2022062809015007339
2022-06,토픽1,은행·금융권 소상공인 지원,"농협, 1조원 한도 저금리 대출 출시 2만여 농업인 최대 5천만원",2022-06-30,https://view.asiae.co.kr/article/2022063010331842893
2022-06,토픽1,은행·금융권 소상공인 지원,"자본확충 분주한 은행권...""위험 대비, BIS비율 건전성 제고""",2022-06-28,https://view.asiae.co.kr/article/2022062713264459936
2022-06,토픽1,은행·금융권 소상공인 지원,희망플러스 특례보증 한도 확대,2022-06-21,https://view.asiae.co.kr/article/2022062110361896714
2022-06,토픽1,은행·금융권 소상공인 지원,금융지원 착시 효과에 은행 부실채권비율 7분기 연속 역대 최저,2022-06-04,https://view.asiae.co.kr/article/2022060311032203152
2022-06,토픽2,코로나 방역·지자체 행정,유성훈 금천구청장 민선 8기 밑그림 완성,2022-06-24,https://view.asiae.co.kr/article/2022062415152779471
2022-06,토픽2,코로나 방역·지자체 행정,[초동시각] 시험대 오른 '과학방역',2022-06-21,https://view.asiae.co.kr/article/2022062108131000647
2022-06,토픽2,코로나 방역·지자체 행정,"은평구, 민생안정 일상회복 위한 추경안 158억 편성",2022-06-14,https://view.asiae.co.kr/article/2022061407032222465
2022-06,토픽2,코로나 방역·지자체 행정,"""대면 모임 싫어요"" '코로나블루' 감소세지만 '엔데믹블루'로 우울감 여전",2022-06-05,https://view.asiae.co.kr/article/2022060423072771988
2022-06,토픽2,코로나 방역·지자체 행정,제11대 전주시의회 폐회,2022-06-16,https://view.asiae.co.kr/article/2022061613563010295
2022-06,토픽3,최저임금·노사 협상,"재계, 최저임금 업종별 차등적용 무산에 ""깊은 유감""",2022-06-18,https://view.asiae.co.kr/article/2022061719403753788
2022-06,토픽3,최저임금·노사 협상,최저임금 법정시한 하루 앞두고 노사 줄다리기 팽팽,2022-06-28,https://view.asiae.co.kr/article/2022062819524060817
2022-06,토픽3,최저임금·노사 협상,"경총 ""최저임금 업종별 구분 적용 부결 우려와 유감""",2022-06-17,https://view.asiae.co.kr/article/2022061710445290169
2022-06,토픽3,최저임금·노사 협상,최저임금 법정시한 코앞으로 이번주 연달아 전원회의,2022-06-26,https://view.asiae.co.kr/article/2022062611571725310
2022-06,토픽3,최저임금·노사 협상,대마도 정벌 이끈 ‘두모포 출정’ 재현...성동구 ‘2022 두모포 페스티벌’ 개최,2022-06-08,https://view.asiae.co.kr/article/2022060808021796239
2022-06,토픽4,지역화폐·소비쿠폰,"""골목상권에 활기를"" 인천시, 상인회 최대 2천만원 지원",2022-06-01,https://view.asiae.co.kr/article/2022060121551781891
2022-06,토픽4,지역화폐·소비쿠폰,"고흥사랑상품권 10% 특별할인, 연말까지 연장",2022-06-27,https://view.asiae.co.kr/article/2022062717584143683
2022-06,토픽4,지역화폐·소비쿠폰,"‘교통카드 탑재형 포항사랑카드’ 출시, 시민편의성 높인다",2022-06-17,https://view.asiae.co.kr/article/2022061716030854220
2022-06,토픽4,지역화폐·소비쿠폰,"경북 고령군, ‘새바람 체인지업’ 사업 시행  최대 1400만원 지원",2022-06-01,https://view.asiae.co.kr/article/2022053119152790237
2022-06,토픽4,지역화폐·소비쿠폰,"민선 8기 출범 기대하며  창원시, 누비전 300억원 푼다",2022-06-30,https://view.asiae.co.kr/article/2022063015095478476
2022-06,토픽5,물가·민생 거시대책,[尹정부 경제]공급망 대응 역량 강화 가계부채 연착륙 지원,2022-06-16,https://view.asiae.co.kr/article/2022061611412127074
2022-06,토픽5,물가·민생 거시대책,치킨부터 기름값까지 고공행진 물가에 시민들 '울상',2022-06-13,https://view.asiae.co.kr/article/2022061310263235803
2022-06,토픽5,물가·민생 거시대책,"밀가루값 치솟자 민생 경제 '도미노 효과' 정부, 국고 투입 나섰다",2022-06-02,https://view.asiae.co.kr/article/2022053011271181369
2022-06,토픽5,물가·민생 거시대책,"'차원이 다른 위기' 기업들, 생존 전략 수정 '절치부심'",2022-06-21,https://view.asiae.co.kr/article/2022062110543100026
2022-06,토픽5,물가·민생 거시대책,복합위기 징후 선제적 대응 위한 '기업리스크 대응 TF' 신설,2022-06-29,https://view.asiae.co.kr/article/2022062916245271645
2022-06,토픽6,온라인 플랫폼·디지털 지원,"""인공지능 MD 채용하세요"" 네이버, AI 상품 전시 솔루션 공개",2022-06-28,https://view.asiae.co.kr/article/2022062808173654234
2022-06,토픽6,온라인 플랫폼·디지털 지원,"[스타트人] ""e커머스 빅데이터 제공 넘어 자사 브랜드 론칭 직접판매""",2022-06-16,https://view.asiae.co.kr/article/2022061010574605764
2022-06,토픽6,온라인 플랫폼·디지털 지원,"다이소, 호국보훈의 달 맞아 국가유공자 및 보훈가족에 행복박스 전달",2022-06-07,https://view.asiae.co.kr/article/2022060708582317785
2022-06,토픽6,온라인 플랫폼·디지털 지원,"BC카드, 모바일 POS 스타트업 페이히어와 현장 QR결제 인프라 확대",2022-06-29,https://view.asiae.co.kr/article/2022062908392851644
2022-06,토픽6,온라인 플랫폼·디지털 지원,스타트업 대표가 카페 자리 알아보는 까닭은,2022-06-20,https://view.asiae.co.kr/article/2022062008362040632
2022-06,토픽7,상생협력·중소기업 지원,"중기연, '제1회 중소벤처기업연구 통합학술대회' 열어",2022-06-16,https://view.asiae.co.kr/article/2022061608360349087
2022-06,토픽7,상생협력·중소기업 지원,강한 소상공인 뽑는 오디션 열린다,2022-06-27,https://view.asiae.co.kr/article/2022062711125951424
2022-06,토픽7,상생협력·중소기업 지원,"중기부 중진공, 수출 두드림 기업 300개사 모집",2022-06-20,https://view.asiae.co.kr/article/2022062008543426399
2022-06,토픽7,상생협력·중소기업 지원,"중소벤처기업연구원-신한카드, 소상공인 맞춤형 서비스 개발 협력",2022-06-08,https://view.asiae.co.kr/article/2022060809074552688
2022-06,토픽7,상생협력·중소기업 지원,"예술위, 콘진원 농기평과 ‘ESG가치 확산’ 그린 캠페인 진행",2022-06-20,https://view.asiae.co.kr/article/2022062012271367384
2022-07,토픽0,정치권 재난·위기 재정대응,"'빚투 구제' 논란에도 '선제 조치' 결정한 尹 ""국가 후생 자산 지켜야""",2022-07-16,https://view.asiae.co.kr/article/2022071609552513630
2022-07,토픽0,정치권 재난·위기 재정대응,"경찰, 상반기 유사수신 등 민생침해 금융범죄범 2151명 검거",2022-07-21,https://view.asiae.co.kr/article/2022072111241439008
2022-07,토픽0,정치권 재난·위기 재정대응,"김동연 지사 ""민생이 우선 도의회 조속히 추경 처리해 달라""",2022-07-25,https://view.asiae.co.kr/article/2022072514023671569
2022-07,토픽0,정치권 재난·위기 재정대응,"중기부, 손실보전금 21조4000억원 집행 완료",2022-07-06,https://view.asiae.co.kr/article/2022070614390276664
2022-07,토픽0,정치권 재난·위기 재정대응,"경기 특사경, 불법 사금융 피해 상담소 운영한다",2022-07-03,https://view.asiae.co.kr/article/2022070311500356470
2022-07,토픽1,은행·금융권 소상공인 지원,개인사업자 고금리대출 1%p 감면 하나銀 금융지원프로그램 실시,2022-07-05,https://view.asiae.co.kr/article/2022070509560003782
2022-07,토픽1,은행·금융권 소상공인 지원,"신보중앙회 ""9월 이후 만기 도래 2兆 부실대출 리스크 관리 강화""(종합)",2022-07-19,https://view.asiae.co.kr/article/2022071911470411595
2022-07,토픽1,은행·금융권 소상공인 지원,"'2兆 도래' 대출만기 연장 종료 앞둔 신보중앙회 ""리스크 관리 강화""",2022-07-19,https://view.asiae.co.kr/article/2022071908571782696
2022-07,토픽1,은행·금융권 소상공인 지원,"은행권, 소상공인 대상 자율 만기연장 계획보니",2022-07-31,https://view.asiae.co.kr/article/2022073110395992980
2022-07,토픽1,은행·금융권 소상공인 지원,"기업은행, 소상공인 맞춤형 금융지원 프로그램 실시 26조원 규모",2022-07-25,https://view.asiae.co.kr/article/2022072515285480675
2022-07,토픽2,코로나 방역·지자체 행정,"강진군, 민선 8기 첫 확대 간부회의 개최",2022-07-05,https://view.asiae.co.kr/article/2022070510100799454
2022-07,토픽2,코로나 방역·지자체 행정,광주시장직 인수위 30일간 공식활동 마무리,2022-07-07,https://view.asiae.co.kr/article/2022070716541414634
2022-07,토픽2,코로나 방역·지자체 행정,"강진군, 민선 8기 발 빠른 첫 추경 367억원 증액 편성",2022-07-19,https://view.asiae.co.kr/article/2022071913295292642
2022-07,토픽2,코로나 방역·지자체 행정,"김철우 보성군수, 민선8기 힘찬 출발 ‘다시 뛰는 보성365’",2022-07-01,https://view.asiae.co.kr/article/2022070111072577612
2022-07,토픽2,코로나 방역·지자체 행정,"김영록 전남지사 ""정부 국정과제, 지역 현안 사업 온 힘 쏟아야""",2022-07-26,https://view.asiae.co.kr/article/2022072617444477227
2022-07,토픽3,최저임금·노사 협상,"김길성 민선 8기 서울 중구청장 취임 ...""하나 되는 중구 만들겠다""",2022-07-03,https://view.asiae.co.kr/article/2022070222261455040
2022-07,토픽3,최저임금·노사 협상,이의제기 쌓이는 내년 최저임금 올해도 수용 안되나,2022-07-09,https://view.asiae.co.kr/article/2022070821480927164
2022-07,토픽3,최저임금·노사 협상,전성수 민선 8기 서초구청장 취임...1호 결재 '일상회복 100일 프로젝트',2022-07-01,https://view.asiae.co.kr/article/2022070113511666722
2022-07,토픽3,최저임금·노사 협상,"오언석 민선 8기 도봉구청장 취임...""함께하는 도봉 만들 것""",2022-07-03,https://view.asiae.co.kr/article/2022070310185194851
2022-07,토픽3,최저임금·노사 협상,최저임금 두고 노사 모두 불만 공익위원 결정구조 바뀔까,2022-07-02,https://view.asiae.co.kr/article/2022070220460611311
2022-07,토픽4,지역화폐·소비쿠폰,"여수시, 여수사랑상품권 10% 특별할인 판매",2022-07-25,https://view.asiae.co.kr/article/2022072515052249731
2022-07,토픽4,지역화폐·소비쿠폰,"서울시, 광역 서울사랑상품권 500억 추가발행 7% 할인판매",2022-07-24,https://view.asiae.co.kr/article/2022072217542859615
2022-07,토픽4,지역화폐·소비쿠폰,무안사랑상품권 10% 특별할인 연말까지 연장,2022-07-05,https://view.asiae.co.kr/article/2022070513081426006
2022-07,토픽4,지역화폐·소비쿠폰,"부천시, 지역화폐 인센티브 10% 유지 및 발행 확대 총력",2022-07-22,https://view.asiae.co.kr/article/2022072209555913598
2022-07,토픽4,지역화폐·소비쿠폰,"광양시, 광양사랑상품권 할인판매 위해 40억 원 푼다",2022-07-29,https://view.asiae.co.kr/article/2022072913473035954
2022-07,토픽5,물가·민생 거시대책,"추경호 이창용 ""경제위기 상당기간 지속 합동 대응체계 구축""",2022-07-04,https://view.asiae.co.kr/article/2022070409023958771
2022-07,토픽5,물가·민생 거시대책,"R의 공포에 유가 100달러 붕괴, 달러화 20년새 최고",2022-07-13,https://view.asiae.co.kr/article/2022071308281355924
2022-07,토픽5,물가·민생 거시대책,"[주간리뷰]한은, 사상 첫 '빅스텝' 밟았지만 환율 13여년만 최고치",2022-07-16,https://view.asiae.co.kr/article/2022071522224702327
2022-07,토픽5,물가·민생 거시대책,"中企 ""하반기 경기 지난해보다 어두워 원자잿값 상승 내수부진 여파""",2022-07-05,https://view.asiae.co.kr/article/2022070509300214133
2022-07,토픽5,물가·민생 거시대책,"중기중앙회 ""기준금리 지속적 인상, 건실한 中企 부도 위기 처할것""",2022-07-14,https://view.asiae.co.kr/article/2022071407143765661
2022-07,토픽6,온라인 플랫폼·디지털 지원,"메뉴톡 태블릿 메뉴판, 다양한 업종과 가맹 계약 체결",2022-07-19,https://view.asiae.co.kr/article/2022071909555619259
2022-07,토픽6,온라인 플랫폼·디지털 지원,"쿠팡이츠 ""입점 전통시장 점포 매출 1년 사이 435%↑""",2022-07-29,https://view.asiae.co.kr/article/2022072908582674027
2022-07,토픽6,온라인 플랫폼·디지털 지원,"카카오페이 ""QR체크인 단말기로 자체 멤버십 운영하세요""",2022-07-05,https://view.asiae.co.kr/article/2022070509363859584
2022-07,토픽6,온라인 플랫폼·디지털 지원,"핀다, 상권 분석 플랫폼 '오픈업' 인수 소상공인 맞춤형 대출 공략",2022-07-27,https://view.asiae.co.kr/article/2022072708405272737
2022-07,토픽6,온라인 플랫폼·디지털 지원,강남구 소상공인 라이브커머스 '강남 夏夏夏 특별전’ 네이버 쇼핑라이브로 1만3500명 시청,2022-07-23,https://view.asiae.co.kr/article/2022072323490030320
2022-07,토픽7,상생협력·중소기업 지원,"한진, ESG 보고서 첫 발간 ""친환경 물류체계 구축""",2022-07-11,https://view.asiae.co.kr/article/2022071109084253416
2022-07,토픽7,상생협력·중소기업 지원,"상인 건강 증진에서 청소년 상담까지!  동명대 시각디자인학과 등 6개 학과, 5개 기관에 재능기부 활발",2022-07-25,https://view.asiae.co.kr/article/2022072514445643706
2022-07,토픽7,상생협력·중소기업 지원,"KOTRA, 지자체와 지방 中企 수출지원 협력 교류회",2022-07-08,https://view.asiae.co.kr/article/2022070813281265195
2022-07,토픽7,상생협력·중소기업 지원,"경북 청송군, 올해 전국 지방자치단체 일자리대상 우수상 수상",2022-07-22,https://view.asiae.co.kr/article/2022072213353460408
2022-07,토픽7,상생협력·중소기업 지원,"중기부 5주년 이영 장관 ""민간주도 혁신성장 이끌 것""",2022-07-26,https://view.asiae.co.kr/article/2022072616134481333
2022-08,토픽0,정치권 재난·위기 재정대응,"김동연 ""지역화폐 지원예산 전액 삭감 대단히 유감""",2022-08-31,https://view.asiae.co.kr/article/2022083111381540273
2022-08,토픽0,정치권 재난·위기 재정대응,"尹 ""1기신도시 마스터플랜 제대로 설명 안돼 국민께 정책 잘 전달돼야""",2022-08-22,https://view.asiae.co.kr/article/2022082216072390827
2022-08,토픽0,정치권 재난·위기 재정대응,"""종부세, 협조해야""vs""과도한 욕심 내지 말아야"" 권성동-이재명 첫 회동서 신경전",2022-08-31,https://view.asiae.co.kr/article/2022083114433496220
2022-08,토픽0,정치권 재난·위기 재정대응,"대통령실, 수해복구에 ""재정 세제 금융 총망라 추경 필요하지 않다""",2022-08-11,https://view.asiae.co.kr/article/2022081117060574679
2022-08,토픽0,정치권 재난·위기 재정대응,"당정, 수해 피해지역 특별재난지역 선포 적극검토 ""총력 대응할 것""(종합)",2022-08-10,https://view.asiae.co.kr/article/2022081016153231731
2022-08,토픽1,은행·금융권 소상공인 지원,"우리금융 ""취약계층 지원에 3년간 23조원 투입""",2022-08-17,https://view.asiae.co.kr/article/2022081709100999708
2022-08,토픽1,은행·금융권 소상공인 지원,"5대 은행 기업대출, 올해만 46조원 증가",2022-08-02,https://view.asiae.co.kr/article/2022080209191756680
2022-08,토픽1,은행·금융권 소상공인 지원,"[Q&A]소상공인 저금리 대환, 사업자대출만 가능",2022-08-10,https://view.asiae.co.kr/article/2022081010403364885
2022-08,토픽1,은행·금융권 소상공인 지원,"소상공인 7% 이상 고금리 대출, 최대 6.5% 은행 대출로 갈아탄다",2022-08-10,https://view.asiae.co.kr/article/2022081011315958563
2022-08,토픽1,은행·금융권 소상공인 지원,희망플러스 신용대출 한도 대상 확대 3000만원 손실보전금 수급자까지,2022-08-08,https://view.asiae.co.kr/article/2022080809213764876
2022-08,토픽2,코로나 방역·지자체 행정,"나주시, 민선 8기 첫 추경안 편성 2293억원 증액",2022-08-22,https://view.asiae.co.kr/article/2022082210165804435
2022-08,토픽2,코로나 방역·지자체 행정,"수원시, 4822억 추경 편성",2022-08-18,https://view.asiae.co.kr/article/2022081814573445593
2022-08,토픽2,코로나 방역·지자체 행정,"인천시, 1조7천억 추경 편성 민생경제 회복 및 원도심 균형발전 집중",2022-08-16,https://view.asiae.co.kr/article/2022081615304051471
2022-08,토픽2,코로나 방역·지자체 행정,"거창군, 제2회 추경예산안 총 8454억원 편성",2022-08-12,https://view.asiae.co.kr/article/2022081213533257930
2022-08,토픽2,코로나 방역·지자체 행정,"순천시, 민선 8기 제2회 추경 1조 7125억원 확정",2022-08-29,https://view.asiae.co.kr/article/2022082915084137625
2022-08,토픽3,최저임금·노사 협상,[포토]문헌일 구로구청장 16개 동 순방 나서,2022-08-29,https://view.asiae.co.kr/article/2022082914362122430
2022-08,토픽3,최저임금·노사 협상,"정부, 내년 최저임금 9620원 고시 주40시간 근무시 201만원",2022-08-05,https://view.asiae.co.kr/article/2022080509264836703
2022-08,토픽3,최저임금·노사 협상,[초동시각] 악마는 디테일에 있다,2022-08-23,https://view.asiae.co.kr/article/2022082211150270824
2022-08,토픽3,최저임금·노사 협상,"내년 최저임금 9620원 확정에 소공연 ""제도개선 운동 돌입""",2022-08-06,https://view.asiae.co.kr/article/2022080621405660961
2022-08,토픽3,최저임금·노사 협상,박강수 마포구청장 홍대 활성화 청사진 제시...내용?,2022-08-13,https://view.asiae.co.kr/article/2022081315493267621
2022-08,토픽4,지역화폐·소비쿠폰,용산구 관악구 전통시장 제수용품할인 상품권 증정 등 추석명절 이벤트,2022-08-31,https://view.asiae.co.kr/article/2022083106542426620
2022-08,토픽4,지역화폐·소비쿠폰,"여수시, 일상회복지원금 30만원 이달 29일부터 지급",2022-08-22,https://view.asiae.co.kr/article/2022082213420827116
2022-08,토픽4,지역화폐·소비쿠폰,"“창원사랑상품권 구입하세요” 창원시, 추석맞이 450억원 확대 발행",2022-08-25,https://view.asiae.co.kr/article/2022082514132395934
2022-08,토픽4,지역화폐·소비쿠폰,올 추석 장보기는 ‘경남사랑상품권 경남e지’로!,2022-08-25,https://view.asiae.co.kr/article/2022082518491391440
2022-08,토픽4,지역화폐·소비쿠폰,"“고성사랑상품권 구입하세요”  고성군, 추석 명절맞이 확대 발행",2022-08-31,https://view.asiae.co.kr/article/2022083110534267397
2022-08,토픽5,물가·민생 거시대책,"'추석 물가 잡기' 서울시, 추석성수품 9종 공급물량 110%로 늘린다",2022-08-30,https://view.asiae.co.kr/article/2022082916524546219
2022-08,토픽5,물가·민생 거시대책,"[포토]정부, 추석 전 주요 물품 가격 1년 전 수준으로 관리",2022-08-29,https://view.asiae.co.kr/article/2022082915431319409
2022-08,토픽5,물가·민생 거시대책,"[포토]정부, 추석 앞두고 주요 물품 가격 1년 전 수준으로 관리",2022-08-29,https://view.asiae.co.kr/article/2022082915451545437
2022-08,토픽5,물가·민생 거시대책,"[포토]정부, 추석 전 주요 물품 가격 1년 전 수준으로",2022-08-29,https://view.asiae.co.kr/article/2022082915443631680
2022-08,토픽5,물가·민생 거시대책,[포토]돈육-계육 선물세트 한가득,2022-08-29,https://view.asiae.co.kr/article/2022082915434122145
2022-08,토픽6,온라인 플랫폼·디지털 지원,"LGU+, 보안 기능 강화된 기업전용 인터넷 요금제 출시",2022-08-03,https://view.asiae.co.kr/article/2022080309493845606
2022-08,토픽6,온라인 플랫폼·디지털 지원,"KT, AI 통화비서 더 편리해졌다 예약 기능 자동화",2022-08-12,https://view.asiae.co.kr/article/2022081208492059413
2022-08,토픽6,온라인 플랫폼·디지털 지원,"""추석 차례상 비용, 전통시장이 대형마트보다 6만7000원 저렴""",2022-08-30,https://view.asiae.co.kr/article/2022083010135072507
2022-08,토픽6,온라인 플랫폼·디지털 지원,"카카오 ‘소신상인 프로젝트', 소상공인 디지털 마케팅 지원 나선다",2022-08-03,https://view.asiae.co.kr/article/2022080309502451089
2022-08,토픽6,온라인 플랫폼·디지털 지원,"수천억대 스타트업 투자는 이제 옛말 ""M&A 트렌드 바뀌어""",2022-08-27,https://view.asiae.co.kr/article/2022082711084693838
2022-08,토픽7,상생협력·중소기업 지원,"성동구, 유망 소셜벤처 3개 사 선발 맞춤형 경영 컨설팅 성공적",2022-08-23,https://view.asiae.co.kr/article/2022082307593484172
2022-08,토픽7,상생협력·중소기업 지원,"㈜두레식품, 중소기업유통센터 ‘전담셀러 매칭지원 사업’ 통해 온라인시장 성공적 진출",2022-08-25,https://view.asiae.co.kr/article/2022082215063072579
2022-08,토픽7,상생협력·중소기업 지원,"이영 ""중소벤처 주도의 따뜻한 디지털 경제 실현할 것""(종합)",2022-08-30,https://view.asiae.co.kr/article/2022083015265831576
2022-08,토픽7,상생협력·중소기업 지원,"이영 ""중소벤처 주도의 따뜻한 디지털 경제 실현할 것""",2022-08-30,https://view.asiae.co.kr/article/2022083015122779870
2022-08,토픽7,상생협력·중소기업 지원,"기보, '7일간의 동행축제' 성공개최 위해 적극 동참",2022-08-25,https://view.asiae.co.kr/article/2022082510002873626
2022-09,토픽0,정치권 재난·위기 재정대응,경기도 청년기본소득 9월1일부터 3분기 접수 분기당 25만원,2022-09-01,https://view.asiae.co.kr/article/2022090107074508396
2022-09,토픽0,정치권 재난·위기 재정대응,"막 오른 정기국회 100일 레이스 여야 '민생 입법' 강조에도, 쟁점 사안 격돌 예고",2022-09-10,https://view.asiae.co.kr/article/2022091012062923414
2022-09,토픽0,정치권 재난·위기 재정대응,"당정, 스토킹 반의사불벌죄 삭제 추진 처벌법 강화(종합)",2022-09-25,https://view.asiae.co.kr/article/2022092515104798346
2022-09,토픽0,정치권 재난·위기 재정대응,'법인세'vs'노란봉투법' 여야 사활건 법안전쟁,2022-09-01,https://view.asiae.co.kr/article/2022090109225127085
2022-09,토픽0,정치권 재난·위기 재정대응,"강원도, 추석 전 '호우 피해 지원금' 지급",2022-09-05,https://view.asiae.co.kr/article/2022090510563877603
2022-09,토픽1,은행·금융권 소상공인 지원,포용금융 확대하는 인터넷은행들,2022-09-12,https://view.asiae.co.kr/article/2022091217321993953
2022-09,토픽1,은행·금융권 소상공인 지원,"소상공인 만기연장, 새출발기금과 같이 간다...최장 3년",2022-09-22,https://view.asiae.co.kr/article/2022092210002100773
2022-09,토픽1,은행·금융권 소상공인 지원,"[무너지는 자영업자] 원금감면, 금리인하 은행들 지원책 속속",2022-09-05,https://view.asiae.co.kr/article/2022090109024001064
2022-09,토픽1,은행·금융권 소상공인 지원,'자영업자 소상공인 저금리 대환보증' 오늘부터 접수 시작,2022-09-30,https://view.asiae.co.kr/article/2022093010402504244
2022-09,토픽1,은행·금융권 소상공인 지원,"금융위, 코로나 피해 소상공인 채무 '3년 만기연장 1년 상환유예'",2022-09-27,https://view.asiae.co.kr/article/2022092617361292198
2022-09,토픽2,코로나 방역·지자체 행정,"강진군, 민선8기 신설팀 업무보고회 개최",2022-09-06,https://view.asiae.co.kr/article/2022090615381708606
2022-09,토픽2,코로나 방역·지자체 행정,"경기도, 6282억원 규모 제2회 추경 편성",2022-09-08,https://view.asiae.co.kr/article/2022090811534504211
2022-09,토픽2,코로나 방역·지자체 행정,'지출 효율화' 지자체에 인센티브 20%↑ 지방공기업 부채비율은 34→30%로 개선,2022-09-26,https://view.asiae.co.kr/article/2022092615412118377
2022-09,토픽2,코로나 방역·지자체 행정,"광주 서구, 민선 8기 첫 추가경정예산안 7938억원 편성",2022-09-06,https://view.asiae.co.kr/article/2022090615165727383
2022-09,토픽2,코로나 방역·지자체 행정,"용인시, 민선8기 첫 추경 3360억 편성",2022-09-14,https://view.asiae.co.kr/article/2022091407584283734
2022-09,토픽3,최저임금·노사 협상,신촌 연세로 차량 통행 정상화 여론 높다,2022-09-02,https://view.asiae.co.kr/article/2022090214464736304
2022-09,토픽3,최저임금·노사 협상,금천구 빛낸 명예구민 찾습니다,2022-09-15,https://view.asiae.co.kr/article/2022091506430340775
2022-09,토픽3,최저임금·노사 협상,'취임 100일' 문헌일 구로구청장 “지금부터 진짜 시작”,2022-09-30,https://view.asiae.co.kr/article/2022093007415356750
2022-09,토픽3,최저임금·노사 협상,"尹, 취임 100일 이후 '인적쇄신 민생 방문↑' '도어스테핑↓'",2022-09-04,https://view.asiae.co.kr/article/2022090413480503382
2022-09,토픽3,최저임금·노사 협상,"이철 전남도의회 경관위원장, 소상공인 지원 논의",2022-09-26,https://view.asiae.co.kr/article/2022092611481070563
2022-09,토픽4,지역화폐·소비쿠폰,"광주 서구, 음식점 대상 ‘음식문화 개선사업’ 실시",2022-09-13,https://view.asiae.co.kr/article/2022091313415957775
2022-09,토픽4,지역화폐·소비쿠폰,성북사랑상품권 30일 110억 원 어치 추가 발행,2022-09-27,https://view.asiae.co.kr/article/2022092714521122988
2022-09,토픽4,지역화폐·소비쿠폰,이승로 성북구청장 추석 앞두고 전통시장 살리기 나서,2022-09-02,https://view.asiae.co.kr/article/2022090207582870715
2022-09,토픽4,지역화폐·소비쿠폰,"무안군, 무안사랑상품권 발행액 1000억원 돌파",2022-09-20,https://view.asiae.co.kr/article/2022092011093393831
2022-09,토픽4,지역화폐·소비쿠폰,"창원사랑상품권 1억 기탁  경남은행, 창원시에 추석 맞아 전달",2022-09-05,https://view.asiae.co.kr/article/2022090511370832444
2022-09,토픽5,물가·민생 거시대책,"기재차관 ""고용지표 증가폭 둔화될 것 경기 불확실성 확대""",2022-09-16,https://view.asiae.co.kr/article/2022091608491207897
2022-09,토픽5,물가·민생 거시대책,"강원도, '추석 물가안정' 집중 관리",2022-09-07,https://view.asiae.co.kr/article/2022090708493515212
2022-09,토픽5,물가·민생 거시대책,"중기연구원 ""기준금리 3%로 인상 시 소상공인 6만명 추가 도산 위기""",2022-09-28,https://view.asiae.co.kr/article/2022092816334826744
2022-09,토픽5,물가·민생 거시대책,"태풍에 망가진 온실 복구, ‘풍수해보험’으로 해결하세요!",2022-09-22,https://view.asiae.co.kr/article/2022092211393070305
2022-09,토픽5,물가·민생 거시대책,"[초동시각] 中企, 위로받자는 게 아닙니다",2022-09-22,https://view.asiae.co.kr/article/2022092113531064329
2022-09,토픽6,온라인 플랫폼·디지털 지원,"KT, 테이블매니저에 20억원 투자 'AI통화비서' 고도화",2022-09-25,https://view.asiae.co.kr/article/2022092510273542601
2022-09,토픽6,온라인 플랫폼·디지털 지원,[유통핫피플] 팔릴까 했던 전기차 바이크 추석선물로 잘 나갑니다,2022-09-02,https://view.asiae.co.kr/article/2022090108065535875
2022-09,토픽6,온라인 플랫폼·디지털 지원,[부고] 이동철(NH투자증권 안산WM센터장)씨 장모상,2022-09-15,https://view.asiae.co.kr/article/2022091515253621218
2022-09,토픽6,온라인 플랫폼·디지털 지원,빠른 배송만이 답? 새벽배송 대신 퀵커머스 판 커지는 이유,2022-09-07,https://view.asiae.co.kr/article/2022090614503380999
2022-09,토픽6,온라인 플랫폼·디지털 지원,서울 '제로배달 유니온' 출범 2년 가맹점 2배 매출 6배↑,2022-09-21,https://view.asiae.co.kr/article/2022092107065873861
2022-09,토픽7,상생협력·중소기업 지원,"중기부, 제주에 '신사업창업사관학교' 개소",2022-09-27,https://view.asiae.co.kr/article/2022092713162955129
2022-09,토픽7,상생협력·중소기업 지원,소진공 추석맞이 사회공헌활동 나서 아이스팩 나눔행사 등 진행,2022-09-05,https://view.asiae.co.kr/article/2022090508115656208
2022-09,토픽7,상생협력·중소기업 지원,"차동형 석유관리원 이사장 ""디지털 전환 통한 경영혁신""",2022-09-06,https://view.asiae.co.kr/article/2022090515413914941
2022-09,토픽7,상생협력·중소기업 지원,"공영홈쇼핑 조성호 대표, ‘대한민국 브랜드대상’ 최고경영자상 수상",2022-09-16,https://view.asiae.co.kr/article/2022091614140286651
2022-09,토픽7,상생협력·중소기업 지원,"“소상공인도 크리에이터 이코노미” 중기부, 기업가형 소상공인 육성",2022-09-23,https://view.asiae.co.kr/article/2022092311510905106
2022-10,토픽0,정치권 재난·위기 재정대응,"[2022 국감] 김동연 ""지역화폐 삭감, 비목까지 없앤 건 극히 이례적""",2022-10-18,https://view.asiae.co.kr/article/2022101813262967720
2022-10,토픽0,정치권 재난·위기 재정대응,"野 ""김범수 의장, 국감 증인 채택돼야 與, 김건희 여사 때문에 반대하나?""",2022-10-17,https://view.asiae.co.kr/article/2022101711172565654
2022-10,토픽0,정치권 재난·위기 재정대응,"野 1200명 모였던 그 계단서 ""정쟁 말고 소상공인 보호"" 巨野 비판",2022-10-28,https://view.asiae.co.kr/article/2022102815293874624
2022-10,토픽0,정치권 재난·위기 재정대응,태풍 '힌남노' 피해 복구비 7802억원 확정 주택 소상공인 피해 지원금도 ↑,2022-10-21,https://view.asiae.co.kr/article/2022102115513706830
2022-10,토픽0,정치권 재난·위기 재정대응,"대전시, 올해 전기차 672대 보조금 추가 지원",2022-10-17,https://view.asiae.co.kr/article/2022101712342283284
2022-10,토픽1,은행·금융권 소상공인 지원,취약층 돕겠다던 5대 은행 '중 저신용자 대출은 2년전 그대로',2022-10-18,https://view.asiae.co.kr/article/2022101711005980716
2022-10,토픽1,은행·금융권 소상공인 지원,"신용보증기금, ‘자영업자 소상공인 저금리 대환보증’ 상시 신청 가능",2022-10-28,https://view.asiae.co.kr/article/2022102809495896837
2022-10,토픽1,은행·금융권 소상공인 지원,"IBK기업은행, 3분기 순익 7963억원 전년 동기比 30% 증가",2022-10-26,https://view.asiae.co.kr/article/2022102615511939305
2022-10,토픽1,은행·금융권 소상공인 지원,"신한은행, 기업 포괄 채무조정 프로그램 신설 가계채무조정도 확대",2022-10-04,https://view.asiae.co.kr/article/2022100409471206632
2022-10,토픽1,은행·금융권 소상공인 지원,"기업대출 잔액, 가계대출 '역전' 코 앞 금리도 앞질렀다",2022-10-11,https://view.asiae.co.kr/article/2022100710145705714
2022-10,토픽2,코로나 방역·지자체 행정,"목포시, 청년이 돌아오는 목포 건설 본격화",2022-10-26,https://view.asiae.co.kr/article/2022102612203887917
2022-10,토픽2,코로나 방역·지자체 행정,"강기정 광주시장 ""산업 키우고 문화 넓히고 돌봄은 두텁게""",2022-10-06,https://view.asiae.co.kr/article/2022100613595221011
2022-10,토픽2,코로나 방역·지자체 행정,임택 광주 동구청장 “재미 감동 머물고 싶은 도시 조성” 총력,2022-10-04,https://view.asiae.co.kr/article/2022100411381271511
2022-10,토픽2,코로나 방역·지자체 행정,"경기도, 1기 신도시 재정비위한 주민 소통 강화",2022-10-26,https://view.asiae.co.kr/article/2022102608382973268
2022-10,토픽2,코로나 방역·지자체 행정,민선 8기 취임 100일 문인 북구청장 “북구 르네상스 완성하겠다”,2022-10-05,https://view.asiae.co.kr/article/2022100516153554389
2022-10,토픽3,최저임금·노사 협상,"세종시, BRT역세권 금강수변 상가 용도제한 ‘완화’",2022-10-20,https://view.asiae.co.kr/article/2022102015531957382
2022-10,토픽3,최저임금·노사 협상,아이 자존감 길러주는 방법?...아이와 소통하는 비법?,2022-10-19,https://view.asiae.co.kr/article/2022101914343213313
2022-10,토픽3,최저임금·노사 협상,"동대문구, 재건축 재개발 추진위 생략 조합 설립 직행",2022-10-27,https://view.asiae.co.kr/article/2022102714034891696
2022-10,토픽3,최저임금·노사 협상,조성명 강남구청장 수해 현장 다시 찾는 까닭?,2022-10-05,https://view.asiae.co.kr/article/2022100507193282646
2022-10,토픽3,최저임금·노사 협상,용산구 이태원지구촌축제 부활 ...서대문구 ‘Let’s Run Again‘ 페스티벌 개최,2022-10-06,https://view.asiae.co.kr/article/2022100607305095897
2022-10,토픽4,지역화폐·소비쿠폰,‘울산 세일’ 팡파르  코리아세일페스타 맞춰 울산몰 울산페달 활짝,2022-10-28,https://view.asiae.co.kr/article/2022102808591777265
2022-10,토픽4,지역화폐·소비쿠폰,"산청군, 제로페이 활성화 ‘경품’ 이벤트 실시  ‘산청사랑상품권’ 지급",2022-10-11,https://view.asiae.co.kr/article/2022101110431007804
2022-10,토픽4,지역화폐·소비쿠폰,"장성군, 소상공인 ‘점포 임대료’ 지원 최대 400만 원",2022-10-17,https://view.asiae.co.kr/article/2022101709263346592
2022-10,토픽4,지역화폐·소비쿠폰,20％ 반값 할인 빵빵  ‘경남 세일페스타’ 11월 1일 개막,2022-10-31,https://view.asiae.co.kr/article/2022103113293916850
2022-10,토픽4,지역화폐·소비쿠폰,"창원특례시 창원상공회의소, 2022 창원 e페스타 향한 첫발 떼다",2022-10-20,https://view.asiae.co.kr/article/2022102013370942901
2022-10,토픽5,물가·민생 거시대책,"[기준금리3%]한은 ""인상 기조 이어나가야 내년 성장률은 전망치 하회""",2022-10-12,https://view.asiae.co.kr/article/2022101211094616651
2022-10,토픽5,물가·민생 거시대책,"中企업계 ""기준금리 인상 심각한 우려 과도한 대출금리 인상 자제를""",2022-10-12,https://view.asiae.co.kr/article/2022101210234681943
2022-10,토픽5,물가·민생 거시대책,"[2022 국감]이창용 ""고물가 고착 막기 위해 금리인상 기조 계속""",2022-10-07,https://view.asiae.co.kr/article/2022100710345835357
2022-10,토픽5,물가·민생 거시대책,"경남도, 1인 자영업자에 고용 산재보험 3년간 지원",2022-10-17,https://view.asiae.co.kr/article/2022101715054318577
2022-10,토픽5,물가·민생 거시대책,"방기선 ""금리 인상 따른 취약차주 맞춤형 금융 지원책 차질없이 이행""",2022-10-13,https://view.asiae.co.kr/article/2022101308302664940
2022-10,토픽6,온라인 플랫폼·디지털 지원,'상품군' 단위 고객 문의도 AI가 네이버 '클로바 라이브챗' 기능 확대,2022-10-21,https://view.asiae.co.kr/article/2022102109095999872
2022-10,토픽6,온라인 플랫폼·디지털 지원,"CJ대한통운, 중소 셀러용 간편 견적 시스템 오픈",2022-10-12,https://view.asiae.co.kr/article/2022101209033221589
2022-10,토픽6,온라인 플랫폼·디지털 지원,"기아, CJ프레시웨이와 식자재 유통 혁신 위한 PBV 개발 및 공급 MOU",2022-10-21,https://view.asiae.co.kr/article/2022102111205493416
2022-10,토픽6,온라인 플랫폼·디지털 지원,"온라인 소상공인 매출 20배 올리는 방법, 빅데이터에 있다",2022-10-03,https://view.asiae.co.kr/article/2022092610213009040
2022-10,토픽6,온라인 플랫폼·디지털 지원,"LGU+, 'U+메시지허브이지' 중기 소상공인 버전 선봬",2022-10-17,https://view.asiae.co.kr/article/2022101711512214887
2022-10,토픽7,상생협력·중소기업 지원,"이영 장관 ""新 성장엔진 '여성기업' 가동해야 한국경제 미래 있다""",2022-10-26,https://view.asiae.co.kr/article/2022102614425375692
2022-10,토픽7,상생협력·중소기업 지원,중기부 창업벤처혁신실장에 임정욱 스타트업얼라이언스 전 센터장,2022-10-17,https://view.asiae.co.kr/article/2022101709085329770
2022-10,토픽7,상생협력·중소기업 지원,41개 '아기유니콘' 새로 태어났어요,2022-10-30,https://view.asiae.co.kr/article/2022102917475406851
2022-10,토픽7,상생협력·중소기업 지원,"박성효 소진공 이사장 ""공단 혁신과 소상공인 성장에 역량 집중할 것""",2022-10-27,https://view.asiae.co.kr/article/2022102712480165947
2022-10,토픽7,상생협력·중소기업 지원,"한진, '로지덕스 서포터즈 2기' 발대식 개최 물류 지식 공유 확산",2022-10-04,https://view.asiae.co.kr/article/2022100409332062727
2022-11,토픽0,정치권 재난·위기 재정대응,전액 삭감된 '지역화폐' 예산 사수 나선 野 '정부 지원 필요 73%' 여론조사 공개,2022-11-16,https://view.asiae.co.kr/article/2022111616345856692
2022-11,토픽0,정치권 재난·위기 재정대응,"野 ""초부자감세 철회 민생예산 증액 불법예산 철회한다면, 법정시한 내 예산안 처리""",2022-11-30,https://view.asiae.co.kr/article/2022113011161648644
2022-11,토픽0,정치권 재난·위기 재정대응,"KT도 1년 걸렸다 보상 시작한 카카오, ‘산 넘어 산’",2022-11-14,https://view.asiae.co.kr/article/2022111410181352417
2022-11,토픽0,정치권 재난·위기 재정대응,서울시 '4차 미세먼지 계절관리제' 시행 4대 분야 14개 미세먼지 저감 추진,2022-11-30,https://view.asiae.co.kr/article/2022113008513907618
2022-11,토픽0,정치권 재난·위기 재정대응,"與, '카카오 사태' 소상공인 육성 청취 '피해보상 플랫폼' 구성",2022-11-10,https://view.asiae.co.kr/article/2022111013564169768
2022-11,토픽1,은행·금융권 소상공인 지원,"토스뱅크, '은행 최초' 중저신용자 대출 40% 돌파",2022-11-21,https://view.asiae.co.kr/article/2022112108522438106
2022-11,토픽1,은행·금융권 소상공인 지원,"BNK경남은행, 서민 취약계층 지원 강화 나서",2022-11-08,https://view.asiae.co.kr/article/2022110813462693761
2022-11,토픽1,은행·금융권 소상공인 지원,"캠코-서민금융진흥원, 금융취약계층 재기지원 업무협약",2022-11-23,https://view.asiae.co.kr/article/2022112311252128591
2022-11,토픽1,은행·금융권 소상공인 지원,돈 덜 빌려도 될줄 알았는데 올해 中企 대출 44兆 증가,2022-11-04,https://view.asiae.co.kr/article/2022110409233977769
2022-11,토픽1,은행·금융권 소상공인 지원,"""좀비기업 증가"" 기업대출 금리, 가계대출보다 높아져",2022-11-30,https://view.asiae.co.kr/article/2022112914331482677
2022-11,토픽2,코로나 방역·지자체 행정,"강기정 광주시장 ""버팀목 디딤돌 역할로 기회 도시 여정에 속도 낼 것""",2022-11-28,https://view.asiae.co.kr/article/2022112815291407922
2022-11,토픽2,코로나 방역·지자체 행정,"경북도, 내년도 예산안 12조821억 편성  올해보다 7.4% 증액",2022-11-10,https://view.asiae.co.kr/article/2022111015364453389
2022-11,토픽2,코로나 방역·지자체 행정,"세종시, 착한임대인 재산세 ‘6300만원’ 감면",2022-11-15,https://view.asiae.co.kr/article/2022111510520155199
2022-11,토픽2,코로나 방역·지자체 행정,"충남, 내년 본예산 9.8조원 편성 올해보다 5.4%↑",2022-11-04,https://view.asiae.co.kr/article/2022110413430638000
2022-11,토픽2,코로나 방역·지자체 행정,"박완수 경남지사 “우주항공청 관련 법안, 연내 마련할 것”",2022-11-30,https://view.asiae.co.kr/article/2022113015285272099
2022-11,토픽3,최저임금·노사 협상,"오언석 도봉구청장, 도봉기업 위한 중소기업 현장 대화",2022-11-22,https://view.asiae.co.kr/article/2022112207045852651
2022-11,토픽3,최저임금·노사 협상,"[서울의 미래]모종린 교수 ""일하고 살고 노는, 브랜드 동네 만들어야""",2022-11-16,https://view.asiae.co.kr/article/2022111616124359683
2022-11,토픽3,최저임금·노사 협상,"오세훈, 대한상의 등 경제협단체와 연쇄 간담회 기업애로 청취",2022-11-28,https://view.asiae.co.kr/article/2022112807240803841
2022-11,토픽3,최저임금·노사 협상,"중기중앙회, 오세훈 서울시장 초청 간담회 개최",2022-11-29,https://view.asiae.co.kr/article/2022112909170598116
2022-11,토픽3,최저임금·노사 협상,영등포구 ‘문화 1호선’ 추진...왜?,2022-11-21,https://view.asiae.co.kr/article/2022112107325273912
2022-11,토픽4,지역화폐·소비쿠폰,"인천시, 골목상권 활성화에 2억4천만원 지원 12곳 선정",2022-11-14,https://view.asiae.co.kr/article/2022111411555445003
2022-11,토픽4,지역화폐·소비쿠폰,"영광사랑상품권, 내년 1월까지 10% 할인 판매 실시",2022-11-30,https://view.asiae.co.kr/article/2022113013583818289
2022-11,토픽4,지역화폐·소비쿠폰,749억 규모 '서울사랑상품권' 6개구서 추가 발행 12월에도 1000억 규모 발행,2022-11-02,https://view.asiae.co.kr/article/2022110207530744161
2022-11,토픽4,지역화폐·소비쿠폰,100억 규모 성동사랑상품권 발행... 100억 규모 광진사랑상품권 발행,2022-11-24,https://view.asiae.co.kr/article/2022112407354319284
2022-11,토픽4,지역화폐·소비쿠폰,"함양군, 경남서 유일 지역상권 활성화 공모사업 선정  5년간 최대 60억원 지원받아",2022-11-24,https://view.asiae.co.kr/article/2022112419070478744
2022-11,토픽5,물가·민생 거시대책,"중기부, 복합위기 장기화 대응 위한 긴급회의",2022-11-03,https://view.asiae.co.kr/article/2022110315062776966
2022-11,토픽5,물가·민생 거시대책,"국회 산자위, 납품단가연동제 한전채 발행 확대법 통과",2022-11-24,https://view.asiae.co.kr/article/2022112417312726358
2022-11,토픽5,물가·민생 거시대책,"중기부, 복합위기 장기화 대응 TF 2차 전체회의",2022-11-28,https://view.asiae.co.kr/article/2022112808535494834
2022-11,토픽5,물가·민생 거시대책,광주 서구 ‘풍수해보험’ 가입 당부 보험료 최대 92% 지원,2022-11-02,https://view.asiae.co.kr/article/2022110215272581744
2022-11,토픽5,물가·민생 거시대책,코로나19 유행으로 소비 고용 악화 의료이용도 ↓,2022-11-28,https://view.asiae.co.kr/article/2022112811485489414
2022-11,토픽6,온라인 플랫폼·디지털 지원,"페이히어, 포스와 실시간 연동 테이블 오더 웨이팅 출시",2022-11-30,https://view.asiae.co.kr/article/2022113008240481728
2022-11,토픽6,온라인 플랫폼·디지털 지원,"카카오페이, 중국서 결제 서비스 시작한다",2022-11-07,https://view.asiae.co.kr/article/2022110714585622082
2022-11,토픽6,온라인 플랫폼·디지털 지원,"BC카드, 유니온페이와 맞손 국내 소상공인 대상 글로벌 결제 서비스",2022-11-15,https://view.asiae.co.kr/article/2022111509323873881
2022-11,토픽6,온라인 플랫폼·디지털 지원,"롯데온, 슈퍼서울위크 참여 인기 상품 최대 20% 할인",2022-11-11,https://view.asiae.co.kr/article/2022111017163021215
2022-11,토픽6,온라인 플랫폼·디지털 지원,"카카오, 전국 10개 전통시장서 ‘우리동네 단골시장 프로젝트’",2022-11-09,https://view.asiae.co.kr/article/2022110910002227326
2022-11,토픽7,상생협력·중소기업 지원,"롯데온, '동반성장 유공 포상' 중기부 장관표창",2022-11-16,https://view.asiae.co.kr/article/2022111615175213632
2022-11,토픽7,상생협력·중소기업 지원,"경기도일자리재단, 올해의 SNS '인스타그램' 비영리부문 최우수상",2022-11-21,https://view.asiae.co.kr/article/2022112114092311446
2022-11,토픽7,상생협력·중소기업 지원,'대한민국 소상공인대회' 내달 2~3일 개최 올해 주제는 혁신 성장,2022-11-30,https://view.asiae.co.kr/article/2022113015191312031
2022-11,토픽7,상생협력·중소기업 지원,"소진공, 전통시장에 ESG경영 도입 친환경 종이테이프 배포",2022-11-25,https://view.asiae.co.kr/article/2022112510032141396
2022-11,토픽7,상생협력·중소기업 지원,"중기벤처연, 근로복지공단 한국테크노파크진흥회와 3자 협약 체결",2022-11-24,https://view.asiae.co.kr/article/2022112416390974439
2022-12,토픽0,정치권 재난·위기 재정대응,"""법정 기한 후 3주"" 국회 예산안 처리 '최장 지각'",2022-12-24,https://view.asiae.co.kr/article/2022122400042867806
2022-12,토픽0,정치권 재난·위기 재정대응,"尹 ""자유민주주의서 '자유 삭제' 주장하는 대규모 세력 존재""",2022-12-21,https://view.asiae.co.kr/article/2022122118582039537
2022-12,토픽0,정치권 재난·위기 재정대응,“8시간 추가연장근로제로 겨우 버틴다” 中企인 100여명 국회서 성토,2022-12-08,https://view.asiae.co.kr/article/2022120721121067371
2022-12,토픽0,정치권 재난·위기 재정대응,"김동연 지사 ""이번 국회예산 보면 부끄럽다 정치적 흥정 개탄""",2022-12-24,https://view.asiae.co.kr/article/2022122414012327918
2022-12,토픽0,정치권 재난·위기 재정대응,"우원식 '분당 우려' 박영선에 ""사리사욕 아닌지 걱정""",2022-12-06,https://view.asiae.co.kr/article/2022120608290126186
2022-12,토픽1,은행·금융권 소상공인 지원,"한용구 신한은행장 ""中企등 취약차주 연착륙 지원 역할""",2022-12-30,https://view.asiae.co.kr/article/2022123012131808291
2022-12,토픽1,은행·금융권 소상공인 지원,운전 노란우산공제 정보 등 활용 우리銀 취약차주 위해 대안신용평가 고도화,2022-12-13,https://view.asiae.co.kr/article/2022121310273946309
2022-12,토픽1,은행·금융권 소상공인 지원,"카카오뱅크, 아름다운재단에 1억 5000만원 기부",2022-12-16,https://view.asiae.co.kr/article/2022121610143768506
2022-12,토픽1,은행·금융권 소상공인 지원,"""핀테크 혁신펀드 규모 1兆로 지원 활성화 방안 마련""",2022-12-20,https://view.asiae.co.kr/article/2022122014485283236
2022-12,토픽1,은행·금융권 소상공인 지원,"[대출? 갈아타!]③정책금융 대환대출, 실효성 논란...자영업자 등골 휜다",2022-12-27,https://view.asiae.co.kr/article/2022122610364866962
2022-12,토픽2,코로나 방역·지자체 행정,"이강덕 포항시장, 내년 시정 ‘세계로 도약하는 환동해 중심도시 포항’ 역점",2022-12-08,https://view.asiae.co.kr/article/2022120815422147530
2022-12,토픽2,코로나 방역·지자체 행정,"중랑구, 개청 이래 최초 예산 1조원 시대 열어",2022-12-01,https://view.asiae.co.kr/article/2022120107175392918
2022-12,토픽2,코로나 방역·지자체 행정,광주 광산구의회 ‘2023년 예산안’ 심사 돌입,2022-12-12,https://view.asiae.co.kr/article/2022121217342732855
2022-12,토픽2,코로나 방역·지자체 행정,"광주 서구, 내년 추진 과제 16개 선정 최종 목표 ‘주민 행복’",2022-12-28,https://view.asiae.co.kr/article/2022122815310873258
2022-12,토픽2,코로나 방역·지자체 행정,"[신년사]유성훈 금천구청장 ""도약의 한 해 될 것""",2022-12-31,https://view.asiae.co.kr/article/2022123111241655305
2022-12,토픽3,최저임금·노사 협상,"서울시, 상가임대차분쟁 '임차인 지침서' 상담사례집 발간",2022-12-21,https://view.asiae.co.kr/article/2022122107351915461
2022-12,토픽3,최저임금·노사 협상,"김동연 지사 ""정부 반(反)노동정책 심각한 우려""",2022-12-15,https://view.asiae.co.kr/article/2022121507200109328
2022-12,토픽3,최저임금·노사 협상,[인사] 광주 북구,2022-12-29,https://view.asiae.co.kr/article/2022122916051572707
2022-12,토픽3,최저임금·노사 협상,"서울시, 369만 중장년 세대 위해 4600억원 투입",2022-12-20,https://view.asiae.co.kr/article/2022122011085887004
2022-12,토픽3,최저임금·노사 협상,동부간선도로 지하화 환경영향평가 주민설명회 광진구서 열려,2022-12-05,https://view.asiae.co.kr/article/2022120507581028343
2022-12,토픽4,지역화폐·소비쿠폰,"영암군, 영암사랑상품권 380억원 발행",2022-12-30,https://view.asiae.co.kr/article/2022123010263620659
2022-12,토픽4,지역화폐·소비쿠폰,"여수시, 여수사랑상품권 설맞이 ‘10%’ 특별할인 판매",2022-12-27,https://view.asiae.co.kr/article/2022122712584446770
2022-12,토픽4,지역화폐·소비쿠폰,"영광군, 23일까지 ‘영광사랑카드 감사 이벤트’ 실시",2022-12-07,https://view.asiae.co.kr/article/2022120714090877545
2022-12,토픽4,지역화폐·소비쿠폰,“소비 촉진이 경제 살려”  ‘창원e-페스타’ 18만여명 참여 이벤트 종료,2022-12-01,https://view.asiae.co.kr/article/2022120115030243570
2022-12,토픽4,지역화폐·소비쿠폰,"광양시, 착한가격업소에 ‘광양사랑상품권’ 지급",2022-12-06,https://view.asiae.co.kr/article/2022120618251677274
2022-12,토픽5,물가·민생 거시대책,"서울시, 내년부터 4등급 경유차 조기폐차 지원",2022-12-23,https://view.asiae.co.kr/article/2022122307424696634
2022-12,토픽5,물가·민생 거시대책,"위기 외친 경제단체장들 손경식 ""16번""",2022-12-30,https://view.asiae.co.kr/article/2022123009550996704
2022-12,토픽5,물가·민생 거시대책,[초동시각]독일 복덕방 할아버지의 쿠데타,2022-12-20,https://view.asiae.co.kr/article/2022122013105617651
2022-12,토픽5,물가·민생 거시대책,"추경호 ""내년 예산 1월 2일부터 집행 상반기 65% 이상 추진""",2022-12-29,https://view.asiae.co.kr/article/2022122909304744762
2022-12,토픽5,물가·민생 거시대책,美 11월 소기업 낙관지수 91.9 전달보다 개선,2022-12-13,https://view.asiae.co.kr/article/2022121320152176890
2022-12,토픽6,온라인 플랫폼·디지털 지원,"'맛집 검색' 더욱 정교해진다 네이버, 로컬검색 개편",2022-12-09,https://view.asiae.co.kr/article/2022120909390314394
2022-12,토픽6,온라인 플랫폼·디지털 지원,"한진, ‘원클릭 택배서비스’ 누적 고객 5만2000개사 돌파",2022-12-28,https://view.asiae.co.kr/article/2022122809215612299
2022-12,토픽6,온라인 플랫폼·디지털 지원,"KCD, 경기지역경제포털에 전국 소상공인 카드 매출 데이터 공급",2022-12-07,https://view.asiae.co.kr/article/2022120709071415628
2022-12,토픽6,온라인 플랫폼·디지털 지원,네이버파이낸셜 '빠른정산' 월 지급액 1조원 돌파,2022-12-15,https://view.asiae.co.kr/article/2022121510053971204
2022-12,토픽6,온라인 플랫폼·디지털 지원,책 리뷰 스타트업이 ‘800억원 간편식 플랫폼’이 된 이유는?,2022-12-19,https://view.asiae.co.kr/article/2022121907005077474
2022-12,토픽7,상생협력·중소기업 지원,"공영홈쇼핑, 제27회 한국유통대상 국무총리표창 수상",2022-12-16,https://view.asiae.co.kr/article/2022121611433594666
2022-12,토픽7,상생협력·중소기업 지원,"코레일, ‘전통시장 상생활동 최우수기관’ 선정",2022-12-06,https://view.asiae.co.kr/article/2022120613491305369
2022-12,토픽7,상생협력·중소기업 지원,"DMC산학진흥재단-디엠씨코넷, DIC2022 창업경진대회 성료",2022-12-12,https://view.asiae.co.kr/article/2022121208553566178
2022-12,토픽7,상생협력·중소기업 지원,"소진공, 2022년 소상공인 창업 성장주간 개최",2022-12-09,https://view.asiae.co.kr/article/2022120915073876157
2022-12,토픽7,상생협력·중소기업 지원,"배민, '한겨울의 동행축제 윈 윈터 페스티벌' 참여",2022-12-16,https://view.asiae.co.kr/article/2022121609034923600
2023-01,토픽0,정치권 재난·위기 재정대응,"경기도, 4차 미세먼지 계절관리제 시행 첫달 5등급 차량 운행 적발 58% 감소",2023-01-17,https://view.asiae.co.kr/article/2023011708123760392
2023-01,토픽0,정치권 재난·위기 재정대응,"카카오, 소상공인 대상 피해 지원금 지급 절차 시작",2023-01-30,https://view.asiae.co.kr/article/2023013015113298610
2023-01,토픽0,정치권 재난·위기 재정대응,"尹,법무부 공정위 법제처에 ""헌법가치 수호해야""",2023-01-26,https://view.asiae.co.kr/article/2023012610443443660
2023-01,토픽0,정치권 재난·위기 재정대응,"대통령실, 첫 국민제안 보고서 발간 2만4788건 답변",2023-01-12,https://view.asiae.co.kr/article/2023011211415695781
2023-01,토픽0,정치권 재난·위기 재정대응,"""8시간 연장근로 막혀 일감 포기 파산할 위기""",2023-01-09,https://view.asiae.co.kr/article/2023010910205795450
2023-01,토픽1,은행·금융권 소상공인 지원,"NH농협은행 ""중소기업 이자 부담 완화, 적극 지원""",2023-01-26,https://view.asiae.co.kr/article/2023012617180689741
2023-01,토픽1,은행·금융권 소상공인 지원,"성남시, 소상공인에 130억 특례보증 지원",2023-01-27,https://view.asiae.co.kr/article/2023012713254573001
2023-01,토픽1,은행·금융권 소상공인 지원,국내은행 원화 대출 연체율 0.27% 소폭 상승,2023-01-19,https://view.asiae.co.kr/article/2023011915442507258
2023-01,토픽1,은행·금융권 소상공인 지원,'자영업자 신용대출'도 '저금리'로 갈아탄다,2023-01-30,https://view.asiae.co.kr/article/2023013008402300385
2023-01,토픽1,은행·금융권 소상공인 지원,"대전시, 올해 소상공인 경영안정금 2000억원 지원",2023-01-09,https://view.asiae.co.kr/article/2023010908504614546
2023-01,토픽2,코로나 방역·지자체 행정,"새해 첫 도민과의 대화  경남도민, 박완수 지사에 어떤 정책 제언 했나",2023-01-02,https://view.asiae.co.kr/article/2023010217525239902
2023-01,토픽2,코로나 방역·지자체 행정,"김영록 전남지사 ""새해 '전남 대도약' 원년 삼을 것""",2023-01-02,https://view.asiae.co.kr/article/2023010214224359447
2023-01,토픽2,코로나 방역·지자체 행정,[신년사] 이강덕 시장 “창의적 융합 혁신  세계로 도약하는 포항 만들 것”,2023-01-02,https://view.asiae.co.kr/article/2023010216091861032
2023-01,토픽2,코로나 방역·지자체 행정,"송파구, 4만3000개 지속가능한 일자리 만든다",2023-01-08,https://view.asiae.co.kr/article/2023010807222348450
2023-01,토픽2,코로나 방역·지자체 행정,완도군 ‘주요 업무 계획 보고’ 개최,2023-01-17,https://view.asiae.co.kr/article/2023011716014406250
2023-01,토픽3,최저임금·노사 협상,"박강수 마포구청장, 2023 주민간담회 소통열차 본격 운행",2023-01-25,https://view.asiae.co.kr/article/2023012507282529219
2023-01,토픽3,최저임금·노사 협상,성동구 개인정보 파기 서비스 박수 받은 사연?,2023-01-30,https://view.asiae.co.kr/article/2023013007161986047
2023-01,토픽3,최저임금·노사 협상,[인사] 광주광역시 북구,2023-01-05,https://view.asiae.co.kr/article/2023010517103367228
2023-01,토픽3,최저임금·노사 협상,"이영 장관 ""이태원 상권 무너져 진취적 대안 찾을것""",2023-01-12,https://view.asiae.co.kr/article/2023011214541884566
2023-01,토픽3,최저임금·노사 협상,최호권 영등포구청장 소통 강화 '실질적 생활자치' 실현,2023-01-31,https://view.asiae.co.kr/article/2023013107513372059
2023-01,토픽4,지역화폐·소비쿠폰,"화순군, 농어민 공익수당 지원사업 신청 접수",2023-01-11,https://view.asiae.co.kr/article/2023011115000294173
2023-01,토픽4,지역화폐·소비쿠폰,"남원시, 소상공인 상가 환경개선 지원 최대 1000만원",2023-01-30,https://view.asiae.co.kr/article/2023013015270763745
2023-01,토픽4,지역화폐·소비쿠폰,"포항사랑상품권, 새해도 지역 경제에 따뜻한 활력과 희망 전한다!",2023-01-03,https://view.asiae.co.kr/article/2023010313213255028
2023-01,토픽4,지역화폐·소비쿠폰,고흥사랑상품권 10% 특별할인 한다,2023-01-09,https://view.asiae.co.kr/article/2023010916012135426
2023-01,토픽4,지역화폐·소비쿠폰,"보성군, 보성사랑상품권 할인율 10% 유지",2023-01-11,https://view.asiae.co.kr/article/2023011115562178320
2023-01,토픽5,물가·민생 거시대책,지난달 청구된 풍수해보험금 10억8천만원 지급 예정,2023-01-20,https://view.asiae.co.kr/article/2023012013024964309
2023-01,토픽5,물가·민생 거시대책,"이복현 ""부동산 PF 등 리스크 집중 점검 선제 대응""",2023-01-01,https://view.asiae.co.kr/article/2023010111255860807
2023-01,토픽5,물가·민생 거시대책,'설 물가안정' 성수품 최대로 푼다 고속道 통행료 면제,2023-01-04,https://view.asiae.co.kr/article/2023010409020559287
2023-01,토픽5,물가·민생 거시대책,"수원시, 긴급민생안정대책TF 꾸려 단장에 이재준 시장",2023-01-17,https://view.asiae.co.kr/article/2023011715265451798
2023-01,토픽5,물가·민생 거시대책,[뉴욕증시]CPI 대기하며 상승마감 나스닥 1.01%↑,2023-01-11,https://view.asiae.co.kr/article/2023011106372241655
2023-01,토픽6,온라인 플랫폼·디지털 지원,"""전통시장이 대형마트보다 설차례상 비용 5만9000원 저렴""",2023-01-16,https://view.asiae.co.kr/article/2023011609212896385
2023-01,토픽6,온라인 플랫폼·디지털 지원,"서울시 ""설에는 전통시장 '빠른배송'을 만나보세요""",2023-01-11,https://view.asiae.co.kr/article/2023011109434307714
2023-01,토픽6,온라인 플랫폼·디지털 지원,"카카오모빌리티, 도보배송 시장 활성화 나선다",2023-01-30,https://view.asiae.co.kr/article/2023013010225394757
2023-01,토픽6,온라인 플랫폼·디지털 지원,"GS샵, 중소협력사 무료 판매방송 매출 400억원 돌파",2023-01-11,https://view.asiae.co.kr/article/2023011108011534212
2023-01,토픽6,온라인 플랫폼·디지털 지원,피해 보상으로 마케팅? 카카오 먹통 보상 시작부터 논란,2023-01-05,https://view.asiae.co.kr/article/2023010519051883451
2023-01,토픽7,상생협력·중소기업 지원,"중기부, '2023년 로컬크리에이터' 120개팀 모집",2023-01-31,https://view.asiae.co.kr/article/2023013111290486926
2023-01,토픽7,상생협력·중소기업 지원,"중기부, 중기 소상공인 지원사업 설명회 개최",2023-01-08,https://view.asiae.co.kr/article/2023010810480331620
2023-01,토픽7,상생협력·중소기업 지원,"방통위, 방송광고 제작 송출비 지원 사업 공모 실시",2023-01-26,https://view.asiae.co.kr/article/2023012614205842990
2023-01,토픽7,상생협력·중소기업 지원,"부산시 부경대 네이버 협력, 소상공인 디지털 전환 지원 가시적 성과",2023-01-02,https://view.asiae.co.kr/article/2023010210332640167
2023-01,토픽7,상생협력·중소기업 지원,"강원도, '온라인 마케터' 길러 소상공인 경쟁력↑",2023-01-30,https://view.asiae.co.kr/article/2023013007474165578
2023-02,토픽0,정치권 재난·위기 재정대응,"[전문]박홍근, 교섭단체 대표연설 ""문제는 尹 대통령""",2023-02-13,https://view.asiae.co.kr/article/2023021310102320337
2023-02,토픽0,정치권 재난·위기 재정대응,"""독과점 횡포"" 정치권 집중 포화에 은행권 '난색'",2023-02-18,https://view.asiae.co.kr/article/2023021710391885468
2023-02,토픽0,정치권 재난·위기 재정대응,"尹 ""은행 고금리로 고통"" '은행 돈잔치' 대책 지시",2023-02-13,https://view.asiae.co.kr/article/2023021312451210790
2023-02,토픽0,정치권 재난·위기 재정대응,"""은행은 공공재"" 법안 나왔다 10조 환원에도 '사회적 책임' 강조",2023-02-17,https://view.asiae.co.kr/article/2023021616270966404
2023-02,토픽0,정치권 재난·위기 재정대응,"공정위 ""대리점법 위반 '자진시정'시 과징금 최대 70% 감면""",2023-02-06,https://view.asiae.co.kr/article/2023020609402636071
2023-02,토픽1,은행·금융권 소상공인 지원,"수협銀, 담보여력 부족 기업대출 1년간 만기 연장 지원",2023-02-15,https://view.asiae.co.kr/article/2023021509283061592
2023-02,토픽1,은행·금융권 소상공인 지원,경기도 안좋은데 기업 높은 대출금리 ‘이중고’,2023-02-25,https://view.asiae.co.kr/article/2023022416173685452
2023-02,토픽1,은행·금융권 소상공인 지원,개인사업자 대출 키우는 인뱅 토스뱅크 1년새 1.5조원,2023-02-20,https://view.asiae.co.kr/article/2023022009055205719
2023-02,토픽1,은행·금융권 소상공인 지원,"하나銀, 모바일 인터넷뱅킹 이체 수수료 면제",2023-02-03,https://view.asiae.co.kr/article/2023020308432236473
2023-02,토픽1,은행·금융권 소상공인 지원,"수원시, 소상공인에 최대 5천만원 특례보증",2023-02-14,https://view.asiae.co.kr/article/2023021408350431415
2023-02,토픽2,코로나 방역·지자체 행정,"용인시, 각종 행정규제 수술대 올린다",2023-02-12,https://view.asiae.co.kr/article/2023021210390331453
2023-02,토픽2,코로나 방역·지자체 행정,광주 서구 ‘혁신부서’ 지정 운영 조직문화 방식 개선,2023-02-20,https://view.asiae.co.kr/article/2023022014471408132
2023-02,토픽2,코로나 방역·지자체 행정,지난해 재정적자 110조원 넘을듯 재정준칙 '하세월',2023-02-16,https://view.asiae.co.kr/article/2023021609593318577
2023-02,토픽2,코로나 방역·지자체 행정,"이재준 수원시장 ""양질의 기업 유치로 일자리 창출""",2023-02-12,https://view.asiae.co.kr/article/2023021210322919839
2023-02,토픽2,코로나 방역·지자체 행정,"구미시, 대한민국 경제 중심지로!  첨단산업 중심도시 전환",2023-02-19,https://view.asiae.co.kr/article/2023021914120231172
2023-02,토픽3,최저임금·노사 협상,"중기부 ""자동차 수리업, 생계형 적합업종 지정 않기로 결정""",2023-02-10,https://view.asiae.co.kr/article/2023021017140689477
2023-02,토픽3,최저임금·노사 협상,이태원상권 활성화 비법 뭘까?,2023-02-03,https://view.asiae.co.kr/article/2023020314473835786
2023-02,토픽3,최저임금·노사 협상,[포토] 이태원 상인들과 만난 이영 장관,2023-02-03,https://view.asiae.co.kr/article/2023020310492190382
2023-02,토픽3,최저임금·노사 협상,[포토] 이태원 상인들과 간담회 하는 이영 장관,2023-02-03,https://view.asiae.co.kr/article/2023020310483484532
2023-02,토픽3,최저임금·노사 협상,"이필형 동대문구청장, 1일강사로 직원특강",2023-02-14,https://view.asiae.co.kr/article/2023021422015957174
2023-02,토픽4,지역화폐·소비쿠폰,남해군 ‘어업인수당 지원사업’ 신청 접수 받아,2023-02-15,https://view.asiae.co.kr/article/2023021508583684777
2023-02,토픽4,지역화폐·소비쿠폰,정읍시 ‘2월 워크온 챌린지’ 운영 1만원 쿠폰 지급,2023-02-13,https://view.asiae.co.kr/article/2023021313254158405
2023-02,토픽4,지역화폐·소비쿠폰,남해군 ‘특색있는 골목상권 만들기 지원’,2023-02-27,https://view.asiae.co.kr/article/2023022709020542400
2023-02,토픽4,지역화폐·소비쿠폰,"강진군, 강진사랑상품권 365일 10％ 할인",2023-02-01,https://view.asiae.co.kr/article/2023020111024266615
2023-02,토픽4,지역화폐·소비쿠폰,카드형 여수사랑상품권 ‘섬섬여수페이’ 10% 할인,2023-02-15,https://view.asiae.co.kr/article/2023021515434900769
2023-02,토픽5,물가·민생 거시대책,"서울시, 4등급 경유차?비도로용 건설기계까지 조기폐차 지원 확대",2023-02-19,https://view.asiae.co.kr/article/2023021819565271988
2023-02,토픽5,물가·민생 거시대책,"경기도, 노후 경유차 건설기계 등 저공해 조치에 1117억 지원",2023-02-13,https://view.asiae.co.kr/article/2023021307104963699
2023-02,토픽5,물가·민생 거시대책,"대전시, 자연재해 대비 ‘풍수해보험료’ 지원",2023-02-09,https://view.asiae.co.kr/article/2023020909293498744
2023-02,토픽5,물가·민생 거시대책,"동작구, 색다른 난방비 대책 내용 무엇?",2023-02-09,https://view.asiae.co.kr/article/2023020908064944677
2023-02,토픽5,물가·민생 거시대책,가스사용량 3% 줄이면 난방비 돌려준다,2023-02-15,https://view.asiae.co.kr/article/2023021510494035558
2023-02,토픽6,온라인 플랫폼·디지털 지원,"통신3사, ‘RCS 이미지 템플릿’ 메시지 출시",2023-02-07,https://view.asiae.co.kr/article/2023020710465451549
2023-02,토픽6,온라인 플랫폼·디지털 지원,"6000원 음식, 배달앱으로 주문하니 6700원 메뉴 절반이 더 비싸",2023-02-21,https://view.asiae.co.kr/article/2023022107462060751
2023-02,토픽6,온라인 플랫폼·디지털 지원,"카카오모빌리티, 카페24 입점 사업자에 당일배송 서비스 지원",2023-02-02,https://view.asiae.co.kr/article/2023020208505204007
2023-02,토픽6,온라인 플랫폼·디지털 지원,"먼키, 무료배달 서비스 전 지점서 제공 ""배달비 불만 해소""",2023-02-26,https://view.asiae.co.kr/article/2023022614301712657
2023-02,토픽6,온라인 플랫폼·디지털 지원,중고거래 '당근마켓' 동네가게 갈 때도 찾는 까닭,2023-02-21,https://view.asiae.co.kr/article/2023022108354762330
2023-02,토픽7,상생협력·중소기업 지원,"한국경영기술지도사회, 2023년 ‘경영지도사 및 기술지도사 양성과정’ 시행",2023-02-10,https://view.asiae.co.kr/article/2023021008351556300
2023-02,토픽7,상생협력·중소기업 지원,"부경대, ‘제 3회 교육혁신성과 포럼’ 개최",2023-02-21,https://view.asiae.co.kr/article/2023022115440045905
2023-02,토픽7,상생협력·중소기업 지원,"""작년 39대 1의 경쟁률"" '강한소상공인' 지원 사업 개시",2023-02-22,https://view.asiae.co.kr/article/2023022208233304530
2023-02,토픽7,상생협력·중소기업 지원,"쿠팡, 중기부 장관 표창 수상 “상생우수기업 인정”",2023-02-15,https://view.asiae.co.kr/article/2023021508504737848
2023-02,토픽7,상생협력·중소기업 지원,"SK스토아, 중소벤처기업부 장관 표창 수상",2023-02-03,https://view.asiae.co.kr/article/2023020309054048299
2023-03,토픽0,정치권 재난·위기 재정대응,분기당 25만원 지급 '청년기본소득' 2일부터 접수,2023-03-01,https://view.asiae.co.kr/article/2023030110163071654
2023-03,토픽0,정치권 재난·위기 재정대응,"김동연 ""경기도 지역화폐 국비 844억 줄어 총체적 난국""",2023-03-08,https://view.asiae.co.kr/article/2023030813334457802
2023-03,토픽0,정치권 재난·위기 재정대응,"[선거를 바꾸자]⑩기득권 내려놓은 민주당 광주시당 ""응답하라 여의도""",2023-03-20,https://view.asiae.co.kr/article/2023031616293412187
2023-03,토픽0,정치권 재난·위기 재정대응,"尹, '조세불복 절차' 안내 지시 ""포상 인사에 반영""(종합)",2023-03-03,https://view.asiae.co.kr/article/2023030316584127209
2023-03,토픽0,정치권 재난·위기 재정대응,"""또 다른 노무현을 외면 말라"" 민주당 경북도당의 호소",2023-03-22,https://view.asiae.co.kr/article/2023032215190295526
2023-03,토픽1,은행·금융권 소상공인 지원,"신한銀, 가계대출 금리 인하 1000억원 이자 절감",2023-03-24,https://view.asiae.co.kr/article/2023032409494998936
2023-03,토픽1,은행·금융권 소상공인 지원,"신한銀, 주담대 고객 5900명 이자유예 기한연장 지원",2023-03-28,https://view.asiae.co.kr/article/2023032809490834563
2023-03,토픽1,은행·금융권 소상공인 지원,"영양군, 소상공인 특례보증 긴급지원 업무협약 체결",2023-03-27,https://view.asiae.co.kr/article/2023032712202690775
2023-03,토픽1,은행·금융권 소상공인 지원,"KB국민은행, 소상공인 중소기업 신용보증에 560억원 특별출연",2023-03-30,https://view.asiae.co.kr/article/2023033016413396280
2023-03,토픽1,은행·금융권 소상공인 지원,"경남은행, 중 소상공인과 취약계층을 위해 ‘금융지원’ 시행",2023-03-14,https://view.asiae.co.kr/article/2023031410124745970
2023-03,토픽2,코로나 방역·지자체 행정,"구례군 추경예산 3,917억 원 편성",2023-03-02,https://view.asiae.co.kr/article/2023030214181903443
2023-03,토픽2,코로나 방역·지자체 행정,"인천시, 올해 14만6천개 일자리 만든다 4조7천억 투입, 고용률 67.8% 목표",2023-03-30,https://view.asiae.co.kr/article/2023033011083246721
2023-03,토픽2,코로나 방역·지자체 행정,"남원시, 제1회 추경예산 1조 1091억원 확정",2023-03-27,https://view.asiae.co.kr/article/2023032713585207543
2023-03,토픽2,코로나 방역·지자체 행정,"정부, 상반기 재정집행 목표 43조 늘려 346조 2월 기준 92조 집행",2023-03-06,https://view.asiae.co.kr/article/2023030608403119780
2023-03,토픽2,코로나 방역·지자체 행정,"광주 서구, 내달 7일까지 ‘규제개혁 아이디어 공모전’ 개최",2023-03-07,https://view.asiae.co.kr/article/2023030710465343739
2023-03,토픽3,최저임금·노사 협상,"경기도, 지난해 체납액 5774억원 정리",2023-03-13,https://view.asiae.co.kr/article/2023031307092424524
2023-03,토픽3,최저임금·노사 협상,"중구, 조합 직접설립 현장 지원센터 운영",2023-03-02,https://view.asiae.co.kr/article/2023030208420773662
2023-03,토픽3,최저임금·노사 협상,"창원상의, 장일현 부산지방국세청장 초청 간담회 열어",2023-03-13,https://view.asiae.co.kr/article/2023031313533386647
2023-03,토픽3,최저임금·노사 협상,문헌일 구로 박강수 마포구청장 새봄맞이 대청소,2023-03-09,https://view.asiae.co.kr/article/2023030914253072668
2023-03,토픽3,최저임금·노사 협상,'국론 분열' 정치 현수막 범람 막을 방법 있나?,2023-03-16,https://view.asiae.co.kr/article/2023031607552746529
2023-03,토픽4,지역화폐·소비쿠폰,"구례군, 소상공인 경영환경 개선 지원 나서",2023-03-23,https://view.asiae.co.kr/article/2023032317030189982
2023-03,토픽4,지역화폐·소비쿠폰,이태원상권회복상품권 20% 할인 판매,2023-03-06,https://view.asiae.co.kr/article/2023030616590244587
2023-03,토픽4,지역화폐·소비쿠폰,"경기도, 청년 1만2천명에 연 120만원 복지포인트",2023-03-27,https://view.asiae.co.kr/article/2023032707092991202
2023-03,토픽4,지역화폐·소비쿠폰,"용인시, 소상공인에 환경개선자금 최대 200만원 지원",2023-03-06,https://view.asiae.co.kr/article/2023030608055016580
2023-03,토픽4,지역화폐·소비쿠폰,"관악구, 상인 동아리 활동 지원한 까닭?",2023-03-20,https://view.asiae.co.kr/article/2023032007255470949
2023-03,토픽5,물가·민생 거시대책,"중견기업계 ""내수 활성화 대책 효과적 시행에 적극 협력""",2023-03-29,https://view.asiae.co.kr/article/2023032913404156588
2023-03,토픽5,물가·민생 거시대책,고금리 부동산 침체 기업 자영업 대출 증가폭 2분기 연속 축소,2023-03-08,https://view.asiae.co.kr/article/2023030810245872434
2023-03,토픽5,물가·민생 거시대책,153만명에게 600억원 여행 혜택 전통시장 소득공제율 50%로 상향,2023-03-29,https://view.asiae.co.kr/article/2023032909520832334
2023-03,토픽5,물가·민생 거시대책,"사라진 ""사람 구합니다"" 美 고용시장, 냉각 조짐",2023-03-02,https://view.asiae.co.kr/article/2023030215564089943
2023-03,토픽5,물가·민생 거시대책,"'3만원 숙박쿠폰 10만원 휴가비 지원' 정부, 관광활성화 600억원 투입",2023-03-29,https://view.asiae.co.kr/article/2023032915265831844
2023-03,토픽6,온라인 플랫폼·디지털 지원,"서울 편의점, 15년새 4배 증가 평균 창업비 7600만원",2023-03-07,https://view.asiae.co.kr/article/2023030619204830839
2023-03,토픽6,온라인 플랫폼·디지털 지원,"KT, '하이오더'로 소상공인 DX 로봇플랫폼 성큼",2023-03-07,https://view.asiae.co.kr/article/2023030711223558220
2023-03,토픽6,온라인 플랫폼·디지털 지원,"‘중국어 가능 종업원 구하고, 번역 앱 설치하고’...소상공인 유커 맞이 기지개",2023-03-14,https://view.asiae.co.kr/article/2023031410033590568
2023-03,토픽6,온라인 플랫폼·디지털 지원,"""외식물가보다 식자재 상승 더 커"" 외식비에 가공식품까지 '끝없이 오르기만'",2023-03-27,https://view.asiae.co.kr/article/2023032717005974582
2023-03,토픽6,온라인 플랫폼·디지털 지원,"보성군, 세금 고민 상담 ‘마을 세무사’ 운영",2023-03-20,https://view.asiae.co.kr/article/2023032016522063911
2023-03,토픽7,상생협력·중소기업 지원,"대전시, 기업 지식재산권 맞춤형 지원에 57억원 투자",2023-03-15,https://view.asiae.co.kr/article/2023031508213444606
2023-03,토픽7,상생협력·중소기업 지원,"""中企조합 공동사업 참여하세요 사업비 최대 1억 지원""",2023-03-26,https://view.asiae.co.kr/article/2023032614243209658
2023-03,토픽7,상생협력·중소기업 지원,"대학이 지역소멸 해결사 맡는다 경남정보대, 첫 ‘로컬콘텐츠 중점대학’ 선정",2023-03-02,https://view.asiae.co.kr/article/2023030216554735858
2023-03,토픽7,상생협력·중소기업 지원,구미에 자율주행 공동물류시스템 등 스마트 물류 본격화,2023-03-07,https://view.asiae.co.kr/article/2023030705593609617
2023-03,토픽7,상생협력·중소기업 지원,"부산상공회의소, 제22회 공정거래의 날 국무총리 표창 수상",2023-03-31,https://view.asiae.co.kr/article/2023033118180122526
2023-04,토픽0,정치권 재난·위기 재정대응,충남 산불피해 ‘46.8억원’ 잠정집계 “이재민 지원 속도”,2023-04-10,https://view.asiae.co.kr/article/2023041016151639897
2023-04,토픽0,정치권 재난·위기 재정대응,박완수 경남지사 의원 시절 발의 ‘재난기본법’ 국회 통과,2023-04-27,https://view.asiae.co.kr/article/2023042718354053335
2023-04,토픽0,정치권 재난·위기 재정대응,"경기도, 전기이륜차 사면 최대 300만원 지원 3625대",2023-04-16,https://view.asiae.co.kr/article/2023041608301436163
2023-04,토픽0,정치권 재난·위기 재정대응,[단독]지난해 최저임금법 위반 1633건 대구 경북 '최다',2023-04-18,https://view.asiae.co.kr/article/2023041715145300325
2023-04,토픽0,정치권 재난·위기 재정대응,"이재명 ""가계부채, 신속 과감한 선제적 대책 필요""",2023-04-04,https://view.asiae.co.kr/article/2023040411280653374
2023-04,토픽1,은행·금융권 소상공인 지원,"경남은행, ‘경남새희망홀씨Ⅱ대출’ 특별우대금리 제공",2023-04-10,https://view.asiae.co.kr/article/2023041010085134128
2023-04,토픽1,은행·금융권 소상공인 지원,"기업은행, 1조3000억 규모 '중소기업 보증 프로그램' 출시",2023-04-28,https://view.asiae.co.kr/article/2023042814193269737
2023-04,토픽1,은행·금융권 소상공인 지원,"세종시, ‘100억원 규모’ 소상공인 자금 추가 지원",2023-04-06,https://view.asiae.co.kr/article/2023040608452239327
2023-04,토픽1,은행·금융권 소상공인 지원,소상공인 경영안정 ‘150억원’ 지원  포항시 경북신용보증재단 업무협약,2023-04-05,https://view.asiae.co.kr/article/2023040517571155910
2023-04,토픽1,은행·금융권 소상공인 지원,"강남구, 중소기업 소상공인 1000억 대출 이자 지원",2023-04-17,https://view.asiae.co.kr/article/2023041707284334525
2023-04,토픽2,코로나 방역·지자체 행정,"나주시, 올해 첫 추경 1조1119억원 편성 1158억원 증액",2023-04-24,https://view.asiae.co.kr/article/2023042415095611200
2023-04,토픽2,코로나 방역·지자체 행정,"광주 북구, 추경 1조 656억원 확정 주민편의 강화",2023-04-13,https://view.asiae.co.kr/article/2023041311011025023
2023-04,토픽2,코로나 방역·지자체 행정,"안동시, 추경예산 2255억원 편성 10일 시의회 제출",2023-04-09,https://view.asiae.co.kr/article/2023040909443772714
2023-04,토픽2,코로나 방역·지자체 행정,"은평구, 올해 일자리 1만2515개 창출",2023-04-09,https://view.asiae.co.kr/article/2023040920121737221
2023-04,토픽2,코로나 방역·지자체 행정,"광주 서구 미래혁신위, 주민자치 가이드라인 제작 권고",2023-04-14,https://view.asiae.co.kr/article/2023041417594793746
2023-04,토픽3,최저임금·노사 협상,"소상공인 ""최저임금 동결해야 업종별 차등 주휴수당 폐지를""",2023-04-12,https://view.asiae.co.kr/article/2023041208122803022
2023-04,토픽3,최저임금·노사 협상,"""소상공인 다 죽는다"" 최저임금 동결 한목소리(종합)",2023-04-12,https://view.asiae.co.kr/article/2023041211261755528
2023-04,토픽3,최저임금·노사 협상,마포구 소기업소상공인 2기 출범,2023-04-11,https://view.asiae.co.kr/article/2023041116353422581
2023-04,토픽3,최저임금·노사 협상,"'노동절' 행사 참석 김동연 ""경제 외교 기후변화 등 경기도는 다르게 하겠다""",2023-04-28,https://view.asiae.co.kr/article/2023042813545678099
2023-04,토픽3,최저임금·노사 협상,[로펌은 지금]해율 기업법무전담팀 대기업자문 기업소송 괄목할 성과,2023-04-24,https://view.asiae.co.kr/article/2023042119133300338
2023-04,토픽4,지역화폐·소비쿠폰,광주 서구 ‘희망길라잡이 지원사업’ 경쟁률 5대1 기록,2023-04-12,https://view.asiae.co.kr/article/2023041211154302652
2023-04,토픽4,지역화폐·소비쿠폰,"사천시, 사천 사랑 상품권 100억 추가 발행",2023-04-17,https://view.asiae.co.kr/article/2023041621115536185
2023-04,토픽4,지역화폐·소비쿠폰,"강남구, 전액 구비로 강남사랑상품권 150억 발행",2023-04-29,https://view.asiae.co.kr/article/2023042912062220552
2023-04,토픽4,지역화폐·소비쿠폰,경남도 온라인 상품권 경남e지 15％ 특별할인,2023-04-21,https://view.asiae.co.kr/article/2023042116270179399
2023-04,토픽4,지역화폐·소비쿠폰,"광주 서구, 소규모 음식점 반찬가게 등 위생컨설팅 실시",2023-04-03,https://view.asiae.co.kr/article/2023040315255218519
2023-04,토픽5,물가·민생 거시대책,"방기선 차관 ""여행수지 개선이 올해 경상수지 중요 변수""",2023-04-07,https://view.asiae.co.kr/article/2023040708463386408
2023-04,토픽5,물가·민생 거시대책,"금천구, 장애인 어르신 등 전동보장구 보험 가입 지원",2023-04-20,https://view.asiae.co.kr/article/2023042015332141589
2023-04,토픽5,물가·민생 거시대책,"'9천만원 편취' 미성년자 피싱 수거책, 징역형",2023-04-29,https://view.asiae.co.kr/article/2023042822355965266
2023-04,토픽5,물가·민생 거시대책,외국은 전기료 올려 수요 낮춘지 오랜데 한국만 뒤늦게 '민심 눈치',2023-04-18,https://view.asiae.co.kr/article/2023041721282895619
2023-04,토픽5,물가·민생 거시대책,"전기 가스료 인상 논쟁 팽팽 ""적자 더 커져"" vs ""물가상승 우려""",2023-04-04,https://view.asiae.co.kr/article/2023040417515506257
2023-04,토픽6,온라인 플랫폼·디지털 지원,[AI혁명]⑩'사람의 일상을 즐겁게' 친구같은 익시 LG유플러스,2023-04-03,https://view.asiae.co.kr/article/2023040307432808449
2023-04,토픽6,온라인 플랫폼·디지털 지원,"메타버스로 등교한다 LGU+, 대학 전용 플랫폼 '유버스' 출시",2023-04-04,https://view.asiae.co.kr/article/2023040408425508850
2023-04,토픽6,온라인 플랫폼·디지털 지원,부산 인기 소통 캐릭터 ‘부기’ 사업에 활용하세요  저작재산권 무료이용 신청 진행,2023-04-26,https://view.asiae.co.kr/article/2023042608215240887
2023-04,토픽6,온라인 플랫폼·디지털 지원,특허심판 ‘국선대리인’ 현장 안착 “소상공인에 든든한 버팀목”,2023-04-30,https://view.asiae.co.kr/article/2023042921555778101
2023-04,토픽6,온라인 플랫폼·디지털 지원,"프레시지, '네고왕'과 최대 59% 할인 프로모션",2023-04-28,https://view.asiae.co.kr/article/2023042809424842360
2023-04,토픽7,상생협력·중소기업 지원,대기업 퇴사 후 거래처만 100곳 넘는 의류회사 대표,2023-04-17,https://view.asiae.co.kr/article/2023041710343844759
2023-04,토픽7,상생협력·중소기업 지원,"건보공단, 공공기관 동반성장 평가 '최우수' 달성",2023-04-20,https://view.asiae.co.kr/article/2023042015320738814
2023-04,토픽7,상생협력·중소기업 지원,소상공인 스마트기술 육성 R&D사업 공모,2023-04-21,https://view.asiae.co.kr/article/2023042110001996686
2023-04,토픽7,상생협력·중소기업 지원,"한진, '2023년 온라인수출 공동물류사업' 수행기관 선정",2023-04-17,https://view.asiae.co.kr/article/2023041709393096646
2023-04,토픽7,상생협력·중소기업 지원,"배민-소진공, 소상공인 온라인 역량 강화 '맞손'",2023-04-14,https://view.asiae.co.kr/article/2023041415240229069
2023-05,토픽0,정치권 재난·위기 재정대응,"순창군, 미세먼지 저감 ‘전기이륜차 민간보급’ 추진",2023-05-11,https://view.asiae.co.kr/article/2023051116400713017
2023-05,토픽0,정치권 재난·위기 재정대응,"담양군의회, 제319회 임시회 개회 조례안 심사",2023-05-15,https://view.asiae.co.kr/article/2023051520155516973
2023-05,토픽0,정치권 재난·위기 재정대응,"김기현 ""김남국, '가난 코스프레'로 청년 기만 의원직 사퇴해야""",2023-05-13,https://view.asiae.co.kr/article/2023051312123302128
2023-05,토픽0,정치권 재난·위기 재정대응,"尹, 또 文정부 맹비판 ""'정치 방역' '軍에 골병'""",2023-05-11,https://view.asiae.co.kr/article/2023051117113652400
2023-05,토픽0,정치권 재난·위기 재정대응,"민노총 집회 예고에 與 ""타인의 자유 침해"" 강력 비판",2023-05-28,https://view.asiae.co.kr/article/2023052816514904616
2023-05,토픽1,은행·금융권 소상공인 지원,"부산시 하나은행 부산신보, 소상공인 특별자금 지원 업무협약",2023-05-24,https://view.asiae.co.kr/article/2023052409302515793
2023-05,토픽1,은행·금융권 소상공인 지원,"'신용 낮은 소상공인도 OK' 카카오뱅크, 신용보증재단 보증서 대출 출시",2023-05-17,https://view.asiae.co.kr/article/2023051709401171848
2023-05,토픽1,은행·금융권 소상공인 지원,"산청군, 중소기업 소상공인 융자 지원",2023-05-22,https://view.asiae.co.kr/article/2023052121502210952
2023-05,토픽1,은행·금융권 소상공인 지원,"대구 달성군, 소상공인에 100억원 규모 특례 보증",2023-05-15,https://view.asiae.co.kr/article/2023051515305192522
2023-05,토픽1,은행·금융권 소상공인 지원,"부산시, 소상공인 특별자금 600억원 이차보전 2.5％ 확대 지원",2023-05-08,https://view.asiae.co.kr/article/2023050808532942742
2023-05,토픽2,코로나 방역·지자체 행정,"대전시, 올해 첫 추경 3320억원 편성 “지역경제 활성화 집중”",2023-05-18,https://view.asiae.co.kr/article/2023051808234626251
2023-05,토픽2,코로나 방역·지자체 행정,"정부 ""미래 보건위기 대응 강화 범정부 정책과제 수립 추진""",2023-05-11,https://view.asiae.co.kr/article/2023051110384718608
2023-05,토픽2,코로나 방역·지자체 행정,코로나19 마지막 중대본 회의 이제는 일상회복,2023-05-31,https://view.asiae.co.kr/article/2023053108560630667
2023-05,토픽2,코로나 방역·지자체 행정,"경남도, ‘착한 건물주’ 재산세 최대 75％ 감면 1년 더",2023-05-31,https://view.asiae.co.kr/article/2023053114053617373
2023-05,토픽2,코로나 방역·지자체 행정,"생활 속 규제, 포항시민들의 참신한 아이디어로 함께 바꿔나가요!",2023-05-01,https://view.asiae.co.kr/article/2023050115542943351
2023-05,토픽3,최저임금·노사 협상,최저임금위 첫 회의 위원장 사과 요구에 긴장감 '팽팽',2023-05-02,https://view.asiae.co.kr/article/2023050218215982980
2023-05,토픽3,최저임금·노사 협상,"김동연 ""후쿠시마 오염수, 정부 단호한 조치와 투명한 정보공개"" 촉구",2023-05-31,https://view.asiae.co.kr/article/2023053114372202356
2023-05,토픽3,최저임금·노사 협상,금속노조 '총파업' 임박 최저임금 논의 올해도 첩첩산중,2023-05-27,https://view.asiae.co.kr/article/2023052716342168752
2023-05,토픽3,최저임금·노사 협상,이대 상권 살리기 플라잉 테이블 페스티벌 개최,2023-05-22,https://view.asiae.co.kr/article/2023052214173845176
2023-05,토픽3,최저임금·노사 협상,"中企 소상공인 ""최저임금, 업종 규모별로 차등화해야""",2023-05-25,https://view.asiae.co.kr/article/2023052507371226967
2023-05,토픽4,지역화폐·소비쿠폰,"정읍시, 소상공인 ‘안정지원금’ 지급 경영부담 완화",2023-05-19,https://view.asiae.co.kr/article/2023051910532860870
2023-05,토픽4,지역화폐·소비쿠폰,"해남군, 해남사랑상품권 ‘5000억원 판매’ 달성 특별이벤트",2023-05-11,https://view.asiae.co.kr/article/2023051109480478777
2023-05,토픽4,지역화폐·소비쿠폰,창원사랑상품권 가맹점 소상공인 위주로 정비,2023-05-11,https://view.asiae.co.kr/article/2023051114220328164
2023-05,토픽4,지역화폐·소비쿠폰,"용인시, 배달음식점 주방시설 개선 지원 업소당 100만원",2023-05-04,https://view.asiae.co.kr/article/2023050407563985847
2023-05,토픽4,지역화폐·소비쿠폰,"화순군, 연 매출 30억 초과 가맹점 '화순사랑상품권' 취급 제한",2023-05-09,https://view.asiae.co.kr/article/2023050921505035987
2023-05,토픽5,물가·민생 거시대책,"""전기료만 월200 나올 판"" 자영업자 커지는 한숨소리",2023-05-18,https://view.asiae.co.kr/article/2023051808563087453
2023-05,토픽5,물가·민생 거시대책,전기 가스요금 인상에도 한전 적자에 '새발의 피',2023-05-15,https://view.asiae.co.kr/article/2023051510493323345
2023-05,토픽5,물가·민생 거시대책,"부산시, 2023. 6. 1. 0시부터 택시요금 인상",2023-05-13,https://view.asiae.co.kr/article/2023051315412530299
2023-05,토픽5,물가·민생 거시대책,전기 가스요금 내일부터 4인가구 기준 7400원 인상,2023-05-15,https://view.asiae.co.kr/article/2023051509210098687
2023-05,토픽5,물가·민생 거시대책,성북구 재난 관리 컨트롤타워 '재난안전상황실' 개소,2023-05-01,https://view.asiae.co.kr/article/2023050114274289917
2023-05,토픽6,온라인 플랫폼·디지털 지원,테이블에서 주문 결제 식기류 반납까지 KT '하이오더',2023-05-09,https://view.asiae.co.kr/article/2023050909132563728
2023-05,토픽6,온라인 플랫폼·디지털 지원,"아성다이소, 구세군 마리에뜨에 행복박스 전달",2023-05-11,https://view.asiae.co.kr/article/2023051109151256328
2023-05,토픽6,온라인 플랫폼·디지털 지원,"""AI가 전화 받아드려요"" KT, 'AI 전화' 출시",2023-05-03,https://view.asiae.co.kr/article/2023050310473254206
2023-05,토픽6,온라인 플랫폼·디지털 지원,"SK쉴더스, 테이블오더 서비스 '스마트오더' 출시",2023-05-30,https://view.asiae.co.kr/article/2023053008552102056
2023-05,토픽6,온라인 플랫폼·디지털 지원,"아성다이소, 부산 강서구청에 행복박스 전달",2023-05-04,https://view.asiae.co.kr/article/2023050409095279289
2023-05,토픽7,상생협력·중소기업 지원,"2023동행축제 마지막주도 풍성, 中企 제품 특별할인",2023-05-21,https://view.asiae.co.kr/article/2023051915344517774
2023-05,토픽7,상생협력·중소기업 지원,"목포대, 소상공인 디지털 특성화 대학 교육생 모집",2023-05-05,https://view.asiae.co.kr/article/2023050510382472589
2023-05,토픽7,상생협력·중소기업 지원,"소진공, 폐업 소상공인 재취업 돕는 '특화교육기관' 모집",2023-05-30,https://view.asiae.co.kr/article/2023053008081603780
2023-05,토픽7,상생협력·중소기업 지원,"""스마트장비 구축 지원"" 소공인 1200명 대상 사업 추진",2023-05-03,https://view.asiae.co.kr/article/2023050309021130852
2023-05,토픽7,상생협력·중소기업 지원,기업가형 소상공인 성장단계별 육성에 '최대 5억' 지원,2023-05-16,https://view.asiae.co.kr/article/2023051610015075865
2023-06,토픽0,정치권 재난·위기 재정대응,여야 '특위의 정치' 총선 전 '결집' 총력,2023-06-02,https://view.asiae.co.kr/article/2023060116155321539
2023-06,토픽0,정치권 재난·위기 재정대응,주가조작 '패가망신법' 법사위 통과 라덕연 등 범죄자 '일벌백계' 가능해져(종합),2023-06-29,https://view.asiae.co.kr/article/2023062921222918226
2023-06,토픽0,정치권 재난·위기 재정대응,"전기화물차 또 쏩니다 울산시, 상반기 150대 추가 보급",2023-06-05,https://view.asiae.co.kr/article/2023060508044319329
2023-06,토픽0,정치권 재난·위기 재정대응,'소상공인법 시행령 개정안' 국무회의 의결,2023-06-20,https://view.asiae.co.kr/article/2023062010241986146
2023-06,토픽0,정치권 재난·위기 재정대응,"카카오, 서비스 장애 보상 마무리 총 275억 규모",2023-06-30,https://view.asiae.co.kr/article/2023063012185538093
2023-06,토픽1,은행·금융권 소상공인 지원,KB비대면소상공인대출 최저금리 4.62%로 인하,2023-06-27,https://view.asiae.co.kr/article/2023062709261832722
2023-06,토픽1,은행·금융권 소상공인 지원,"인천시, 취약계층 청년창업자에 475억 규모 경영안정자금 지원",2023-06-19,https://view.asiae.co.kr/article/2023061908420063284
2023-06,토픽1,은행·금융권 소상공인 지원,"[중기대출 불안]③ 신규 부실채권, 1년만에 1조원 늘어",2023-06-12,https://view.asiae.co.kr/article/2023060912435207806
2023-06,토픽1,은행·금융권 소상공인 지원,"우리카드 2200억원 규모 상생금융 이복현 ""금융권 전반 확산되길""",2023-06-29,https://view.asiae.co.kr/article/2023062909172691129
2023-06,토픽1,은행·금융권 소상공인 지원,"중랑구, 중소 상인 최대 2억원 3%대 저금리 융자",2023-06-28,https://view.asiae.co.kr/article/2023062807595554087
2023-06,토픽2,코로나 방역·지자체 행정,"민선 8기 1년 맞은 문인 북구청장 ""행복 북구 완성하겠다""",2023-06-27,https://view.asiae.co.kr/article/2023062713574461583
2023-06,토픽2,코로나 방역·지자체 행정,"광주시-시의회, 재정 위기 극복에 손 잡았다",2023-06-22,https://view.asiae.co.kr/article/2023062216553744038
2023-06,토픽2,코로나 방역·지자체 행정,"[시시비비]윤석열 정부 경제팀 성적표, B+",2023-06-30,https://view.asiae.co.kr/article/2023062910524784607
2023-06,토픽2,코로나 방역·지자체 행정,"송파구, 315억원 규모 제1회 추가경정예산 편성",2023-06-09,https://view.asiae.co.kr/article/2023060907091115555
2023-06,토픽2,코로나 방역·지자체 행정,"민선 8기 1년 포항, 창의 융합 혁신 통해 세계적인 도시 도약 가속도",2023-06-29,https://view.asiae.co.kr/article/2023062917233905805
2023-06,토픽3,최저임금·노사 협상,최저임금 '업종별 구분 적용' 내년에도 안 한다,2023-06-22,https://view.asiae.co.kr/article/2023062219421644437
2023-06,토픽3,최저임금·노사 협상,"""그냥 혼자 일할란다"" 자영업자 분노케 한 ""최저임금 1만2210원""",2023-06-23,https://view.asiae.co.kr/article/2023062309112478556
2023-06,토픽3,최저임금·노사 협상,"""최저임금 인상? 소상공인 근로자 공멸 지름길 동결해야""",2023-06-30,https://view.asiae.co.kr/article/2023063013211936829
2023-06,토픽3,최저임금·노사 협상,'최저임금 힘겨루기' 본격적으로 시작,2023-06-05,https://view.asiae.co.kr/article/2023060510081433242
2023-06,토픽3,최저임금·노사 협상,"""최저임금 구분적용 부결, 참담하고 비통 고용 포기하란 건가""",2023-06-22,https://view.asiae.co.kr/article/2023062220002657668
2023-06,토픽4,지역화폐·소비쿠폰,성북사랑상품권 70억원 발행,2023-06-27,https://view.asiae.co.kr/article/2023062707565160429
2023-06,토픽4,지역화폐·소비쿠폰,관악구 청룡동 푸르미르길 골목축제 개최,2023-06-08,https://view.asiae.co.kr/article/2023060818155605842
2023-06,토픽4,지역화폐·소비쿠폰,인천지역화폐 '상생가맹점' 상시 모집 최대 17% 캐시백,2023-06-23,https://view.asiae.co.kr/article/2023062312554848307
2023-06,토픽4,지역화폐·소비쿠폰,"용인시, 농민기본소득 이달 26일부터 추가 접수",2023-06-15,https://view.asiae.co.kr/article/2023061507534958311
2023-06,토픽4,지역화폐·소비쿠폰,"성북구, 어린이 위한 전통시장 열어",2023-06-10,https://view.asiae.co.kr/article/2023061009594542782
2023-06,토픽5,물가·민생 거시대책,"추경호 ""부동산PF 부실 우려 사업장 대주단 협약 통해 정상화 유도""",2023-06-15,https://view.asiae.co.kr/article/2023061508152951423
2023-06,토픽5,물가·민생 거시대책,"[단독]'자영업자도 근로자처럼 국민연금 보험료 지원' 정부, 체계 개편 검토",2023-06-08,https://view.asiae.co.kr/article/2023060808381034742
2023-06,토픽5,물가·민생 거시대책,"남원시, 미세먼지 저감 노후경유차 조기폐차 등 지원",2023-06-28,https://view.asiae.co.kr/article/2023062814445189053
2023-06,토픽5,물가·민생 거시대책,"기재부, 주류면허 규제완화 효과 따져본다",2023-06-12,https://view.asiae.co.kr/article/2023061210005808907
2023-06,토픽5,물가·민생 거시대책,벌써 식은 중국 경기 中 중소기업 '빚폭탄' 터지나,2023-06-19,https://view.asiae.co.kr/article/2023061909353734916
2023-06,토픽6,온라인 플랫폼·디지털 지원,"LG유플러스, 'U+비즈마켓'에 챗GPT 도입",2023-06-21,https://view.asiae.co.kr/article/2023062108254490319
2023-06,토픽6,온라인 플랫폼·디지털 지원,"한국마사회 캐릭터 ‘깨알이’, 누구나 쓸 수 있어요!",2023-06-05,https://view.asiae.co.kr/article/2023060517391147608
2023-06,토픽6,온라인 플랫폼·디지털 지원,동네슈퍼까지 파고 든 AI 외주 끊고 생산성 UP,2023-06-30,https://view.asiae.co.kr/article/2023063008074902888
2023-06,토픽6,온라인 플랫폼·디지털 지원,"세라젬, B2B 고객 전용몰 ‘세라젬 비즈’ 정식 오픈",2023-06-28,https://view.asiae.co.kr/article/2023062809215320942
2023-06,토픽6,온라인 플랫폼·디지털 지원,"유튜브 틱톡 공세에 네이버, 숏폼 '클립'으로 반격",2023-06-22,https://view.asiae.co.kr/article/2023062208583086157
2023-06,토픽7,상생협력·중소기업 지원,"신라대, ESG시민운동 전문강사 양성과정 수강생 모집",2023-06-19,https://view.asiae.co.kr/article/2023061913230656756
2023-06,토픽7,상생협력·중소기업 지원,"지역주민과 함께  석유공사, 로컬 프리마켓 ‘동행’ 개최",2023-06-21,https://view.asiae.co.kr/article/2023062117054169707
2023-06,토픽7,상생협력·중소기업 지원,"사회적 기업 지원 신한카드, 경기도주식회사와 MOU",2023-06-26,https://view.asiae.co.kr/article/2023062609445669981
2023-06,토픽7,상생협력·중소기업 지원,이순희 강북구청장 ‘소기업 리더스아카데미’ 수강생 격려,2023-06-13,https://view.asiae.co.kr/article/2023061308131038636
2023-06,토픽7,상생협력·중소기업 지원,"하나은행, ‘제17기 스마트 홍보대사’ 발대식 열어",2023-06-04,https://view.asiae.co.kr/article/2023060315545851829
2023-07,토픽0,정치권 재난·위기 재정대응,"소상공인도 사회재난 시, 300만원 지원 받는다",2023-07-18,https://view.asiae.co.kr/article/2023071807245342904
2023-07,토픽0,정치권 재난·위기 재정대응,“예천을 도웁시다” 기업들 앞다퉈 최악 수해피해지역에 성금,2023-07-20,https://view.asiae.co.kr/article/2023072010124994464
2023-07,토픽0,정치권 재난·위기 재정대응,통장협박 간편송금 악용 보이스피싱 '제동',2023-07-24,https://view.asiae.co.kr/article/2023072408594477482
2023-07,토픽0,정치권 재난·위기 재정대응,"野, 정부 세법 개정안에 ""빈 껍데기"" 비판",2023-07-27,https://view.asiae.co.kr/article/2023072717021459232
2023-07,토픽0,정치권 재난·위기 재정대응,호우로 주택 파손시 최대 1억300만원 지원기준 확대,2023-07-31,https://view.asiae.co.kr/article/2023073115360521361
2023-07,토픽1,은행·금융권 소상공인 지원,"카카오뱅크, 개인사업자 보증서대출 500억 돌파",2023-07-05,https://view.asiae.co.kr/article/2023070509194173959
2023-07,토픽1,은행·금융권 소상공인 지원,함평군 '최대 40만원' 소상공인 카드수수료 지원,2023-07-04,https://view.asiae.co.kr/article/2023070419545392406
2023-07,토픽1,은행·금융권 소상공인 지원,"롯데카드, 3100억원 규모 상생금융 나선다",2023-07-14,https://view.asiae.co.kr/article/2023071415080201733
2023-07,토픽1,은행·금융권 소상공인 지원,"금감원장 ""은행이 중소기업 소상공인 차주 적극 도와야""",2023-07-19,https://view.asiae.co.kr/article/2023071909253982461
2023-07,토픽1,은행·금융권 소상공인 지원,"NH농협은행 경남본부, 경남신보에 60억800만원 출연",2023-07-17,https://view.asiae.co.kr/article/2023071715151303755
2023-07,토픽2,코로나 방역·지자체 행정,"나주시 ‘시민이 묻고, 윤병태 시장이 답하다’ 16일 방영",2023-07-14,https://view.asiae.co.kr/article/2023071417215112901
2023-07,토픽2,코로나 방역·지자체 행정,尹정부 규제개혁 '개인기업'까지 집중 살핀다,2023-07-03,https://view.asiae.co.kr/article/2023070310444854698
2023-07,토픽2,코로나 방역·지자체 행정,"""규제 풀어야 산다"" 기업이 정부에 바라는 것은",2023-07-29,https://view.asiae.co.kr/article/2023072912535424232
2023-07,토픽2,코로나 방역·지자체 행정,“상반기 지방물가 잘 관리했다” 포항시 ‘최우수기관’ 뽑혀,2023-07-14,https://view.asiae.co.kr/article/2023071416002170952
2023-07,토픽2,코로나 방역·지자체 행정,"광주 남구, 지방물가 관리 전국 최우수 지자체 선정",2023-07-14,https://view.asiae.co.kr/article/2023071414035190594
2023-07,토픽3,최저임금·노사 협상,"노사, 최저임금 수정안 제출 노동계 1만2130원 vs 경영계 9650원",2023-07-04,https://view.asiae.co.kr/article/2023070418504798656
2023-07,토픽3,최저임금·노사 협상,"최저임금 동결 요구한 중기 소상공인 '아쉬움' ""고용 줄일 수밖에"" 호소도(종합)",2023-07-19,https://view.asiae.co.kr/article/2023071910071518952
2023-07,토픽3,최저임금·노사 협상,"""자영업 하지 말라는 거냐"" 편의점주들 한숨(종합)",2023-07-19,https://view.asiae.co.kr/article/2023071915052812849
2023-07,토픽3,최저임금·노사 협상,"""자영업 하지 말라는 거냐"" 편의점주들 한숨",2023-07-19,https://view.asiae.co.kr/article/2023071909260385985
2023-07,토픽3,최저임금·노사 협상,최저임금 논의 막바지 '1만원 돌파' 두고 노사 끝장 대립,2023-07-16,https://view.asiae.co.kr/article/2023071611574297895
2023-07,토픽4,지역화폐·소비쿠폰,"“누비전으로 지역경제 살린다”  창원특례시, 창원사랑상품권 300억 발행",2023-07-03,https://view.asiae.co.kr/article/2023070314413051264
2023-07,토픽4,지역화폐·소비쿠폰,"‘골목상권 이용은 소상공인에 큰 힘!’  포항시, 소비문화 캠페인 진행",2023-07-30,https://view.asiae.co.kr/article/2023073012004108771
2023-07,토픽4,지역화폐·소비쿠폰,"정읍시, 소상공인 안정지원금 지급 경영부담 완화",2023-07-26,https://view.asiae.co.kr/article/2023072611034072059
2023-07,토픽4,지역화폐·소비쿠폰,"경남도, 4억원 규모 ‘경남e지’ 상품권 10％ 선할인",2023-07-27,https://view.asiae.co.kr/article/2023072714253952036
2023-07,토픽4,지역화폐·소비쿠폰,"남해군, ‘수요일은 수산물 먹는 날’  판매 활성화 시책 지속",2023-07-20,https://view.asiae.co.kr/article/2023072009010229146
2023-07,토픽5,물가·민생 거시대책,"한은, 기준금리 3.5%로 또 동결 경기 금융불안 우려(상보)",2023-07-13,https://view.asiae.co.kr/article/2023071309571471673
2023-07,토픽5,물가·민생 거시대책,"이창용 ""물가 2%돼야 금리인하 가계부채 급격히 조정시 부작용""(종합2보)",2023-07-13,https://view.asiae.co.kr/article/2023071314090710909
2023-07,토픽5,물가·민생 거시대책,[통계의 함정]④실업률 역대 최저라는데 체감 안되는 이유,2023-07-06,https://view.asiae.co.kr/article/2023070515464715932
2023-07,토픽5,물가·민생 거시대책,홍수 피해입은 소상공인도 '노란우산공제금' 받는다 중간정산도 추진,2023-07-19,https://view.asiae.co.kr/article/2023071909540465953
2023-07,토픽5,물가·민생 거시대책,"""에어컨 바꾸고 40% 환급"" 삼성전자, 소상공인 돕는다",2023-07-06,https://view.asiae.co.kr/article/2023070609391551730
2023-07,토픽6,온라인 플랫폼·디지털 지원,[AI 한입뉴스]챗GPT가 나를 알아보기 시작했다,2023-07-23,https://view.asiae.co.kr/article/2023072116572264735
2023-07,토픽6,온라인 플랫폼·디지털 지원,"K딜 앱 출시 기념 21일까지 선착순 특가 ""10% 할인쿠폰도 드려요""",2023-07-11,https://view.asiae.co.kr/article/2023071109365051563
2023-07,토픽6,온라인 플랫폼·디지털 지원,"초대규모 AI 생태계 확장 네이버, '하이퍼클로바X' 기반 서비스 공개",2023-07-21,https://view.asiae.co.kr/article/2023072109054206294
2023-07,토픽6,온라인 플랫폼·디지털 지원,백화점 입점업체 수수료 21.3% 낸다 대형마트 18.7%,2023-07-16,https://view.asiae.co.kr/article/2023071610370297031
2023-07,토픽6,온라인 플랫폼·디지털 지원,"AI가 내가 원하는 상품 추천 네이버, 초개인화 커머스 강화",2023-07-26,https://view.asiae.co.kr/article/2023072609184489231
2023-07,토픽7,상생협력·중소기업 지원,"소진공, 콘텐츠 기반 청년 장인학교 1기 교육생 모집",2023-07-05,https://view.asiae.co.kr/article/2023070508591844913
2023-07,토픽7,상생협력·중소기업 지원,"돈되는 한식, 데이터로 보여준다 상의-경희대 MOU",2023-07-06,https://view.asiae.co.kr/article/2023070609144178377
2023-07,토픽7,상생협력·중소기업 지원,"창업중심대학 사업 참여 500개 기업, 일자리 1600개 만들었다",2023-07-12,https://view.asiae.co.kr/article/2023071208381828654
2023-07,토픽7,상생협력·중소기업 지원,"구미시, ‘소상공인 새희망 아카데미 교육’ 시행",2023-07-05,https://view.asiae.co.kr/article/2023070512013931343
2023-07,토픽7,상생협력·중소기업 지원,"에이트원, ‘2023년 4차 산업혁명 우수기업’ 문체부 장관상 수상",2023-07-13,https://view.asiae.co.kr/article/2023071310154233983
2023-08,토픽0,정치권 재난·위기 재정대응,분기당 25만원 지급 '경기도 청년기본소득' 9월1일 접수,2023-08-31,https://view.asiae.co.kr/article/2023083107171352712
2023-08,토픽0,정치권 재난·위기 재정대응,재난복구 구호 때 '공유재산 활용' 더 쉬워진다,2023-08-14,https://view.asiae.co.kr/article/2023081407205224315
2023-08,토픽0,정치권 재난·위기 재정대응,"기업은행, 태풍 카눈 피해복구 3000억 규모 특별지원",2023-08-11,https://view.asiae.co.kr/article/2023081115055742844
2023-08,토픽0,정치권 재난·위기 재정대응,"'광복절 특사=경제인' 尹, '민생' 위해 경제인 대거 사면(종합)",2023-08-14,https://view.asiae.co.kr/article/2023081410531797309
2023-08,토픽0,정치권 재난·위기 재정대응,"부산은행, 태풍 ‘카눈’ 피해 대비 금융지원 프로그램",2023-08-09,https://view.asiae.co.kr/article/2023080918331247929
2023-08,토픽1,은행·금융권 소상공인 지원,"경남은행, ‘경남 소상공인 금융부담 완화를 위한 업무 협약’ 체결",2023-08-30,https://view.asiae.co.kr/article/2023083015235505831
2023-08,토픽1,은행·금융권 소상공인 지원,"카카오뱅크, 인천 소상공인 금융지원 5억원 출연",2023-08-29,https://view.asiae.co.kr/article/2023082910042850340
2023-08,토픽1,은행·금융권 소상공인 지원,"케이뱅크, 중저신용대출 금리 1%포인트 인하",2023-08-02,https://view.asiae.co.kr/article/2023080209034635780
2023-08,토픽1,은행·금융권 소상공인 지원,"카카오뱅크, 대구 자영업자 금융지원에 5억원 출연",2023-08-31,https://view.asiae.co.kr/article/2023083109155903392
2023-08,토픽1,은행·금융권 소상공인 지원,"자영업자 高금리 신용대출, 최고 5.5%대출로 대환가능",2023-08-27,https://view.asiae.co.kr/article/2023082620333893184
2023-08,토픽2,코로나 방역·지자체 행정,[2024 예산안]허리띠 졸라매는 정부 내년 재정준칙 준수 어렵다,2023-08-29,https://view.asiae.co.kr/article/2023082816170662288
2023-08,토픽2,코로나 방역·지자체 행정,"김동연 ""1조9천억 세수감소에도 민생 확장 적극재정펴겠다""",2023-08-25,https://view.asiae.co.kr/article/2023082512081491036
2023-08,토픽2,코로나 방역·지자체 행정,[2024 예산안]최중증 발달장애인 24시간 1대1로 돌본다...3567억 투입,2023-08-29,https://view.asiae.co.kr/article/2023082817245076473
2023-08,토픽2,코로나 방역·지자체 행정,"중랑구, 580억 규모 추경안 편성 지역경제 살린다",2023-08-29,https://view.asiae.co.kr/article/2023082906542415616
2023-08,토픽2,코로나 방역·지자체 행정,"'규제혁신 아이디어 찾습니다' 성남시, 9월19일까지 공모",2023-08-29,https://view.asiae.co.kr/article/2023082908220014687
2023-08,토픽3,최저임금·노사 협상,"중견기업계 ""경제인 중심 특별사면, 정부 의지 공감""",2023-08-14,https://view.asiae.co.kr/article/2023081412421240835
2023-08,토픽3,최저임금·노사 협상,"김동연 ""후쿠시마 오염수는 '日 무책임 韓 정부 공조' 합작품""",2023-08-23,https://view.asiae.co.kr/article/2023082311034249887
2023-08,토픽3,최저임금·노사 협상,명동지역 가격표시 의무지역 지정...바가지 없어지나?,2023-08-29,https://view.asiae.co.kr/article/2023082920465407631
2023-08,토픽3,최저임금·노사 협상,이재명 “오늘부터 무기한 단식 민주주의 파괴 막겠다”(종합),2023-08-31,https://view.asiae.co.kr/article/2023083115331807578
2023-08,토픽3,최저임금·노사 협상,"韓총리 “광복절 사면, 경제 활력 도모 의미..잼버리 성찰할 것”",2023-08-14,https://view.asiae.co.kr/article/2023081411050057577
2023-08,토픽4,지역화폐·소비쿠폰,"정읍사랑상품권, 연 매출 30억원 초과 가맹점 사용 제한",2023-08-22,https://view.asiae.co.kr/article/2023082210173523397
2023-08,토픽4,지역화폐·소비쿠폰,20만원 쓰니 ‘땡’ 지역상품권 ‘울산페이’ 사용한도 늘려준다,2023-08-13,https://view.asiae.co.kr/article/2023081310451151558
2023-08,토픽4,지역화폐·소비쿠폰,"광진구, 추석 맞이 땡겨요 상품권 5억 발행",2023-08-30,https://view.asiae.co.kr/article/2023083016524590445
2023-08,토픽4,지역화폐·소비쿠폰,"용인시, 추석 맞아 지역화폐 혜택 늘린다",2023-08-31,https://view.asiae.co.kr/article/2023083109240651154
2023-08,토픽4,지역화폐·소비쿠폰,"곡성군, 심청상품권 구매 한도 한시적 상향",2023-08-30,https://view.asiae.co.kr/article/2023083018291758311
2023-08,토픽5,물가·민생 거시대책,"""이제 국정 중심은 경제다"" 尹, 민생 챙기기 집중(종합)",2023-08-31,https://view.asiae.co.kr/article/2023083111154716141
2023-08,토픽5,물가·민생 거시대책,“전기료 폭탄 맞을듯” 폭염 요금 인상에 소상공인 울상,2023-08-06,https://view.asiae.co.kr/article/2023080611182211291
2023-08,토픽5,물가·민생 거시대책,[추석민생대책]소상공인 中企 43조 신규 공급 경유 CNG 유가보조금 2개월 연장,2023-08-31,https://view.asiae.co.kr/article/2023083110065724494
2023-08,토픽5,물가·민생 거시대책,"기재차관 ""다음달 추석민생 대책 발표 中 관광객 유치확대""",2023-08-18,https://view.asiae.co.kr/article/2023081810243375536
2023-08,토픽5,물가·민생 거시대책,"尹 ""10월2일 임시공휴일 지정 전 부처 현장 점검하라""(상보)",2023-08-31,https://view.asiae.co.kr/article/2023083110272986015
2023-08,토픽6,온라인 플랫폼·디지털 지원,"롯데월드, 휴가 겨냥 이벤트  광안리 팝업 스토어 등 오픈",2023-08-07,https://view.asiae.co.kr/article/2023080715331857879
2023-08,토픽6,온라인 플랫폼·디지털 지원,[부고] 윤지영(평화활동가)씨 별세,2023-08-17,https://view.asiae.co.kr/article/2023081711234508779
2023-08,토픽6,온라인 플랫폼·디지털 지원,"남양유업, 개인 점주 대상 '우리 카페 오트 음료 콘테스트'",2023-08-09,https://view.asiae.co.kr/article/2023080909281238318
2023-08,토픽6,온라인 플랫폼·디지털 지원,[이 책 어때]한 끼라도 제대로 “드디어 먹어봤다” 게임처럼 즐긴다,2023-08-25,https://view.asiae.co.kr/article/2023082413121529227
2023-08,토픽6,온라인 플랫폼·디지털 지원,[AI혁명](55)로보엠디가 상품진열에 배너광고까지 만들어준다,2023-08-11,https://view.asiae.co.kr/article/2023081016554939419
2023-08,토픽7,상생협력·중소기업 지원,“우수 창업인재 발굴하자”  대구 수성대 소상공인진흥공단 산학협력,2023-08-28,https://view.asiae.co.kr/article/2023082815023052908
2023-08,토픽7,상생협력·중소기업 지원,"소상공인 위한 대학  동명대, 디지털특성화대학 1기 성과 공유 성료",2023-08-29,https://view.asiae.co.kr/article/2023082918404982585
2023-08,토픽7,상생협력·중소기업 지원,"신라대, ESG 시민운동 전문강사 과정 수강생 모집",2023-08-10,https://view.asiae.co.kr/article/2023081013445532559
2023-08,토픽7,상생협력·중소기업 지원,9월 동행축제 300개사 선정 경쟁률 4대 1 기록,2023-08-06,https://view.asiae.co.kr/article/2023080519531343264
2023-08,토픽7,상생협력·중소기업 지원,"부산시, 전국 지자체 일자리대상 공시제 우수사업 부문 ‘우수상’",2023-08-02,https://view.asiae.co.kr/article/2023080215533942351
2023-09,토픽0,정치권 재난·위기 재정대응,"중대본, 호우 태풍 피해 복구비 1조 8236억원 확정",2023-09-12,https://view.asiae.co.kr/article/2023091215254198958
2023-09,토픽0,정치권 재난·위기 재정대응,소상공인도 700만원까지 재난피해 지원금 선지급,2023-09-05,https://view.asiae.co.kr/article/2023090508050355724
2023-09,토픽0,정치권 재난·위기 재정대응,"박광온 ""내년 총지출 증가율 6%로 조정해야 거부시 野공동 예산 준비""(종합)",2023-09-18,https://view.asiae.co.kr/article/2023091810590976047
2023-09,토픽0,정치권 재난·위기 재정대응,"'경기도-민주당 예산정책協' 개최 김동연 ""10개 사업 8796억 국비 요청""",2023-09-14,https://view.asiae.co.kr/article/2023091417101061373
2023-09,토픽0,정치권 재난·위기 재정대응,소병철 의원 ‘방사성오염수 피해어업인 지원법’ 발의,2023-09-11,https://view.asiae.co.kr/article/2023091122414891784
2023-09,토픽1,은행·금융권 소상공인 지원,"카카오뱅크, 경남신보 '특별보증 대출' 취급은행 참여",2023-09-22,https://view.asiae.co.kr/article/2023092209131238611
2023-09,토픽1,은행·금융권 소상공인 지원,"케이뱅크, 중저신용 대출 최대 1%포인트 인하",2023-09-01,https://view.asiae.co.kr/article/2023090109135511745
2023-09,토픽1,은행·금융권 소상공인 지원,"KB국민카드, 청년 소상공인 상생금융 3857억원 규모",2023-09-22,https://view.asiae.co.kr/article/2023092214522154352
2023-09,토픽1,은행·금융권 소상공인 지원,"우리은행, 연 5.5% 소상공인 생활비 대출 출시",2023-09-26,https://view.asiae.co.kr/article/2023092610432601535
2023-09,토픽1,은행·금융권 소상공인 지원,"영양군, 소상공인 특례보증 출연금 추가 출연",2023-09-15,https://view.asiae.co.kr/article/2023091516481039183
2023-09,토픽2,코로나 방역·지자체 행정,"광주 북구, 제2회 추경예산 1조 1056억원 확정",2023-09-18,https://view.asiae.co.kr/article/2023091814221447949
2023-09,토픽2,코로나 방역·지자체 행정,"관악구, 2023년도 제1회 추경 673억 확정",2023-09-15,https://view.asiae.co.kr/article/2023091507575170153
2023-09,토픽2,코로나 방역·지자체 행정,광진구 3차 추경 699억 편성...상생복지 역점,2023-09-03,https://view.asiae.co.kr/article/2023090320483804047
2023-09,토픽2,코로나 방역·지자체 행정,"광주 서구, 무장애 도시 조성 밑그림",2023-09-10,https://view.asiae.co.kr/article/2023091012211154513
2023-09,토픽2,코로나 방역·지자체 행정,"이상일 용인시장 ""예산에 위축되지 말고 선택과 집중해야""",2023-09-25,https://view.asiae.co.kr/article/2023092515295476810
2023-09,토픽3,최저임금·노사 협상,"은평구, 9월 과태료 자동차세 체납차량 집중 영치",2023-09-10,https://view.asiae.co.kr/article/2023091007420875854
2023-09,토픽3,최저임금·노사 협상,4년 만에 돌아온 ‘서리풀페스티벌’ 팡파르,2023-09-11,https://view.asiae.co.kr/article/2023091107175847854
2023-09,토픽3,최저임금·노사 협상,최호권 영등포구청장 직접 구민 만나 내년 예산 편성,2023-09-18,https://view.asiae.co.kr/article/2023091806475583116
2023-09,토픽3,최저임금·노사 협상,"광양시, 상공인단체 간담회서 현장 목소리 청취",2023-09-08,https://view.asiae.co.kr/article/2023090814182103315
2023-09,토픽3,최저임금·노사 협상,"[포토]이필형 동대문구청장, 소상공인 전통놀이 희망장터 참석",2023-09-02,https://view.asiae.co.kr/article/2023090219134192937
2023-09,토픽4,지역화폐·소비쿠폰,"광양제철소, 추석맞아 전통시장서 소비 촉진 활동",2023-09-26,https://view.asiae.co.kr/article/2023092617173500398
2023-09,토픽4,지역화폐·소비쿠폰,올 추석 영등포사랑상품권(160억) 7% 할인 혜택,2023-09-06,https://view.asiae.co.kr/article/2023090607174509335
2023-09,토픽4,지역화폐·소비쿠폰,"순창사랑상품권, 이달 말까지 구매한도 100만원 확대",2023-09-12,https://view.asiae.co.kr/article/2023091216484592478
2023-09,토픽4,지역화폐·소비쿠폰,"양천구, 추석 맞이 7% 할인 ‘양천사랑상품권’ 114억 푼다",2023-09-07,https://view.asiae.co.kr/article/2023090709260281674
2023-09,토픽4,지역화폐·소비쿠폰,추석맞이 구로사랑상품권 130억원 발행,2023-09-06,https://view.asiae.co.kr/article/2023090606591975433
2023-09,토픽5,물가·민생 거시대책,"경기도, 18일 비상경제 점검회의 中企 소상공인 지원책 점검",2023-09-19,https://view.asiae.co.kr/article/2023091907472042434
2023-09,토픽5,물가·민생 거시대책,"추경호 ""9월 자영업자 대란설 전혀 근거없어 美 FOMC 고금리 유지 전망 만전""",2023-09-21,https://view.asiae.co.kr/article/2023092108273200310
2023-09,토픽5,물가·민생 거시대책,지난해 공공부문 96조 적자 '역대 최대' 원자잿값 코로나 지원 영향,2023-09-20,https://view.asiae.co.kr/article/2023092011571411164
2023-09,토픽5,물가·민생 거시대책,"서울시, 추석 5대 종합대책 안전 나눔 물가관리 등 대비",2023-09-21,https://view.asiae.co.kr/article/2023092108373975911
2023-09,토픽5,물가·민생 거시대책,"재계, 추석 전 협력사 납품대금 6조7000억원 조기 지급",2023-09-17,https://view.asiae.co.kr/article/2023091516175427000
2023-09,토픽6,온라인 플랫폼·디지털 지원,"LGU+, 더본코리아와 통신 DX 기술 접목 식당 연다",2023-09-03,https://view.asiae.co.kr/article/2023090314261290989
2023-09,토픽6,온라인 플랫폼·디지털 지원,"핑거, 소상공인 자영업자 특화 서비스 ‘핑거노트’ 출시",2023-09-25,https://view.asiae.co.kr/article/2023092509542835779
2023-09,토픽6,온라인 플랫폼·디지털 지원,"소상공인 제품, 온라인몰서 최대 20% 할인 '슈퍼서울위크 특별전'",2023-09-08,https://view.asiae.co.kr/article/2023090808375019916
2023-09,토픽6,온라인 플랫폼·디지털 지원,"대형마트 평일 의무휴업일 업계 고객 모두 ""만족""",2023-09-08,https://view.asiae.co.kr/article/2023090716445169473
2023-09,토픽6,온라인 플랫폼·디지털 지원,"주식회사 플레이스, 스마트 스토어 운영 솔루션 애플리케이션 ‘스토어 시스템’ 개발 앞둬",2023-09-19,https://view.asiae.co.kr/article/2023091915135588518
2023-09,토픽7,상생협력·중소기업 지원,"동명대, 디지털특성화대학 2기 개강  지역 소상공인 대상",2023-09-01,https://view.asiae.co.kr/article/2023090118183053303
2023-09,토픽7,상생협력·중소기업 지원,"부산외대 소상공인시장진흥공단, 소상공인 수출 지원 MOU 체결",2023-09-06,https://view.asiae.co.kr/article/2023090617540238717
2023-09,토픽7,상생협력·중소기업 지원,"고속도로 휴게소에서 만나는 '백년가게' 소진공, 활성화 나서",2023-09-12,https://view.asiae.co.kr/article/2023091211190597121
2023-09,토픽7,상생협력·중소기업 지원,"""청년 소상공인 성공신화 중기부가 함께 합니다""",2023-09-14,https://view.asiae.co.kr/article/2023091421543949348
2023-09,토픽7,상생협력·중소기업 지원,'황금녘 동행축제' 대구서 개막 소상공인 응원,2023-09-04,https://view.asiae.co.kr/article/2023090409263603758
2023-10,토픽0,정치권 재난·위기 재정대응,"野, '코로나19 소상공인 재난지원금 환수 면제' 조치 환영",2023-10-30,https://view.asiae.co.kr/article/2023103010405330780
2023-10,토픽0,정치권 재난·위기 재정대응,"당정 ""팬데믹 선지급 재난지원금 환수면제 57만명 대상""",2023-10-29,https://view.asiae.co.kr/article/2023102912415803139
2023-10,토픽0,정치권 재난·위기 재정대응,'김한길 역할론'에 주목받는 국민통합위 尹대통령 직속 1호,2023-10-28,https://view.asiae.co.kr/article/2023102711280208313
2023-10,토픽0,정치권 재난·위기 재정대응,[2023 국감]소상공인 재난지원금 환수 대상 설정 마무리,2023-10-12,https://view.asiae.co.kr/article/2023101216305702507
2023-10,토픽0,정치권 재난·위기 재정대응,[2023 국감] 중기부 R&D 예산삭감 논란 재난지원금 환수 대상 마무리(종합),2023-10-12,https://view.asiae.co.kr/article/2023101217294525002
2023-10,토픽1,은행·금융권 소상공인 지원,"부산시, 중소기업 소상공인 정책자금 지원 ‘순항 중’",2023-10-30,https://view.asiae.co.kr/article/2023103008230948181
2023-10,토픽1,은행·금융권 소상공인 지원,경기신보 '연 3.6% 수준 최대 8년' 특례보증 상품 출시,2023-10-10,https://view.asiae.co.kr/article/2023101016123640350
2023-10,토픽1,은행·금융권 소상공인 지원,"기업은행, 3Q 순익 7316억원 전년비 3.7%감소",2023-10-27,https://view.asiae.co.kr/article/2023102715491520890
2023-10,토픽1,은행·금융권 소상공인 지원,"코로나에 100兆 불어난 자영업자 빚 ""리스크 대응 시급""",2023-10-03,https://view.asiae.co.kr/article/2023100319284587605
2023-10,토픽1,은행·금융권 소상공인 지원,"박종필 대구시의원, 대구신용보증재단 일일명예지점장에 위촉",2023-10-25,https://view.asiae.co.kr/article/2023102515165804987
2023-10,토픽2,코로나 방역·지자체 행정,"정장선 평택시장 ""내년 긴축재정 선택과 집중 필요""",2023-10-25,https://view.asiae.co.kr/article/2023102513001100529
2023-10,토픽2,코로나 방역·지자체 행정,광주 어등산관광단지 조성 사업 ‘속도’,2023-10-31,https://view.asiae.co.kr/article/2023103111373885202
2023-10,토픽2,코로나 방역·지자체 행정,국가채무 1110조 8월 관리재정수지 66조 적자,2023-10-12,https://view.asiae.co.kr/article/2023101210100347635
2023-10,토픽2,코로나 방역·지자체 행정,역대급 세수 감소 충격에 이천시 비상재정 체제 돌입,2023-10-24,https://view.asiae.co.kr/article/2023102414381673547
2023-10,토픽2,코로나 방역·지자체 행정,"경기신보, 11일 비전선포 ""보증강화 재원확충 지역보증체계 구축""",2023-10-11,https://view.asiae.co.kr/article/2023101118484934309
2023-10,토픽3,최저임금·노사 협상,세종시 “수변상가 등 허용용도 완화 상가 공실 문제 해소”,2023-10-30,https://view.asiae.co.kr/article/2023103016114413800
2023-10,토픽3,최저임금·노사 협상,"""상생 협약 체결 완료"" 스타필드 수원 연내 문 연다",2023-10-11,https://view.asiae.co.kr/article/2023101110012168282
2023-10,토픽3,최저임금·노사 협상,하나금융 무료 웨딩홀 '하나 그랜드 홀' 1호 부부 탄생,2023-10-15,https://view.asiae.co.kr/article/2023101509075234041
2023-10,토픽3,최저임금·노사 협상,[논단]조각난 공휴일 재배치 어떤가요,2023-10-06,https://view.asiae.co.kr/article/2023100514213200034
2023-10,토픽3,최저임금·노사 협상,"尹 지지율, 의대정원 확대에 중동 바람 타고 반등(종합)",2023-10-27,https://view.asiae.co.kr/article/2023102710341607656
2023-10,토픽4,지역화폐·소비쿠폰,"양천구, 오목내길 ‘골목형 상점가’ 인정서 전달식 개최",2023-10-05,https://view.asiae.co.kr/article/2023100518040062499
2023-10,토픽4,지역화폐·소비쿠폰,"광진구, 140억원 규모 광진사랑상품권 발행",2023-10-30,https://view.asiae.co.kr/article/2023103017322386364
2023-10,토픽4,지역화폐·소비쿠폰,관악구 낙성대 별길 축제 ‘낙낙별길’ 개최,2023-10-19,https://view.asiae.co.kr/article/2023101907020862195
2023-10,토픽4,지역화폐·소비쿠폰,화성시 '제1회 소상공인의 날' 행사 성료,2023-10-30,https://view.asiae.co.kr/article/2023103010295844921
2023-10,토픽4,지역화폐·소비쿠폰,"화성시, 농어민기본소득 20일까지 접수",2023-10-09,https://view.asiae.co.kr/article/2023100920295889624
2023-10,토픽5,물가·민생 거시대책,"기재차관 ""이-팔 사태 전개 낙관할 수 없어 대비태세 갖춰야""",2023-10-12,https://view.asiae.co.kr/article/2023101209145283303
2023-10,토픽5,물가·민생 거시대책,"물가안정 총력 당정 ""배추 가용물량 2900t 방출""",2023-10-22,https://view.asiae.co.kr/article/2023102218573140924
2023-10,토픽5,물가·민생 거시대책,"[2023 국감]이창용 총재 ""물가안정에 중점 긴축 통화정책 기조 계속""",2023-10-23,https://view.asiae.co.kr/article/2023102310292997671
2023-10,토픽5,물가·민생 거시대책,"""폐업만 연간 3800건"" 자영업자 고용보험 소멸 3년간 72% 급증",2023-10-06,https://view.asiae.co.kr/article/2023100610145606690
2023-10,토픽5,물가·민생 거시대책,"한총리 ""정부, 럼피스킨병 추가확산 방지 총력 대응""",2023-10-29,https://view.asiae.co.kr/article/2023102911032908196
2023-10,토픽6,온라인 플랫폼·디지털 지원,"GS25 ""카톡으로 동네소식 받아보세요"" O4O 마케팅 강화",2023-10-18,https://view.asiae.co.kr/article/2023101807584322967
2023-10,토픽6,온라인 플랫폼·디지털 지원,"NS샵플러스, '쎄아 밴 전기 자동차' 론칭 방송",2023-10-13,https://view.asiae.co.kr/article/2023101307570149969
2023-10,토픽6,온라인 플랫폼·디지털 지원,"3000원에 따뜻한 한끼 KB금융, ‘KB마음가게’ 캠페인 영상 공개",2023-10-29,https://view.asiae.co.kr/article/2023102910391881960
2023-10,토픽6,온라인 플랫폼·디지털 지원,"SK스토아, 민간 홈쇼핑 최초 '유통망 상생결제' 도입",2023-10-16,https://view.asiae.co.kr/article/2023101611220317600
2023-10,토픽6,온라인 플랫폼·디지털 지원,"서울시, 우체국쇼핑과 소상공인 온라인전용관 개설",2023-10-16,https://view.asiae.co.kr/article/2023101608330581357
2023-10,토픽7,상생협력·중소기업 지원,"주식회사 플레이스, ‘2023 대한민국 신뢰받는 혁신대상’서 혁신경영 소상공인지원 부문 대상 수상",2023-10-11,https://view.asiae.co.kr/article/2023101112325159462
2023-10,토픽7,상생협력·중소기업 지원,"중기유통센터, 행정안전부 공공데이터 개방 활용 유공 표창",2023-10-20,https://view.asiae.co.kr/article/2023102010080869974
2023-10,토픽7,상생협력·중소기업 지원,전국 우수 전통시장 한자리에 모였다,2023-10-06,https://view.asiae.co.kr/article/2023100609550095805
2023-10,토픽7,상생협력·중소기업 지원,'눈꽃 동행축제' 참여 기업 100개 뽑는다,2023-10-22,https://view.asiae.co.kr/article/2023102015163640989
2023-10,토픽7,상생협력·중소기업 지원,"삼양라운드스퀘어, 제1회 원주청년축제 '원터치 페스티벌' 개최",2023-10-19,https://view.asiae.co.kr/article/2023101908253380129
2023-11,토픽0,정치권 재난·위기 재정대응,"경기도, 청년기본소득 1일부터 접수 분기당 25만원 지급",2023-11-02,https://view.asiae.co.kr/article/2023110208280261225
2023-11,토픽0,정치권 재난·위기 재정대응,"홍익표 ""與, 꼼수 지연 정부 예산안 4.6조 삭감할 것""",2023-11-28,https://view.asiae.co.kr/article/2023112810540617493
2023-11,토픽0,정치권 재난·위기 재정대응,"[뉴스속 용어]또 찾아온 겨울 불청객, ‘미세먼지 계절관리제’",2023-11-27,https://view.asiae.co.kr/article/2023112715194562311
2023-11,토픽0,정치권 재난·위기 재정대응,또 밀실로 간 내년도 예산안..올해도 법정시한 넘기나,2023-11-27,https://view.asiae.co.kr/article/2023112710244536520
2023-11,토픽0,정치권 재난·위기 재정대응,"민주, 소득재분배 강조 '횡재세' 도입 시동",2023-11-08,https://view.asiae.co.kr/article/2023110810284239544
2023-11,토픽1,은행·금융권 소상공인 지원,"새마을금고 ""연말까지 가계대출 중도상환수수료 면제""",2023-11-30,https://view.asiae.co.kr/article/2023113017093165366
2023-11,토픽1,은행·금융권 소상공인 지원,"케이뱅크, 개인사업자 연 5%대 중신용 대출 출시",2023-11-01,https://view.asiae.co.kr/article/2023110109025948030
2023-11,토픽1,은행·금융권 소상공인 지원,작년 은행 희망퇴직자 3억~6억원 받고 4000명 떠났다,2023-11-02,https://view.asiae.co.kr/article/2023110210173402753
2023-11,토픽1,은행·금융권 소상공인 지원,"케이뱅크, '사장님 신용대출' 금리 최대 1.92%P 인하",2023-11-22,https://view.asiae.co.kr/article/2023112210545381447
2023-11,토픽1,은행·금융권 소상공인 지원,월급 절반 '순삭' 다시 뛰는 주담대 금리,2023-11-03,https://view.asiae.co.kr/article/2023110309431087473
2023-11,토픽2,코로나 방역·지자체 행정,"이상철 곡성군수, 시정연설 통해 내년 군정방향 제시",2023-11-23,https://view.asiae.co.kr/article/2023112320351624248
2023-11,토픽2,코로나 방역·지자체 행정,나주시 ‘내년 본예산 9396억원’ 시의회 제출,2023-11-20,https://view.asiae.co.kr/article/2023112014442968755
2023-11,토픽2,코로나 방역·지자체 행정,"금천구, 2024년 예산 7348억 원 편성",2023-11-24,https://view.asiae.co.kr/article/2023112406590279260
2023-11,토픽2,코로나 방역·지자체 행정,"대전시, 내년 살림살이 6.5조원 ‘전년대비 0.4%↓’",2023-11-12,https://view.asiae.co.kr/article/2023111214331740886
2023-11,토픽2,코로나 방역·지자체 행정,"사천시, 내년도 당초 예산 9318억 원 편성",2023-11-22,https://view.asiae.co.kr/article/2023112120295020054
2023-11,토픽3,최저임금·노사 협상,"윤희근 경찰청장 ""기동순찰대 형사기동대, 치안수요 급증 지역 투입 예정""",2023-11-22,https://view.asiae.co.kr/article/2023112213104488509
2023-11,토픽3,최저임금·노사 협상,"오세훈 시장 ""저출생 위기 극복 위해 일터 바뀌어야""",2023-11-23,https://view.asiae.co.kr/article/2023112308180516937
2023-11,토픽3,최저임금·노사 협상,"'中企인 만난' 김동연 ""경제 총괄했던 사람으로서 내년 우리경제 걱정된다""",2023-11-13,https://view.asiae.co.kr/article/2023111314280744266
2023-11,토픽3,최저임금·노사 협상,노원구 '제1회 차 없는 거리 축제' 개최,2023-11-02,https://view.asiae.co.kr/article/2023110207392808445
2023-11,토픽3,최저임금·노사 협상,금융협회장 만난 김주현 “고금리 완화-가계부채 관리 협조를”,2023-11-06,https://view.asiae.co.kr/article/2023110609010869992
2023-11,토픽4,지역화폐·소비쿠폰,제3차 관악사랑상품권 125억 추가 발행,2023-11-06,https://view.asiae.co.kr/article/2023110607482019328
2023-11,토픽4,지역화폐·소비쿠폰,"순천사랑상품권, 반짝 10% 특별할인 판매",2023-11-27,https://view.asiae.co.kr/article/2023112715372852682
2023-11,토픽4,지역화폐·소비쿠폰,"평택시, '평택8경+영수증' 이벤트 실시",2023-11-03,https://view.asiae.co.kr/article/2023110313551155160
2023-11,토픽4,지역화폐·소비쿠폰,"순천시, 원도심 상권활성화사업 선정",2023-11-09,https://view.asiae.co.kr/article/2023110911445961018
2023-11,토픽4,지역화폐·소비쿠폰,"""성북사랑상품권 골목상권 살리는 링거!""",2023-11-29,https://view.asiae.co.kr/article/2023112920510249131
2023-11,토픽5,물가·민생 거시대책,10월 물가 3.8%↑ 농산물 급등 유가 불안에 위태로운 '물가안정'(종합),2023-11-02,https://view.asiae.co.kr/article/2023110210052116867
2023-11,토픽5,물가·민생 거시대책,"이번 겨울부턴 어린이집 도시가스료 깎아준다 ""에너지 취약계층 지원강화""",2023-11-02,https://view.asiae.co.kr/article/2023110117052131450
2023-11,토픽5,물가·민생 거시대책,"결국 '표' 택한 정부 전기료, 주택용 '동결' 산업용만 10.6원↑",2023-11-08,https://view.asiae.co.kr/article/2023110815042201356
2023-11,토픽5,물가·민생 거시대책,韓 기업부채 경고음 세계서 두번째로 빨리 증가,2023-11-19,https://view.asiae.co.kr/article/2023111918015077220
2023-11,토픽5,물가·민생 거시대책,"공매도 조치에 입 연 尹 ""방치하면 신뢰 저하 투자자 이탈 개선안 만들때까지 금지""(종합)",2023-11-14,https://view.asiae.co.kr/article/2023111410361677223
2023-11,토픽6,온라인 플랫폼·디지털 지원,"미성년자 위조 신분증 앱으로 잡는다 통신3사, PASS 검증 서비스 출시",2023-11-22,https://view.asiae.co.kr/article/2023112209232333999
2023-11,토픽6,온라인 플랫폼·디지털 지원,"소비자 68% ""온라인 주류 판매 미성년자 구매 문제 해결되면 OK""",2023-11-10,https://view.asiae.co.kr/article/2023111016503850292
2023-11,토픽6,온라인 플랫폼·디지털 지원,물가 뛰니 PB 매출 훨훨 나네,2023-11-16,https://view.asiae.co.kr/article/2023111417521775196
2023-11,토픽6,온라인 플랫폼·디지털 지원,"렛츠런파크 부산경남, ‘깨알이와 함께하는 블랙프라이데이’ 연다",2023-11-13,https://view.asiae.co.kr/article/2023111315020177203
2023-11,토픽6,온라인 플랫폼·디지털 지원,"중기유통센터, 부산에서 아이디어스와 '소담상회'",2023-11-22,https://view.asiae.co.kr/article/2023112208492425187
2023-11,토픽7,상생협력·중소기업 지원,12월 눈꽃 동행축제 100개 기업 '동행',2023-11-22,https://view.asiae.co.kr/article/2023112209505526058
2023-11,토픽7,상생협력·중소기업 지원,"경북개발공사, ‘올해의 SNS’ 유튜브 부문 최우수상 받아",2023-11-27,https://view.asiae.co.kr/article/2023112715561717934
2023-11,토픽7,상생협력·중소기업 지원,‘제2회 부산 소상공인의 날 기념행사’ 개최,2023-11-08,https://view.asiae.co.kr/article/2023110808290023603
2023-11,토픽7,상생협력·중소기업 지원,"우아한형제들, 동반성장주간 중기부 장관 표창 수상",2023-11-30,https://view.asiae.co.kr/article/2023113008465299927
2023-11,토픽7,상생협력·중소기업 지원,올해 첫 '윈윈 아너스' 5건 선정 대 중소 동반성장 우수사례,2023-11-07,https://view.asiae.co.kr/article/2023110709502382126
2023-12,토픽0,정치권 재난·위기 재정대응,이견 못 좁힌 여야 협의체 민생법안 처리 '공회전',2023-12-19,https://view.asiae.co.kr/article/2023121917004979116
2023-12,토픽0,정치권 재난·위기 재정대응,"與野, '민생법안 2+2 협의체' 가동 동상이몽",2023-12-05,https://view.asiae.co.kr/article/2023120516414908607
2023-12,토픽0,정치권 재난·위기 재정대응,與野 2+2 법안협의체 본격 가동 협상 통한 '패키지딜' 성사될까,2023-12-12,https://view.asiae.co.kr/article/2023121215530647419
2023-12,토픽0,정치권 재난·위기 재정대응,"'민주당 2호 인재' 이재성 ""부산 출마 희망한다""(종합)",2023-12-14,https://view.asiae.co.kr/article/2023121411325635429
2023-12,토픽0,정치권 재난·위기 재정대응,"""알바생이 아파 보여서 병가 줬더니 킵해두고 나중에 쓰겠답니다""",2023-12-19,https://view.asiae.co.kr/article/2023121910074185716
2023-12,토픽1,은행·금융권 소상공인 지원,"케이뱅크, 신보와 개인사업자 비대면 보증상품 개발",2023-12-06,https://view.asiae.co.kr/article/2023120609105211864
2023-12,토픽1,은행·금융권 소상공인 지원,"개인사업자 187만명에 1.6조 ‘캐시백’ 은행, 2조+α낸다",2023-12-21,https://view.asiae.co.kr/article/2023122016502863239
2023-12,토픽1,은행·금융권 소상공인 지원,"카카오뱅크, 광주신용보증재단과 100억원 규모 특별보증",2023-12-04,https://view.asiae.co.kr/article/2023120409405926431
2023-12,토픽1,은행·금융권 소상공인 지원,"NH농협, 2148억원 규모 민생 금융지원 나서",2023-12-28,https://view.asiae.co.kr/article/2023122813261911979
2023-12,토픽1,은행·금융권 소상공인 지원,금융위원장 “PF연착륙 추진 금융사 손실흡수능력 확충”,2023-12-29,https://view.asiae.co.kr/article/2023122915175908534
2023-12,토픽2,코로나 방역·지자체 행정,"광주 서구, 생활밀착형 정책 주민 삶의 질 향상 주력",2023-12-28,https://view.asiae.co.kr/article/2023122814033247348
2023-12,토픽2,코로나 방역·지자체 행정,"이재준 수원시장 ""내년엔 시민주도 지방자치 실현위해 혁신""",2023-12-19,https://view.asiae.co.kr/article/2023121914535783538
2023-12,토픽2,코로나 방역·지자체 행정,"송파구, 2024년도 본예산 1조2083억원 확정...송파대로 명품거리 조성",2023-12-29,https://view.asiae.co.kr/article/2023122907101688499
2023-12,토픽2,코로나 방역·지자체 행정,화순군 '30년 앞당기는 토대' 구축 민선 8기 2년 차 성과 톡톡,2023-12-26,https://view.asiae.co.kr/article/2023122617445526336
2023-12,토픽2,코로나 방역·지자체 행정,"국회서 감액된 내년 정부예산 들여다보니 R&D SOC 늘고, 교육 국방 줄었다",2023-12-22,https://view.asiae.co.kr/article/2023122210082085022
2023-12,토픽3,최저임금·노사 협상,"'성난' 서울 중구민 중구의회 규탄 ...""쓰레기 대란 등 혼란 책임 져라""",2023-12-27,https://view.asiae.co.kr/article/2023122707175697849
2023-12,토픽3,최저임금·노사 협상,서울 중구-중구의회 갈등 '예산 삭감' 결국 '주민 피해',2023-12-13,https://view.asiae.co.kr/article/2023121307344404507
2023-12,토픽3,최저임금·노사 협상,'골목길 경제학자' 모종린 교수 양재천 상권 살리기 특강,2023-12-01,https://view.asiae.co.kr/article/2023120108302002145
2023-12,토픽3,최저임금·노사 협상,"경기도, 31일 옛 도청사에서 송년행사",2023-12-28,https://view.asiae.co.kr/article/2023122807113844231
2023-12,토픽3,최저임금·노사 협상,"""산타가 오셨네~~~""...서울 자치구마다 크리스마스 축제 개최",2023-12-18,https://view.asiae.co.kr/article/2023121808385734929
2023-12,토픽4,지역화폐·소비쿠폰,"정읍사랑상품권, 내년 600억원 발행 ‘지역경제 버팀목’",2023-12-22,https://view.asiae.co.kr/article/2023122210550825036
2023-12,토픽4,지역화폐·소비쿠폰,굿네이버스 호남본부-루미네일 '좋은이웃가게' 현판 전달,2023-12-12,https://view.asiae.co.kr/article/2023121216203347005
2023-12,토픽4,지역화폐·소비쿠폰,"고창사랑상품권, 10%할인판매 1인당 100만원까지",2023-12-01,https://view.asiae.co.kr/article/2023120109462199512
2023-12,토픽4,지역화폐·소비쿠폰,굿네이버스 -민트아동발달센터 '좋은이웃가게' 현판 전달,2023-12-11,https://view.asiae.co.kr/article/2023121116023864258
2023-12,토픽4,지역화폐·소비쿠폰,"기업은행, 재능기부로 인천축산물시장 새 단장",2023-12-08,https://view.asiae.co.kr/article/2023120808362372841
2023-12,토픽5,물가·민생 거시대책,"""풍수해 보험 가입하세요"" 경기도 70% 지원",2023-12-06,https://view.asiae.co.kr/article/2023120608175859439
2023-12,토픽5,물가·민생 거시대책,최상목 경제부총리 후보자 “물가 안착시킬 것 민생에 총력”,2023-12-19,https://view.asiae.co.kr/article/2023121910064475623
2023-12,토픽5,물가·민생 거시대책,"최상목 ""건설경기 어려워 건설투자 활성화 나설 것""",2023-12-29,https://view.asiae.co.kr/article/2023122909292996055
2023-12,토픽5,물가·민생 거시대책,[논단]재정지출 늘려 내수진작할 필요 있다,2023-12-04,https://view.asiae.co.kr/article/2023120409003371331
2023-12,토픽5,물가·민생 거시대책,"미트박스 ""고물가라지만 한우값 떨어져요"" 10년 데이터로 분석",2023-12-13,https://view.asiae.co.kr/article/2023121308534806316
2023-12,토픽6,온라인 플랫폼·디지털 지원,'슈퍼서울위크' 개막 소상공인 제품 최대 20% 할인,2023-12-08,https://view.asiae.co.kr/article/2023120807354031624
2023-12,토픽6,온라인 플랫폼·디지털 지원,"'플랫폼' 키우는 CJ제일제당, 온라인몰에 소상공인 전문관 개설",2023-12-29,https://view.asiae.co.kr/article/2023122909082608237
2023-12,토픽6,온라인 플랫폼·디지털 지원,"경북도, 농특산물 쇼핑몰 ‘사이소’ 매출 420억원 돌파",2023-12-10,https://view.asiae.co.kr/article/2023121009540771885
2023-12,토픽6,온라인 플랫폼·디지털 지원,국민비서 '구삐' 신규 서비스 14종 추가,2023-12-13,https://view.asiae.co.kr/article/2023121307503462023
2023-12,토픽6,온라인 플랫폼·디지털 지원,"'라이브커머스 1등 도시' 마포구, 소상공인 위해 Grip과 손 잡다",2023-12-05,https://view.asiae.co.kr/article/2023120506571120847
2023-12,토픽7,상생협력·중소기업 지원,국립목포대 ‘소상공인 디지털 특성화 대학’ 우수 운영대학 선정,2023-12-22,https://view.asiae.co.kr/article/2023122209565222298
2023-12,토픽7,상생협력·중소기업 지원,"오기웅 중기부 차관, 눈꽃동행축제 소상공인 中企 격려",2023-12-14,https://view.asiae.co.kr/article/2023121417502211725
2023-12,토픽7,상생협력·중소기업 지원,기업가형 소상공인 한자리에 '로컬 페스타 with 라이콘' 개최,2023-12-07,https://view.asiae.co.kr/article/2023120711260482271
2023-12,토픽7,상생협력·중소기업 지원,"G마켓, 한국유통대상 국무총리상 ""소상공인 지원 공로""",2023-12-22,https://view.asiae.co.kr/article/2023122207511476266
2023-12,토픽7,상생협력·중소기업 지원,"롯데온""백년가게 백년소공인 성장돕는 ‘2023 동행축제’ 진행""",2023-12-17,https://view.asiae.co.kr/article/2023121604595019401
2024-01,토픽0,정치권 재난·위기 재정대응,"여야, 막판까지 팽팽 '중대재해법 유예' 좌초 위기",2024-01-25,https://view.asiae.co.kr/article/2024012510145688972
2024-01,토픽0,정치권 재난·위기 재정대응,"여야, 중대재해법 유예 불발 재논의 가능성 열려 있을까",2024-01-25,https://view.asiae.co.kr/article/2024012517133528659
2024-01,토픽0,정치권 재난·위기 재정대응,"與, 중처법 확대 시행 ""민주당 고집 영세 소상공인 피해""",2024-01-27,https://view.asiae.co.kr/article/2024012714424877553
2024-01,토픽0,정치권 재난·위기 재정대응,소상공인 57만명 코로나 지원금 환수 면제 8000억원 규모,2024-01-02,https://view.asiae.co.kr/article/2024010211371973617
2024-01,토픽0,정치권 재난·위기 재정대응,"짜장면 먹다 씹힌 담배꽁초 ""액상만 핀다""는 변명에 분통",2024-01-11,https://view.asiae.co.kr/article/2024011113413912154
2024-01,토픽1,은행·금융권 소상공인 지원,"인천시, 소상공인 경영안정자금 대출 상환 최장 1년 유예",2024-01-03,https://view.asiae.co.kr/article/2024010310300214471
2024-01,토픽1,은행·금융권 소상공인 지원,"카카오뱅크, 민생금융 지원방안 동참 372억원 규모",2024-01-10,https://view.asiae.co.kr/article/2024011010003497733
2024-01,토픽1,은행·금융권 소상공인 지원,"서울시, '1조 7천억원' 소상공인 지원 정책자금 공급",2024-01-08,https://view.asiae.co.kr/article/2024010720555921150
2024-01,토픽1,은행·금융권 소상공인 지원,"부산시, 역대 최대 '2조 115억원' 정책자금 조기 공급",2024-01-10,https://view.asiae.co.kr/article/2024011008545963656
2024-01,토픽1,은행·금융권 소상공인 지원,"안양시, 올해 150억원 규모 소상공인 특례보증 지원",2024-01-11,https://view.asiae.co.kr/article/2024011110342076513
2024-01,토픽2,코로나 방역·지자체 행정,"‘창의 융합 혁신’  이강덕 시장, 지속 가능 포항 건설 매진",2024-01-02,https://view.asiae.co.kr/article/2024010217432251828
2024-01,토픽2,코로나 방역·지자체 행정,"완도군, 2024년도 업무 계획 점검 ‘추진력 높인다’",2024-01-18,https://view.asiae.co.kr/article/2024011809413583305
2024-01,토픽2,코로나 방역·지자체 행정,"곡성군, 업무계획 보고회 개최",2024-01-18,https://view.asiae.co.kr/article/2024011809215749161
2024-01,토픽2,코로나 방역·지자체 행정,"박완수 경남지사, 재도약 위한 2024년 5대 정책 제시",2024-01-09,https://view.asiae.co.kr/article/2024010911491640982
2024-01,토픽2,코로나 방역·지자체 행정,"부산시, 새해 시정 업무계획 보고회 개최  글로벌 허브도시 도약 디딤돌",2024-01-15,https://view.asiae.co.kr/article/2024011508072326364
2024-01,토픽3,최저임금·노사 협상,"오영주 장관, 소상공인 전통시장 업계와 현장소통 시작",2024-01-03,https://view.asiae.co.kr/article/2024010311011279336
2024-01,토픽3,최저임금·노사 협상,[포토]용문시장 파이팅 외치는 오영주 장관,2024-01-03,https://view.asiae.co.kr/article/2024010313174241059
2024-01,토픽3,최저임금·노사 협상,진교훈 강서구청장 취임 100일... 오로지 민생  안전 전념,2024-01-19,https://view.asiae.co.kr/article/2024011921224453136
2024-01,토픽3,최저임금·노사 협상,[포토]전통시장 간담회에서 인사말하는 오영주 장관,2024-01-03,https://view.asiae.co.kr/article/2024010313165438555
2024-01,토픽3,최저임금·노사 협상,"진교훈 강서구청장 ""올해 정책 키워드 균형발전 안전안심 민생경제""",2024-01-09,https://view.asiae.co.kr/article/2024010918404201570
2024-01,토픽4,지역화폐·소비쿠폰,"""노후 간판 교체 최대 200만원 준다""...양천구, 내달 1일부터",2024-01-30,https://view.asiae.co.kr/article/2024013009395634562
2024-01,토픽4,지역화폐·소비쿠폰,"양천구, 노후 간판 150개소 교체 지원 최대 200만 원",2024-01-30,https://view.asiae.co.kr/article/2024013006592437937
2024-01,토픽4,지역화폐·소비쿠폰,"영등포구, 설 맞이 지역사랑 상품권 40억 푼다",2024-01-24,https://view.asiae.co.kr/article/2024012422213435550
2024-01,토픽4,지역화폐·소비쿠폰,"순창사랑상품권, 2월 한달간 할인율 구매한도 확대",2024-01-31,https://view.asiae.co.kr/article/2024013114284741050
2024-01,토픽4,지역화폐·소비쿠폰,설 명절 맞아 '광진사랑상품권  광진땡겨요상품권' 발행,2024-01-25,https://view.asiae.co.kr/article/2024012516582687214
2024-01,토픽5,물가·민생 거시대책,"최상목 ""민생회복이라면 뭐든 다할 것 성수품 값 전년보다 낮게""",2024-01-16,https://view.asiae.co.kr/article/2024011608305853817
2024-01,토픽5,물가·민생 거시대책,특허청 “특허출원 역대 최고 반도체 이차전지가 주도”,2024-01-10,https://view.asiae.co.kr/article/2024011009550060369
2024-01,토픽5,물가·민생 거시대책,"金사과 배 최대 60% 할인 정부, 840억 쏟아붓는다",2024-01-16,https://view.asiae.co.kr/article/2024011517020016257
2024-01,토픽5,물가·민생 거시대책,"중기부, 소상공인 고용보험료 최대 80% 지원",2024-01-10,https://view.asiae.co.kr/article/2024011009353294194
2024-01,토픽5,물가·민생 거시대책,[2024경제정책] ”내수가 관건” 성장률 2.4%→2.2% 하향 물가 상승률 2.6%,2024-01-04,https://view.asiae.co.kr/article/2024010409240800884
2024-01,토픽6,온라인 플랫폼·디지털 지원,"쿠팡, 영세상인 신선식품도 '로켓배송'",2024-01-18,https://view.asiae.co.kr/article/2024011810543891173
2024-01,토픽6,온라인 플랫폼·디지털 지원,"AI 사진 편집 어플 ‘포토룸’, 한국 진출",2024-01-03,https://view.asiae.co.kr/article/2024010315461920218
2024-01,토픽6,온라인 플랫폼·디지털 지원,"KT-와이더플래닛, 초개인화 마케팅 플랫폼 제휴",2024-01-23,https://view.asiae.co.kr/article/2024012310413177980
2024-01,토픽6,온라인 플랫폼·디지털 지원,"브링미커피컴퍼니,아도록과 ‘지역상생 아동센터 기부 프로젝트’ 실시",2024-01-10,https://view.asiae.co.kr/article/2024011010371559815
2024-01,토픽6,온라인 플랫폼·디지털 지원,"배민스토어, 전통시장 서비스 오픈",2024-01-30,https://view.asiae.co.kr/article/2024013009591565963
2024-01,토픽7,상생협력·중소기업 지원,"“산모 태반에도 미세플라스틱” 신라대 ESG경영연구소, 시민운동전문강사 컨퍼런스",2024-01-08,https://view.asiae.co.kr/article/2024010815421591907
2024-01,토픽7,상생협력·중소기업 지원,"창의 기반 소상공인, 기업가형으로 본격 육성",2024-01-30,https://view.asiae.co.kr/article/2024013010550748853
2024-01,토픽7,상생협력·중소기업 지원,"전통시장 경쟁력 높인다 중기부, 특성화시장 육성 강화",2024-01-31,https://view.asiae.co.kr/article/2024013108223007735
2024-01,토픽7,상생협력·중소기업 지원,안성시 '중소 벤처기업 지원사업' 설명회 30일 개최,2024-01-24,https://view.asiae.co.kr/article/2024012413492188347
2024-01,토픽7,상생협력·중소기업 지원,소상공인 제품 소비촉진 행사 '동행축제' 지난해 4조 매출 올려,2024-01-09,https://view.asiae.co.kr/article/2024010909003189040
2024-02,토픽0,정치권 재난·위기 재정대응,"尹, 민주당 중대재해처벌법 유예안 거부에 ""끝내 민생 외면""(종합)",2024-02-01,https://view.asiae.co.kr/article/2024020118464499486
2024-02,토픽0,정치권 재난·위기 재정대응,"[총선 격전지]⑪계양을 빅매치 '명룡대전' 지역민들 ""정치가 쇼인지...""",2024-02-19,https://view.asiae.co.kr/article/2024021612090158437
2024-02,토픽0,정치권 재난·위기 재정대응,홍익표 “중대재해처벌법 이미 시행 이제와서 유예는 법 원칙 어긋나”,2024-02-02,https://view.asiae.co.kr/article/2024020209211126489
2024-02,토픽0,정치권 재난·위기 재정대응,"대통령실 ""민주당, 중대재해처벌법 유예 제안 외면 대단히 유감""",2024-02-01,https://view.asiae.co.kr/article/2024020117124836742
2024-02,토픽0,정치권 재난·위기 재정대응,"[전문]'정권 심판론' 띄운 홍익표 ""대안세력 민주당뿐""",2024-02-20,https://view.asiae.co.kr/article/2024022010470858807
2024-02,토픽1,은행·금융권 소상공인 지원,"산청군, 중소기업 소상공인 육성기금 융자지원",2024-02-19,https://view.asiae.co.kr/article/2024021911153554861
2024-02,토픽1,은행·금융권 소상공인 지원,"KB국민, 소상공인 '이자 캐시백' 3005억 지원 은행권 최대",2024-02-01,https://view.asiae.co.kr/article/2024020111584422982
2024-02,토픽1,은행·금융권 소상공인 지원,"대구銀, 이자 캐시백 442억 소상공인 6만명에 지원",2024-02-01,https://view.asiae.co.kr/article/2024020115333137410
2024-02,토픽1,은행·금융권 소상공인 지원,저축은행 캐피탈도 소상공인 '이자 캐시백' 3월초 신청절차 발표,2024-02-12,https://view.asiae.co.kr/article/2024021211171547022
2024-02,토픽1,은행·금융권 소상공인 지원,"BNK 부산 경남은행, 소상공인 자영업자에 832억원 대출이자 돌려준다",2024-02-01,https://view.asiae.co.kr/article/2024020117575026208
2024-02,토픽2,코로나 방역·지자체 행정,작년 국세 52조원 덜 걷혔다,2024-02-15,https://view.asiae.co.kr/article/2024021508574463431
2024-02,토픽2,코로나 방역·지자체 행정,尹정부 첫 노사정 대화 인구구조 변화 등 본격 논의,2024-02-06,https://view.asiae.co.kr/article/2024020609471301843
2024-02,토픽2,코로나 방역·지자체 행정,"고경애 광주 서구의회 의장, 소상공인 위한 노력 인정 받아",2024-02-28,https://view.asiae.co.kr/article/2024022810311968731
2024-02,토픽2,코로나 방역·지자체 행정,정명근 화성시장 '100만 시민과의 만남' 성료,2024-02-07,https://view.asiae.co.kr/article/2024020714524423876
2024-02,토픽2,코로나 방역·지자체 행정,"""올해 상반기 신속집행 규모 389조원"" 기재부, 재정집행 점검회의",2024-02-22,https://view.asiae.co.kr/article/2024022215124771292
2024-02,토픽3,최저임금·노사 협상,"최태원, 서울상의 회장 만장일치 추대 대한상의 회장 사실상 연임",2024-02-29,https://view.asiae.co.kr/article/2024022914534797214
2024-02,토픽3,최저임금·노사 협상,"류진 한경협 회장 ""경제정책 대안제시"" 상속세 개편 등 역할기대",2024-02-16,https://view.asiae.co.kr/article/2024021608310198244
2024-02,토픽3,최저임금·노사 협상,도봉구 주차단속 기준 완화 주민들 '긍정 평가',2024-02-26,https://view.asiae.co.kr/article/2024022607174724158
2024-02,토픽3,최저임금·노사 협상,"[뉴스속 용어]보조금 싹둑 잘렸다, ‘LFP 배터리’",2024-02-21,https://view.asiae.co.kr/article/2024022115393997397
2024-02,토픽3,최저임금·노사 협상,"류진 한경협 회장 ""4대그룹 회장단 영입 추진""(종합)",2024-02-16,https://view.asiae.co.kr/article/2024021613333633438
2024-02,토픽4,지역화폐·소비쿠폰,"김산 무안군수, 설맞이 전통시장 장보기 동참",2024-02-07,https://view.asiae.co.kr/article/2024020710133325744
2024-02,토픽4,지역화폐·소비쿠폰,"남해군, 농어업 경영주 공동경영주는 “농어업인 수당 신청하세요”",2024-02-21,https://view.asiae.co.kr/article/2024022109280418343
2024-02,토픽4,지역화폐·소비쿠폰,"중랑구, 골목형상점가 늘려 골목상권 경쟁력 강화",2024-02-05,https://view.asiae.co.kr/article/2024020507213798575
2024-02,토픽4,지역화폐·소비쿠폰,"고성군, 지역경제 활성화 고성사랑상품권 도내 군부 중 최다 290억 발행",2024-02-14,https://view.asiae.co.kr/article/2024021411044354244
2024-02,토픽4,지역화폐·소비쿠폰,"안성시, 지역화폐로 농민기본소득 지급",2024-02-21,https://view.asiae.co.kr/article/2024022114163837810
2024-02,토픽5,물가·민생 거시대책,"경기도 ""올해부터 풍수해보험료 낮아집니다""",2024-02-15,https://view.asiae.co.kr/article/2024021509400695734
2024-02,토픽5,물가·민생 거시대책,"기재1차관 ""2~3월 농축수산물 할인지원에 300억 투입""",2024-02-15,https://view.asiae.co.kr/article/2024021508375265155
2024-02,토픽5,물가·민생 거시대책,고창군 ‘설 명절 물가대책 종합상황실’ 운영,2024-02-05,https://view.asiae.co.kr/article/2024020509583118588
2024-02,토픽5,물가·민생 거시대책,4등급 경유차 등 조기폐차 지원 18만대로 확대,2024-02-19,https://view.asiae.co.kr/article/2024021813154812234
2024-02,토픽5,물가·민생 거시대책,"풍수해보험 가입 문턱 낮춘다 영등포구, 자부담 보험료 지원 확대",2024-02-02,https://view.asiae.co.kr/article/2024020208380623847
2024-02,토픽6,온라인 플랫폼·디지털 지원,당근하던 사람들 '테무'로 몰려갔다 15만원 쿠폰까지 '큰일',2024-02-15,https://view.asiae.co.kr/article/2024021508342938198
2024-02,토픽6,온라인 플랫폼·디지털 지원,"""설차례상, 전통시장이 대형마트보다 15.9% 저렴""",2024-02-02,https://view.asiae.co.kr/article/2024020210091933431
2024-02,토픽6,온라인 플랫폼·디지털 지원,"구영배의 꿈 ""글로벌 이커머스 생태계, 한국 중심으로 완성""",2024-02-19,https://view.asiae.co.kr/article/2024021821231115122
2024-02,토픽6,온라인 플랫폼·디지털 지원,"렛츠런파크 부산경남, 3월 경마시행 계획 발표",2024-02-26,https://view.asiae.co.kr/article/2024022617100010397
2024-02,토픽6,온라인 플랫폼·디지털 지원,"'장사의 신' ""네이버 카페 조회수 조작했다 진심으로 죄송""",2024-02-01,https://view.asiae.co.kr/article/2024020118070250414
2024-02,토픽7,상생협력·중소기업 지원,"중기부, 신사업창업사관학교 참여 예비창업자 모집",2024-02-18,https://view.asiae.co.kr/article/2024021616502618010
2024-02,토픽7,상생협력·중소기업 지원,"대구상의, 소상공인에 개발비용 1100만원씩 지원  경쟁력 향상사업 공모",2024-02-28,https://view.asiae.co.kr/article/2024022810074974002
2024-02,토픽7,상생협력·중소기업 지원,"부산시, 국토부 ‘디지털 물류서비스’ 실증 지원 공모사업 선정",2024-02-17,https://view.asiae.co.kr/article/2024021708085784263
2024-02,토픽7,상생협력·중소기업 지원,"중기부, '기업가형 소상공인' 육성 집중 민간투자 정책자금 지원",2024-02-01,https://view.asiae.co.kr/article/2024020111324261295
2024-02,토픽7,상생협력·중소기업 지원,서초구 '사회적경제 문화예술 청년 창업지원 프로젝트' 참여자 모집,2024-02-07,https://view.asiae.co.kr/article/2024020707143328423
2024-03,토픽0,정치권 재난·위기 재정대응,"尹대통령 ""국민 생명권 침해 불법 집단행동 절대 허용될 수 없어""(종합)",2024-03-06,https://view.asiae.co.kr/article/2024030616024420348
2024-03,토픽0,정치권 재난·위기 재정대응,"민주 ""경기북부 분도, 반대 아니다 금투세 검토 중""",2024-03-24,https://view.asiae.co.kr/article/2024032416594054863
2024-03,토픽0,정치권 재난·위기 재정대응,"“1대당 최대 990만원” 대전시, 올해 전기차 3367대 보조금 지원",2024-03-04,https://view.asiae.co.kr/article/2024030409001547674
2024-03,토픽0,정치권 재난·위기 재정대응,"[대구 르포] 한동훈 닷새만 방문에도 ""텃밭 아이다"" ""마카다 밉다"" 성난 민심",2024-03-27,https://view.asiae.co.kr/article/2024032716271450302
2024-03,토픽0,정치권 재난·위기 재정대응,"이천시, 전기승용차 보조금 최대 1106만원 지원",2024-03-11,https://view.asiae.co.kr/article/2024031114012484566
2024-03,토픽1,은행·금융권 소상공인 지원,"지주계열 저축은행, 채무조정 강화 승인고객 이자 감면",2024-03-25,https://view.asiae.co.kr/article/2024032508093575211
2024-03,토픽1,은행·금융권 소상공인 지원,"천안시, 소상공인 특례보증 출연금 5억 추가 출연",2024-03-28,https://view.asiae.co.kr/article/2024032810341133447
2024-03,토픽1,은행·금융권 소상공인 지원,대출금리 수수료 인하 금융권 1조265억 상생금융 지원,2024-03-20,https://view.asiae.co.kr/article/2024032014075733744
2024-03,토픽1,은행·금융권 소상공인 지원,"""공격 영업 계속"" 5대은행 기업대출 한달새 6조 껑충",2024-03-06,https://view.asiae.co.kr/article/2024030608300017555
2024-03,토픽1,은행·금융권 소상공인 지원,2금융권 소상공인 이자지원 '신청 절차' 내주초 공개,2024-03-05,https://view.asiae.co.kr/article/2024030417232984026
2024-03,토픽2,코로나 방역·지자체 행정,"광주 광산구, 시민과 함께 민생안정대책 마련",2024-03-21,https://view.asiae.co.kr/article/2024032117401538044
2024-03,토픽2,코로나 방역·지자체 행정,"'최고 복지는 일자리' ...도봉구, 올해 일자리 1만313개 창출",2024-03-18,https://view.asiae.co.kr/article/2024031807142497262
2024-03,토픽2,코로나 방역·지자체 행정,"안성시, 작년 하반기 재정집행 평가 '최우수' 선정",2024-03-29,https://view.asiae.co.kr/article/2024032915362867326
2024-03,토픽2,코로나 방역·지자체 행정,"광주 서구, 내달 5일까지 ‘규제개혁 아이디어’ 공모",2024-03-04,https://view.asiae.co.kr/article/2024030411140693110
2024-03,토픽2,코로나 방역·지자체 행정,이낙연의 두 번째 공약 '소상공인 자영업자 어려움 해결',2024-03-27,https://view.asiae.co.kr/article/2024032718271610253
2024-03,토픽3,최저임금·노사 협상,서울 상가임대료 가장 비싼 곳은 명동 아닌 북창동,2024-03-06,https://view.asiae.co.kr/article/2024030608014285657
2024-03,토픽3,최저임금·노사 협상,주 6일 쓰레기 수거 등 ...광진구 '2024년 달라지는 제도' 발간,2024-03-07,https://view.asiae.co.kr/article/2024030720491329909
2024-03,토픽3,최저임금·노사 협상,'스드메' 가격 공시하고 피부미용 네일업 '간이과세' 적용,2024-03-13,https://view.asiae.co.kr/article/2024031215555624139
2024-03,토픽3,최저임금·노사 협상,[포토] 발언하는 김주현 금융위원장,2024-03-12,https://view.asiae.co.kr/article/2024031210484935950
2024-03,토픽3,최저임금·노사 협상,"합천군, 전국규모 축구대회 지역경제 활성화 ‘톡톡’",2024-03-13,https://view.asiae.co.kr/article/2024031310535416579
2024-03,토픽4,지역화폐·소비쿠폰,"관악구, 제6호 골목형상점가 지정 골목상권 활력 불어넣는다",2024-03-15,https://view.asiae.co.kr/article/2024031507454025188
2024-03,토픽4,지역화폐·소비쿠폰,"정읍시, 11일부터 ‘소상공인 안정지원금’ 신청",2024-03-06,https://view.asiae.co.kr/article/2024030611073019460
2024-03,토픽4,지역화폐·소비쿠폰,"강진군, 청자축제기간 강진사랑상품권 이벤트 효과 ‘톡톡’",2024-03-08,https://view.asiae.co.kr/article/2024030813581400191
2024-03,토픽4,지역화폐·소비쿠폰,"용인시, '골목형 상점가' 지정 기준 완화",2024-03-29,https://view.asiae.co.kr/article/2024032907375822540
2024-03,토픽4,지역화폐·소비쿠폰,"경기도, 지역화폐 국비지원 삭감에 도비 증액으로 골목상권 지원",2024-03-07,https://view.asiae.co.kr/article/2024030714272468516
2024-03,토픽5,물가·민생 거시대책,"마트 시장 잇달아 찾은 송미령 ""체감물가 부담완화 적극 노력할 것""",2024-03-31,https://view.asiae.co.kr/article/2024033115075510474
2024-03,토픽5,물가·민생 거시대책,[홍콩ELS 배상]고민에 빠진 은행권...자율배상? 분쟁조정?,2024-03-13,https://view.asiae.co.kr/article/2024031214585352340
2024-03,토픽5,물가·민생 거시대책,"“집 공장 비닐하우스까지” 울산시, 자연재난 대비 ‘풍수해보험’ 지원",2024-03-08,https://view.asiae.co.kr/article/2024030809050816943
2024-03,토픽5,물가·민생 거시대책,"공정위, 경쟁사와 계약하면 페널티 밴사 불공정약관 시정",2024-03-31,https://view.asiae.co.kr/article/2024033112055016314
2024-03,토픽5,물가·민생 거시대책,"김소영 부위원장 ""2금융권 부동산PF, 불안 확산 가능성 크지 않아""",2024-03-25,https://view.asiae.co.kr/article/2024032511555183737
2024-03,토픽6,온라인 플랫폼·디지털 지원,"[AI혁명](96)스토어링크, AI 빅데이터로 e커머스시장 생존법 찾아요",2024-03-15,https://view.asiae.co.kr/article/2024031417043242159
2024-03,토픽6,온라인 플랫폼·디지털 지원,"중기중앙회, 노란우산 신규 광고 브랜드 인지도 강화",2024-03-11,https://view.asiae.co.kr/article/2024031109264591189
2024-03,토픽6,온라인 플랫폼·디지털 지원,"LG전자, 소규모 사업자 위한 온라인브랜드샵 '사업자몰' 오픈",2024-03-07,https://view.asiae.co.kr/article/2024030708505832620
2024-03,토픽6,온라인 플랫폼·디지털 지원,"소상공인 '라방', 소담스퀘어로 모여라",2024-03-20,https://view.asiae.co.kr/article/2024032014451418120
2024-03,토픽6,온라인 플랫폼·디지털 지원,톱스타 앞세운 커피 1500원 개인 카페는 '숨죽인 비명',2024-03-28,https://view.asiae.co.kr/article/2024032714270989221
2024-03,토픽7,상생협력·중소기업 지원,"티몬, 전주정보문화산업진흥원과 소상공인 온라인 판로개척 지원",2024-03-13,https://view.asiae.co.kr/article/2024031310280637941
2024-03,토픽7,상생협력·중소기업 지원,"중기부, '2024 동행축제' 대학생 서포터즈 모집",2024-03-20,https://view.asiae.co.kr/article/2024032008392553440
2024-03,토픽7,상생협력·중소기업 지원,국립목포대 ‘소상공인 디지털 특성화 대학’ 3년 연속 선정,2024-03-07,https://view.asiae.co.kr/article/2024030715472565699
2024-03,토픽7,상생협력·중소기업 지원,"동명대, 소상공인 디지털특성화대학 사업 2년 연속 선정",2024-03-07,https://view.asiae.co.kr/article/2024030709031310195
2024-03,토픽7,상생협력·중소기업 지원,"경남대, ‘소상공인 디지털 특성화 대학’ 2년 연속 선정",2024-03-08,https://view.asiae.co.kr/article/2024030811181911048
2024-04,토픽0,정치권 재난·위기 재정대응,"중대재해법, 총선 후 운명 갈린다 中企, 결과에 '촉각'",2024-04-09,https://view.asiae.co.kr/article/2024040908075235957
2024-04,토픽0,정치권 재난·위기 재정대응,"한동훈 ""부가세 간이과세 적용기준 2억까지 상향""",2024-04-01,https://view.asiae.co.kr/article/2024040113482722982
2024-04,토픽0,정치권 재난·위기 재정대응,"이재명 ""민생 회복 조치는 포퓰리즘 아니다""",2024-04-17,https://view.asiae.co.kr/article/2024041710342032391
2024-04,토픽0,정치권 재난·위기 재정대응,"""범죄자"" 457번 때린 한동훈 이재명은 ""권력"" 471번 언급",2024-04-08,https://view.asiae.co.kr/article/2024040809465725587
2024-04,토픽0,정치권 재난·위기 재정대응,"천안시, 전기 이륜차 40대 보조금 지급",2024-04-16,https://view.asiae.co.kr/article/2024041609445382959
2024-04,토픽1,은행·금융권 소상공인 지원,"KB국민은행, 소상공인과 '상생' 150억원 규모 금융 지원",2024-04-04,https://view.asiae.co.kr/article/2024040414331631586
2024-04,토픽1,은행·금융권 소상공인 지원,"배민, 소상공인 협약보증 대출 추가 진행 총 2050억 규모",2024-04-25,https://view.asiae.co.kr/article/2024042509084403031
2024-04,토픽1,은행·금융권 소상공인 지원,"IBK기업은행, 694억 '민생금융지원방안 자율프로그램' 시행",2024-04-02,https://view.asiae.co.kr/article/2024040209333960949
2024-04,토픽1,은행·금융권 소상공인 지원,"강남구, 중소기업 소상공인 제2금융권 대출이자도 지원",2024-04-22,https://view.asiae.co.kr/article/2024042207304886534
2024-04,토픽1,은행·금융권 소상공인 지원,"은행권, 자영업자 소상공인 이자 환급 1.4조 집행",2024-04-29,https://view.asiae.co.kr/article/2024042915020708126
2024-04,토픽2,코로나 방역·지자체 행정,중랑구 ‘주민 체감’ 초점 맞춘 128억 규모 추경 편성,2024-04-16,https://view.asiae.co.kr/article/2024041607093545438
2024-04,토픽2,코로나 방역·지자체 행정,"천안시, 올해 1회 추경 3260억 편성",2024-04-12,https://view.asiae.co.kr/article/2024041210045008896
2024-04,토픽2,코로나 방역·지자체 행정,"공주시, 1회 추경예산안 1조 2141억원 편성",2024-04-05,https://view.asiae.co.kr/article/2024040513271537947
2024-04,토픽2,코로나 방역·지자체 행정,"강진군, 민선 8기 공약 이행점검 주민배심원 회의 개최",2024-04-23,https://view.asiae.co.kr/article/2024042309371088859
2024-04,토픽2,코로나 방역·지자체 행정,"무안군, 비상하는 일자리로 생동하는 ‘행복 무안’ 실현",2024-04-03,https://view.asiae.co.kr/article/2024040314174149196
2024-04,토픽3,최저임금·노사 협상,"은평구, 자동차세와 과태료 체납 차량 강력한 행정제재",2024-04-22,https://view.asiae.co.kr/article/2024042207344295987
2024-04,토픽3,최저임금·노사 협상,[을지로터리]가성비 상권으로 통하는 힙지로 위협하는 '이것',2024-04-06,https://view.asiae.co.kr/article/2024040211140688823
2024-04,토픽3,최저임금·노사 협상,[용산의 미래]미군문화에서 K-문화 중심지로 핫플 대명사 된 '용리단길',2024-04-23,https://view.asiae.co.kr/article/2024041913342116350
2024-04,토픽3,최저임금·노사 협상,오승록 노원구청장 ‘제2회 차 없는 거리 행사’ 참석,2024-04-14,https://view.asiae.co.kr/article/2024041408040622437
2024-04,토픽3,최저임금·노사 협상,"노원구, 제2회 '차 없는 거리 행사' 개최",2024-04-01,https://view.asiae.co.kr/article/2024040107363207779
2024-04,토픽4,지역화폐·소비쿠폰,천안 '베리베리 빵빵데이’ 27일 개막...빵지순례단 동네 빵집 홍보,2024-04-24,https://view.asiae.co.kr/article/2024042411210409025
2024-04,토픽4,지역화폐·소비쿠폰,"창원특례시, 올해 소규모 상가 환경개선사업 10개소 선정",2024-04-29,https://view.asiae.co.kr/article/2024042914062397402
2024-04,토픽4,지역화폐·소비쿠폰,"포항시, 5월 포항사랑카드 모바일 포항사랑상품권 170억원 할인 판매",2024-04-29,https://view.asiae.co.kr/article/2024042916405472184
2024-04,토픽4,지역화폐·소비쿠폰,관악구 전통시장 소상공인 웃음 꽃 활짝 핀 이유 있다?,2024-04-17,https://view.asiae.co.kr/article/2024041708040703342
2024-04,토픽4,지역화폐·소비쿠폰,"구미시, ‘골목형 상점가’ 추가지정 골목경기 회복 총력",2024-04-02,https://view.asiae.co.kr/article/2024040211185421368
2024-04,토픽5,물가·민생 거시대책,"동작구, 풍수해 빈틈없이 대응 위해 준비 완료",2024-04-05,https://view.asiae.co.kr/article/2024040508014787054
2024-04,토픽5,물가·민생 거시대책,평택시 3高 위기 대비 '비상경제 대책 보고회' 개최,2024-04-22,https://view.asiae.co.kr/article/2024042211192492943
2024-04,토픽5,물가·민생 거시대책,최상목號100일 고물가 난제 총력전 총선 후 구조개혁 고삐 죈다(종합),2024-04-04,https://view.asiae.co.kr/article/2024040409554643575
2024-04,토픽5,물가·민생 거시대책,[최상목號100일]고물가 내수회복 난제에 총력전,2024-04-04,https://view.asiae.co.kr/article/2024040317200534026
2024-04,토픽5,물가·민생 거시대책,"한총리 ""1분기 성장 모멘텀 확보 물가 유가 불확실성은 여전""",2024-04-30,https://view.asiae.co.kr/article/2024043010351735926
2024-04,토픽6,온라인 플랫폼·디지털 지원,"카카오페이, 오프라인 결제 프로모션 실시 “월 최대 3만3000P”",2024-04-25,https://view.asiae.co.kr/article/2024042515041162454
2024-04,토픽6,온라인 플랫폼·디지털 지원,"LGU+, 똑똑한 AI 상담사 선보인다 ""AI 비서 시대 개척""",2024-04-08,https://view.asiae.co.kr/article/2024040809420090755
2024-04,토픽6,온라인 플랫폼·디지털 지원,"카카오페이, 삼성페이 제로페이 연동 오프라인 시장 공략",2024-04-17,https://view.asiae.co.kr/article/2024041713530614940
2024-04,토픽6,온라인 플랫폼·디지털 지원,"LGU+, 전화부터 주문까지 AI로 소상공인 일손 거든다",2024-04-01,https://view.asiae.co.kr/article/2024040108502327602
2024-04,토픽6,온라인 플랫폼·디지털 지원,페이 3사의 오프라인 땅따먹기 승리 깃발은 누구에게?,2024-04-20,https://view.asiae.co.kr/article/2024041914165209773
2024-04,토픽7,상생협력·중소기업 지원,'5월 동행축제' 참여 기업 300개사 선정 완료,2024-04-16,https://view.asiae.co.kr/article/2024041518013351511
2024-04,토픽7,상생협력·중소기업 지원,"근로복지공단, 소상공인 중소기업 ‘수호천사’ 재도약",2024-04-15,https://view.asiae.co.kr/article/2024041517281363137
2024-04,토픽7,상생협력·중소기업 지원,국립목포대 ‘소상공인 디지털 특성화 대학’ 교육생 모집,2024-04-16,https://view.asiae.co.kr/article/2024041608565149982
2024-04,토픽7,상생협력·중소기업 지원,"""MZ세대와 기업 눈높이 맞춰야"" 'KBIZ 문화경영포럼' 열려",2024-04-17,https://view.asiae.co.kr/article/2024041711274857754
2024-04,토픽7,상생협력·중소기업 지원,'소공인특화지원센터' 사업 운영기관 모집,2024-04-15,https://view.asiae.co.kr/article/2024041414390637414
2024-05,토픽0,정치권 재난·위기 재정대응,"민주당, 기자회견 앞두고 尹 압박 ""지원금 25만원 채 상병 특검법 수용하라""",2024-05-08,https://view.asiae.co.kr/article/2024050810040169343
2024-05,토픽0,정치권 재난·위기 재정대응,민주당 원내대표에 '친명' 박찬대 선출 '총선 청구서' 쏟아낸다,2024-05-03,https://view.asiae.co.kr/article/2024050310115885520
2024-05,토픽0,정치권 재난·위기 재정대응,[Why&Next]부가세 인하 사실상 무산 커지는 '尹경제정책' 위기론,2024-05-20,https://view.asiae.co.kr/article/2024052010365539809
2024-05,토픽0,정치권 재난·위기 재정대응,"중기부, 삼성중공업 제일사료 공정위에 檢 고발요청",2024-05-31,https://view.asiae.co.kr/article/2024053108122670307
2024-05,토픽0,정치권 재난·위기 재정대응,"사업자번호 바꿨다고 지원금 환수? 권익위 ""부당""",2024-05-30,https://view.asiae.co.kr/article/2024053008540016203
2024-05,토픽1,은행·금융권 소상공인 지원,"인터넷은행, 올해 1분기 중저신용자 대출 목표 달성",2024-05-24,https://view.asiae.co.kr/article/2024052415440254015
2024-05,토픽1,은행·금융권 소상공인 지원,"중구, 소상공인 무담보 특별신용보증 238억 지원",2024-05-02,https://view.asiae.co.kr/article/2024050222482051947
2024-05,토픽1,은행·금융권 소상공인 지원,"“중소기업 소상공인 지원해달라” SC제일은행, 대구신보에 6억원 특별출연",2024-05-09,https://view.asiae.co.kr/article/2024050915154157524
2024-05,토픽1,은행·금융권 소상공인 지원,"남은 '신용사면' 대상자 32만명, 5월말까지 상환하면 혜택",2024-05-02,https://view.asiae.co.kr/article/2024050219232570572
2024-05,토픽1,은행·금융권 소상공인 지원,"'286만명 혜택' 소액연체자 신용사면, 2주 남았다",2024-05-21,https://view.asiae.co.kr/article/2024052109431221568
2024-05,토픽2,코로나 방역·지자체 행정,"[尹기자회견]尹 ""저출생 극복위해 국가 역량 총동원""[전문]",2024-05-09,https://view.asiae.co.kr/article/2024050916042844261
2024-05,토픽2,코로나 방역·지자체 행정,"서울시, 올해 첫 추경 1조5110억 '경제 회복' 방점",2024-05-27,https://view.asiae.co.kr/article/2024052709152509140
2024-05,토픽2,코로나 방역·지자체 행정,"'동 중심 민원대응체계 구축' 등...도봉구, 구민체감형 적극행정 중점과제 선정",2024-05-13,https://view.asiae.co.kr/article/2024051308072785431
2024-05,토픽2,코로나 방역·지자체 행정,우주항공청(KASA) 개청  경남도민 ‘이것’ 바랐다,2024-05-27,https://view.asiae.co.kr/article/2024052721114053526
2024-05,토픽2,코로나 방역·지자체 행정,대전시 5개 국 신설...민선 8기 5번째 조직 개편,2024-05-13,https://view.asiae.co.kr/article/2024051313282977442
2024-05,토픽3,최저임금·노사 협상,진교훈 강서구청장 주말 행사장 찾아 주민들과 소통,2024-05-11,https://view.asiae.co.kr/article/2024051121123740419
2024-05,토픽3,최저임금·노사 협상,"""셀프주유소 제한 완화"" 오영주 장관, 직접 현장 찾아 규제 개선 알려",2024-05-28,https://view.asiae.co.kr/article/2024052815385843096
2024-05,토픽3,최저임금·노사 협상,5 18 애환 서린 '전일빌딩' 미래세대가 찾는 친숙한 공간으로 변신,2024-05-08,https://view.asiae.co.kr/article/2024050817014983595
2024-05,토픽3,최저임금·노사 협상,"경기도, 지역화폐 부정유통 단속 이달 31일까지",2024-05-20,https://view.asiae.co.kr/article/2024052007193973767
2024-05,토픽3,최저임금·노사 협상,"화성시, 지역화폐 부정유통 일제 단속 실시",2024-05-13,https://view.asiae.co.kr/article/2024051311312989946
2024-05,토픽4,지역화폐·소비쿠폰,"진주시, 진주형 배달앱 정부 지역사랑상품권 정책사업에 선정",2024-05-28,https://view.asiae.co.kr/article/2024052811213370549
2024-05,토픽4,지역화폐·소비쿠폰,"성북구, 가정의 달 맞이 '성북사랑상품권' 200억 발행",2024-05-01,https://view.asiae.co.kr/article/2024050111570939988
2024-05,토픽4,지역화폐·소비쿠폰,"평택시, 골목상권 공동체에 10곳에 5000만원 지원",2024-05-28,https://view.asiae.co.kr/article/2024052813224727798
2024-05,토픽4,지역화폐·소비쿠폰,"이천시, 3개월간 지역화폐 할인율 6→7%로 상향",2024-05-28,https://view.asiae.co.kr/article/2024052810382537284
2024-05,토픽4,지역화폐·소비쿠폰,"관악사랑상품권 5% 할인, 110억 원 발행",2024-05-03,https://view.asiae.co.kr/article/2024050307380580732
2024-05,토픽5,물가·민생 거시대책,여든넷 할아버지 열둘 소년 '고졸 검정고시' 최고령 최연소 합격,2024-05-09,https://view.asiae.co.kr/article/2024050908472672873
2024-05,토픽5,물가·민생 거시대책,[시시비비]金사과의 교훈,2024-05-07,https://view.asiae.co.kr/article/2024050710164555558
2024-05,토픽5,물가·민생 거시대책,"낡은 승용차, 지금 폐차하면 '800만원' 받고 새 차 구매지원금까지",2024-05-22,https://view.asiae.co.kr/article/2024052116540901921
2024-05,토픽5,물가·민생 거시대책,BBQ 황금올리브 2만원→2만3000원 인상,2024-05-21,https://view.asiae.co.kr/article/2024052111461062703
2024-05,토픽5,물가·민생 거시대책,[시론]농안법 양곡법을 '농망법' 만들건가,2024-05-22,https://view.asiae.co.kr/article/2024052114151919746
2024-05,토픽6,온라인 플랫폼·디지털 지원,"위메프오, 현장 주문 ‘QR오더’ 시작 파트너사 상생 협력 강화",2024-05-24,https://view.asiae.co.kr/article/2024052408575522998
2024-05,토픽6,온라인 플랫폼·디지털 지원,[시시비비]엉터리 가맹사업누리집,2024-05-31,https://view.asiae.co.kr/article/2024053110022033770
2024-05,토픽6,온라인 플랫폼·디지털 지원,"""배달 플랫폼 이용 음식점, 평균 7067만원 더 벌었다""",2024-05-20,https://view.asiae.co.kr/article/2024052008272128932
2024-05,토픽6,온라인 플랫폼·디지털 지원,"동반위, 스타벅스 '여름시즌 상생음료' 전국 소상공인 카페에 전달",2024-05-28,https://view.asiae.co.kr/article/2024052808273216365
2024-05,토픽6,온라인 플랫폼·디지털 지원,"역대급 실적 카카오뱅크, 불모지 태국 공략 성공하나",2024-05-11,https://view.asiae.co.kr/article/2024051108335549941
2024-05,토픽7,상생협력·중소기업 지원,"롯데홈쇼핑, 3년간 2116억원 상생협력 지원 양극화 해소 나서",2024-05-07,https://view.asiae.co.kr/article/2024050709485865775
2024-05,토픽7,상생협력·중소기업 지원,"동명대, ‘소상공인 디지털 역량 강화’ 지원 나서",2024-05-03,https://view.asiae.co.kr/article/2024050315353057653
2024-05,토픽7,상생협력·중소기업 지원,"부산서 열린 '동행축제' 개막식 ""지역경제 활력 염원""",2024-05-01,https://view.asiae.co.kr/article/2024050111415601917
2024-05,토픽7,상생협력·중소기업 지원,"소진공 ""전통시장 소상공인 활성화 아이디어 찾아요""",2024-05-31,https://view.asiae.co.kr/article/2024053108463557958
2024-05,토픽7,상생협력·중소기업 지원,"신한카드, 5~6일 제주지역 상생 위한 축제 개최",2024-05-02,https://view.asiae.co.kr/article/2024050210155313618
2024-06,토픽0,정치권 재난·위기 재정대응,"한동훈 ""당정관계 수평적 재정립 당대표되면 채상병특검법 발의""(종합)",2024-06-23,https://view.asiae.co.kr/article/2024062316063387281
2024-06,토픽0,정치권 재난·위기 재정대응,"민주당, 오후 2시 긴급의총 간호법 등 4개법 당론 추진 논의",2024-06-20,https://view.asiae.co.kr/article/2024062011233517958
2024-06,토픽0,정치권 재난·위기 재정대응,"'민생지원금' 명분 쌓는 민주당 ""지역 경제에 도움될 것""",2024-06-25,https://view.asiae.co.kr/article/2024062515435663467
2024-06,토픽0,정치권 재난·위기 재정대응,"이재명 ""자영업자 100만명 폐업 정부 여당, 권력놀음 즐겁나""",2024-06-12,https://view.asiae.co.kr/article/2024061211055769977
2024-06,토픽0,정치권 재난·위기 재정대응,"당정, 영세음식점 '배달비 지원' 검토 소상공인 전기료 지원 확대",2024-06-30,https://view.asiae.co.kr/article/2024063013372915939
2024-06,토픽1,은행·금융권 소상공인 지원,‘신용사면’ 286.8만명 혜택 개인 31점-개인사업자 101점 올랐다,2024-06-16,https://view.asiae.co.kr/article/2024061415370733305
2024-06,토픽1,은행·금융권 소상공인 지원,"저축은행 상호금융 이용 소상공인, 2분기 이자환급 개시",2024-06-16,https://view.asiae.co.kr/article/2024061415200028728
2024-06,토픽1,은행·금융권 소상공인 지원,"송파구, 200억 규모 소상공인 무담보 특별신용보증",2024-06-26,https://view.asiae.co.kr/article/2024062607282750366
2024-06,토픽1,은행·금융권 소상공인 지원,"충남신보-농협은행, 중소기업과 소상공인 금융 지원",2024-06-18,https://view.asiae.co.kr/article/2024061815153309551
2024-06,토픽1,은행·금융권 소상공인 지원,"포항시, 전국 최대 규모 914억원 소상공인 특례보증 재원 조성",2024-06-19,https://view.asiae.co.kr/article/2024061910561299967
2024-06,토픽2,코로나 방역·지자체 행정,"취임 2주년 유정복 시장 ""인천의 비상과 시민 행복에 역점""",2024-06-27,https://view.asiae.co.kr/article/2024062716331272136
2024-06,토픽2,코로나 방역·지자체 행정,"김영록 지사 ""세계가 주목하는 전남 사람 모여드는 전남 만들 것""",2024-06-25,https://view.asiae.co.kr/article/2024062514445075095
2024-06,토픽2,코로나 방역·지자체 행정,"광주 광산구, 올해 정기분 도로점용료 25% 감면",2024-06-07,https://view.asiae.co.kr/article/2024060715351826825
2024-06,토픽2,코로나 방역·지자체 행정,"수원시, 1차 추경 3520억원 확정",2024-06-27,https://view.asiae.co.kr/article/2024062709063364135
2024-06,토픽2,코로나 방역·지자체 행정,"영천시, 올해 첫 ‘추경예산안 1조 4126억원’ 편성",2024-06-03,https://view.asiae.co.kr/article/2024060321255333421
2024-06,토픽3,최저임금·노사 협상,"소상공인 ""최저임금, 업종별 구분 적용 필요"" 한목소리",2024-06-18,https://view.asiae.co.kr/article/2024061809373734398
2024-06,토픽3,최저임금·노사 협상,법정 시한 넘긴 최저임금 심의 차등적용 두고 노사 평행선(종합),2024-06-27,https://view.asiae.co.kr/article/2024062718240151346
2024-06,토픽3,최저임금·노사 협상,법정 기한 넘긴 최저임금 심의 차등적용 두고 노사 평행선,2024-06-27,https://view.asiae.co.kr/article/2024062717133825796
2024-06,토픽3,최저임금·노사 협상,"구로구, 구로거리공원 지하공영주차장 조성 최적",2024-06-19,https://view.asiae.co.kr/article/2024061908285986227
2024-06,토픽3,최저임금·노사 협상,"[기자수첩]최저임금위, 올해도 소상공인과 종업원을 함께 울릴 건가",2024-06-13,https://view.asiae.co.kr/article/2024061308555955690
2024-06,토픽4,지역화폐·소비쿠폰,"광주 남구, 광주상생체크카드 결제 5% 추가 할인",2024-06-21,https://view.asiae.co.kr/article/2024062115214236797
2024-06,토픽4,지역화폐·소비쿠폰,평택시 '골목형 상점가' 내달 19일까지 모집,2024-06-24,https://view.asiae.co.kr/article/2024062413461921858
2024-06,토픽4,지역화폐·소비쿠폰,광주 서구 ‘장사의 신 멘토단’ 골목상권 활성화 앞장,2024-06-25,https://view.asiae.co.kr/article/2024062514395438325
2024-06,토픽4,지역화폐·소비쿠폰,"광주 남구, '골목상권 촉진' 골목형 상점가 늘린다",2024-06-04,https://view.asiae.co.kr/article/2024060417194519900
2024-06,토픽4,지역화폐·소비쿠폰,"공주시, 착한가격업소서 공주페이 결제하면 5% 추가 캐시백",2024-06-28,https://view.asiae.co.kr/article/2024062809582575405
2024-06,토픽5,물가·민생 거시대책,[초동시각]모호함에 가린 ‘위기의 신호’,2024-06-26,https://view.asiae.co.kr/article/2024062515072518578
2024-06,토픽5,물가·민생 거시대책,"최상목 ""내달 소상공인 대책 발표 리츠 부동산 개발 활성화""",2024-06-17,https://view.asiae.co.kr/article/2024061710210605697
2024-06,토픽5,물가·민생 거시대책,'수출 호조' 속도 높인다 7조원 수출금융 추가 지원,2024-06-03,https://view.asiae.co.kr/article/2024060309244085983
2024-06,토픽5,물가·민생 거시대책,"올여름 더 덥다 산업부 ""8월2주 전력피크, 예비력 부족시 신규 발전기 투입""",2024-06-20,https://view.asiae.co.kr/article/2024062009555369686
2024-06,토픽5,물가·민생 거시대책,"최상목 ""누적된 고물가 부담...민생 여건 녹록지 않아""",2024-06-26,https://view.asiae.co.kr/article/2024062610563090679
2024-06,토픽6,온라인 플랫폼·디지털 지원,"유튜브, '쇼핑 제휴 프로그램' 韓 론칭 쇼핑 기능 확대",2024-06-05,https://view.asiae.co.kr/article/2024060509331200333
2024-06,토픽6,온라인 플랫폼·디지털 지원,전국 최초 외국인 전용 지역화폐 ‘BUSAN Pay’ 출시 관광 원스톱 지원,2024-06-19,https://view.asiae.co.kr/article/2024061908062588291
2024-06,토픽6,온라인 플랫폼·디지털 지원,5월 '새빛세일페스타 수원' 큰 성과 39% 매출 증가 72% 재참여,2024-06-05,https://view.asiae.co.kr/article/2024060509560222336
2024-06,토픽6,온라인 플랫폼·디지털 지원,롯리단길 세번째 프로젝트는 '우이락 고추튀김' 3400원에 판매,2024-06-19,https://view.asiae.co.kr/article/2024061908041977848
2024-06,토픽6,온라인 플랫폼·디지털 지원,"hy, 무료 배달앱 '노크' 출시 ""지역상생 플랫폼 육성""",2024-06-27,https://view.asiae.co.kr/article/2024062709595006351
2024-06,토픽7,상생협력·중소기업 지원,"소상공인, '라이콘' 도전 시작됐다",2024-06-09,https://view.asiae.co.kr/article/2024060815204326261
2024-06,토픽7,상생협력·중소기업 지원,"박영선 전 장관, 中企 대상 ‘반도체 주권국가’ 강연",2024-06-18,https://view.asiae.co.kr/article/2024061809295385096
2024-06,토픽7,상생협력·중소기업 지원,"""중소기업 생존 열쇠는 글로벌"" '제3회 중기연 통합학술대회' 개최",2024-06-27,https://view.asiae.co.kr/article/2024062714374207855
2024-06,토픽7,상생협력·중소기업 지원,"""동행축제 참여기업 모집합니다"" 온 오프라인 판매 유통망 제공",2024-06-30,https://view.asiae.co.kr/article/2024062822274997928
2024-06,토픽7,상생협력·중소기업 지원,"동반위-현대백화점면세점, 지역 동반성장 위해 업계 최초 '맞손'",2024-06-18,https://view.asiae.co.kr/article/2024061816090312006
2024-07,토픽0,정치권 재난·위기 재정대응,"민주당 ""100억원씩 주자는 尹 발언, 경제 인식 참담""",2024-07-04,https://view.asiae.co.kr/article/2024070410355896707
2024-07,토픽0,정치권 재난·위기 재정대응,"與, ""'채상병특검법' 문 단속 걱정 없다"" 민생 이슈 전환 노려",2024-07-05,https://view.asiae.co.kr/article/2024070509561502130
2024-07,토픽0,정치권 재난·위기 재정대응,"김동연 ""민생회복지원금 수용해야 지원대상 금액 유연할 필요""",2024-07-24,https://view.asiae.co.kr/article/2024072414534839421
2024-07,토픽0,정치권 재난·위기 재정대응,"박찬대 ""민생 악화일로 추경 포함 모든 방책 검토해야""",2024-07-17,https://view.asiae.co.kr/article/2024071710494688195
2024-07,토픽0,정치권 재난·위기 재정대응,"[논단]정부는 부자 감세, 거대 야당은 상품권 살포",2024-07-31,https://view.asiae.co.kr/article/2024073014155401429
2024-07,토픽1,은행·금융권 소상공인 지원,"충남신보-카카오뱅크, 금리 상한 업무협약",2024-07-17,https://view.asiae.co.kr/article/2024071710081128414
2024-07,토픽1,은행·금융권 소상공인 지원,"밀양시, 하반기 소상공인 육성자금 51억원 융자 지원",2024-07-03,https://view.asiae.co.kr/article/2024070312464032191
2024-07,토픽1,은행·금융권 소상공인 지원,"토스뱅크 사장님 대환대출, 누적 공급액 2500억원 눈앞",2024-07-29,https://view.asiae.co.kr/article/2024072909440624531
2024-07,토픽1,은행·금융권 소상공인 지원,"은행권, 자영업 소상공인에 이자 1.4조 환급",2024-07-29,https://view.asiae.co.kr/article/2024072910480079732
2024-07,토픽1,은행·금융권 소상공인 지원,"농협금융, 상반기 당기순이익 1조7538억 전년比 2.8%↑",2024-07-26,https://view.asiae.co.kr/article/2024072616210948146
2024-07,토픽2,코로나 방역·지자체 행정,"구미시, 2조1600억원 추경 편성 1580억원 증가",2024-07-19,https://view.asiae.co.kr/article/2024071914142990108
2024-07,토픽2,코로나 방역·지자체 행정,"박상돈 천안시장 “첨단 미래산업 성장 엔진으로 새 미래 열 것""",2024-07-01,https://view.asiae.co.kr/article/2024070117025128418
2024-07,토픽2,코로나 방역·지자체 행정,"구미시, 민생경제 회복 최우선 ‘소상공인 지원’",2024-07-03,https://view.asiae.co.kr/article/2024070312410629307
2024-07,토픽2,코로나 방역·지자체 행정,강기정 광주시장 '민생경제 회복' 위해 현장 소통 나섰다,2024-07-26,https://view.asiae.co.kr/article/2024072614544537804
2024-07,토픽2,코로나 방역·지자체 행정,"김수영 광주 서구의원, 일몰제 관련 정책 건의",2024-07-25,https://view.asiae.co.kr/article/2024072511525928496
2024-07,토픽3,최저임금·노사 협상,최저임금 차등적용 내년에도 못한다,2024-07-02,https://view.asiae.co.kr/article/2024070219431620864
2024-07,토픽3,최저임금·노사 협상,최저임금 1차 수정안 1만1200원 vs 9870원(종합),2024-07-09,https://view.asiae.co.kr/article/2024070919440526893
2024-07,토픽3,최저임금·노사 협상,최저임금 3차 수정안 최초안에서 1600원 60원 움직여(종합),2024-07-11,https://view.asiae.co.kr/article/2024071121065344998
2024-07,토픽3,최저임금·노사 협상,최저임금 '찔끔 수정' 使 30원 올리고 勞 50원 내리고,2024-07-11,https://view.asiae.co.kr/article/2024071116524603337
2024-07,토픽3,최저임금·노사 협상,"경총 ""최저임금 동결 구분적용 안돼 아쉬워""",2024-07-12,https://view.asiae.co.kr/article/2024071210345084506
2024-07,토픽4,지역화폐·소비쿠폰,"관악구, 신규 골목형상점가 지정 골목상권 활력 불어 넣는다",2024-07-03,https://view.asiae.co.kr/article/2024070307380829908
2024-07,토픽4,지역화폐·소비쿠폰,"영천시, 영천사랑카드 추가 5% 할인 지원",2024-07-08,https://view.asiae.co.kr/article/2024070821045133940
2024-07,토픽4,지역화폐·소비쿠폰,"울주군, 소상공인 경영환경개선사업 2차 접수",2024-07-24,https://view.asiae.co.kr/article/2024072409374005218
2024-07,토픽4,지역화폐·소비쿠폰,"여수사랑상품권 15% 특별할인, 60시간 만에 완판",2024-07-08,https://view.asiae.co.kr/article/2024070813090233895
2024-07,토픽4,지역화폐·소비쿠폰,"여수사랑상품권, 30억 초과 가맹점 사용 제한한다",2024-07-29,https://view.asiae.co.kr/article/2024072915212781613
2024-07,토픽5,물가·민생 거시대책,정부 ‘내수 회복 조짐’ 진단 유지 물가는 ‘안정 흐름’,2024-07-12,https://view.asiae.co.kr/article/2024071210184756931
2024-07,토픽5,물가·민생 거시대책,"최상목 ""부동산 변동성 확대 필요시 추가 공급방안 강구""",2024-07-10,https://view.asiae.co.kr/article/2024071009152408992
2024-07,토픽5,물가·민생 거시대책,"정부 ""티메프 피해 입점업체에 5600억 유동성 지원""(종합)",2024-07-29,https://view.asiae.co.kr/article/2024072910061334939
2024-07,토픽5,물가·민생 거시대책,"정부 ""티메프 피해 중소기업 소상공인 5600억 유동성 지원""",2024-07-29,https://view.asiae.co.kr/article/2024072909371200468
2024-07,토픽5,물가·민생 거시대책,"이복현 ""금융시장 상황 매우 엄중 연말 인사 성과중심""",2024-07-02,https://view.asiae.co.kr/article/2024070213443821748
2024-07,토픽6,온라인 플랫폼·디지털 지원,"똑똑한 KT ‘AI링고전화’, 바쁜 소상공인들에게 인기",2024-07-08,https://view.asiae.co.kr/article/2024070809533925868
2024-07,토픽6,온라인 플랫폼·디지털 지원,"LGU+ ""당근에 공짜 광고하세요"" 소상공인 위한 서비스 추가",2024-07-08,https://view.asiae.co.kr/article/2024070810503054571
2024-07,토픽6,온라인 플랫폼·디지털 지원,"""카페 편의점과 역차별"" 10년 묵은 대기업 빵집 '출점 족쇄' 풀리나",2024-07-24,https://view.asiae.co.kr/article/2024072216133130577
2024-07,토픽6,온라인 플랫폼·디지털 지원,"""여름 비수기 타파"" 롯데온, 신규 셀러 수수료 면제",2024-07-23,https://view.asiae.co.kr/article/2024072216432907229
2024-07,토픽6,온라인 플랫폼·디지털 지원,"11번가, '수수료 면제' 선순환 효과 소상공인 거래액 5배 급증",2024-07-11,https://view.asiae.co.kr/article/2024071014354813776
2024-07,토픽7,상생협력·중소기업 지원,"중기중앙회, '제3차 KBIZ 문화경영포럼' 개최",2024-07-23,https://view.asiae.co.kr/article/2024072308595793848
2024-07,토픽7,상생협력·중소기업 지원,"동반위-롯데웰푸드, 소상공인과 상생 위해 맞손 ""맛있는 샌드위치 찾는다""",2024-07-11,https://view.asiae.co.kr/article/2024071108482970118
2024-07,토픽7,상생협력·중소기업 지원,"""라이콘 꿈나무 육성한다"" 중기부, 강한소상공인 201개 팀 선발",2024-07-03,https://view.asiae.co.kr/article/2024070215595082266
2024-07,토픽7,상생협력·중소기업 지원,"전통시장 디지털 전환 돕는다 카카오, 교육 프로그램 신설",2024-07-04,https://view.asiae.co.kr/article/2024070409174620783
2024-07,토픽7,상생협력·중소기업 지원,"중기부, 롯데와 손잡고 중소 소상공인 글로벌 진출 지원",2024-07-10,https://view.asiae.co.kr/article/2024071010181262190
2024-08,토픽0,정치권 재난·위기 재정대응,"尹대통령 ""청년 위한 연금개혁할 것 국가가 지급보장 명문화""(종합)",2024-08-29,https://view.asiae.co.kr/article/2024082911531107804
2024-08,토픽0,정치권 재난·위기 재정대응,"尹 ""많이 내고 늦게 받는 청년 위한 연금개혁할 것""",2024-08-29,https://view.asiae.co.kr/article/2024082910375269924
2024-08,토픽0,정치권 재난·위기 재정대응,"행안부, 집중호우 피해지역에 재난지원금 127억 우선 지원",2024-08-02,https://view.asiae.co.kr/article/2024080216332479453
2024-08,토픽0,정치권 재난·위기 재정대응,"진성준 ""금투세 폐지하면 내수 경제 살아나나""",2024-08-07,https://view.asiae.co.kr/article/2024080710265393750
2024-08,토픽0,정치권 재난·위기 재정대응,"[전문] 민주 ""尹정권 폭주 멈춰야 정기국회서 분골쇄신""",2024-08-30,https://view.asiae.co.kr/article/2024083009182024703
2024-08,토픽1,은행·금융권 소상공인 지원,"케이뱅크, 인뱅 최초 '사장님 부동산담보대출' 출시 ""최저 연 3.6%""",2024-08-07,https://view.asiae.co.kr/article/2024080710550000676
2024-08,토픽1,은행·금융권 소상공인 지원,"카카오뱅크-서울신보, 250억원 규모 이자지원 보증서대출 출시",2024-08-09,https://view.asiae.co.kr/article/2024080909043869346
2024-08,토픽1,은행·금융권 소상공인 지원,"갤럭시아머니트리 ""상반기 영업이익 66억원 머니트리 카드 호실적""",2024-08-14,https://view.asiae.co.kr/article/2024081416265530895
2024-08,토픽1,은행·금융권 소상공인 지원,"산청군, 중기 소상공인 육성기금 지원",2024-08-26,https://view.asiae.co.kr/article/2024082609103414611
2024-08,토픽1,은행·금융권 소상공인 지원,"케이뱅크, 상반기 순이익 854억원 '역대 최대'",2024-08-13,https://view.asiae.co.kr/article/2024081309192220342
2024-08,토픽2,코로나 방역·지자체 행정,"구미시, 저출생 대책 추경예산 확보 하반기 핵심사업 본격화",2024-08-08,https://view.asiae.co.kr/article/2024080812581918725
2024-08,토픽2,코로나 방역·지자체 행정,"중랑구, 278억 규모 추가경정예산안 편성... 주민 안전 복지 분야 중점",2024-08-27,https://view.asiae.co.kr/article/2024082707524596234
2024-08,토픽2,코로나 방역·지자체 행정,"경기도, 제1회 추경안 37조1077억원 편성 '민생회복 지역경제' 방점",2024-08-22,https://view.asiae.co.kr/article/2024082210163887454
2024-08,토픽2,코로나 방역·지자체 행정,"용인시, 2회 추경예산 1112억원 증액 편성",2024-08-23,https://view.asiae.co.kr/article/2024082308135440365
2024-08,토픽2,코로나 방역·지자체 행정,"尹 ""지난 정부 국가채무 400조원 늘려 재정지출 효율성 높여야""(종합)",2024-08-27,https://view.asiae.co.kr/article/2024082711105185473
2024-08,토픽3,최저임금·노사 협상,"소공연 회장에 송치영 산업용재협회장 당선 ""한 단계 업그레이드할 것""",2024-08-29,https://view.asiae.co.kr/article/2024082917135219355
2024-08,토픽3,최저임금·노사 협상,"고용부, 내년 최저임금 '1만30원' 고시 월 209만6270원",2024-08-05,https://view.asiae.co.kr/article/2024080508160323523
2024-08,토픽3,최저임금·노사 협상,"경제단체 ""광복절 특사로 중소기업 소상공인 경영 복귀 환영""",2024-08-13,https://view.asiae.co.kr/article/2024081316075769347
2024-08,토픽3,최저임금·노사 협상,"서울 중구, '명동스퀘어' 새 BI 공개",2024-08-02,https://view.asiae.co.kr/article/2024080210454348249
2024-08,토픽3,최저임금·노사 협상,"고용부 내년 최저임금 확정 고시 ""제도 개선 이달 논의""(종합)",2024-08-05,https://view.asiae.co.kr/article/2024080509590500148
2024-08,토픽4,지역화폐·소비쿠폰,"인천 연수구, 新송도해변축제 기간 연수e음 15% 캐시백",2024-08-08,https://view.asiae.co.kr/article/2024080814324508669
2024-08,토픽4,지역화폐·소비쿠폰,"“명절 경제 활성화”  창원특례시, 9월 4일 6일 누비전 150억 발행",2024-08-20,https://view.asiae.co.kr/article/2024082013425759320
2024-08,토픽4,지역화폐·소비쿠폰,포항사랑상품권 추석맞이 10% 특별할인판매 3일부터 350억 발행,2024-08-27,https://view.asiae.co.kr/article/2024082709570842357
2024-08,토픽4,지역화폐·소비쿠폰,“10% 할인 효과”...강남사랑상품권 빨리 쓰면 5% 할인 더 준다,2024-08-22,https://view.asiae.co.kr/article/2024082207122345958
2024-08,토픽4,지역화폐·소비쿠폰,"영주사랑상품권, 추석 맞아 한도 80만원으로 상향",2024-08-26,https://view.asiae.co.kr/article/2024082612312797572
2024-08,토픽5,물가·민생 거시대책,"정부 ""티메프 미정산 8200억 이상 재발방지 대책 곧 발표""",2024-08-02,https://view.asiae.co.kr/article/2024080210472056143
2024-08,토픽5,물가·민생 거시대책,"정부 ""티메프 피해 유동성 지원 1.6조원으로 확대""",2024-08-21,https://view.asiae.co.kr/article/2024082108040327508
2024-08,토픽5,물가·민생 거시대책,티메프 ‘1조 피해’ 현실화 자율 구조조정 한 달 동안 출구 찾을까,2024-08-03,https://view.asiae.co.kr/article/2024080215481508815
2024-08,토픽5,물가·민생 거시대책,"최상목 ""티메프 피해 두껍게 지원 1.2조원 유동성 공급""",2024-08-07,https://view.asiae.co.kr/article/2024080708504348290
2024-08,토픽5,물가·민생 거시대책,판 커지는 티메프 민사소송 회생 신청으로 실익 불투명,2024-08-05,https://view.asiae.co.kr/article/2024080507351836203
2024-08,토픽6,온라인 플랫폼·디지털 지원,머리카락 나왔다던 고객 환불해주니 다 먹은 그릇에 쓰레기 넣어 보내,2024-08-13,https://view.asiae.co.kr/article/2024081311154936792
2024-08,토픽6,온라인 플랫폼·디지털 지원,"티메프 떠난 셀러들, 11번가 '둥지' 오리지널 누적매출 900억",2024-08-26,https://view.asiae.co.kr/article/2024082608384730514
2024-08,토픽6,온라인 플랫폼·디지털 지원,"홈플러스 '택배배송', 신규 입점 셀러 ""수수료 0%""",2024-08-06,https://view.asiae.co.kr/article/2024080608305950457
2024-08,토픽6,온라인 플랫폼·디지털 지원,5대 백화점 롯데마트 롯데ON 입점 희망 우수 中企 모집,2024-08-11,https://view.asiae.co.kr/article/2024081016141792946
2024-08,토픽6,온라인 플랫폼·디지털 지원,"인터파크커머스-11번가, 10억원대 정산금 두고 대립",2024-08-06,https://view.asiae.co.kr/article/2024080618512949997
2024-08,토픽7,상생협력·중소기업 지원,"신라대-미창조 리안헤어, 전문인재 양성 업무협약 체결",2024-08-08,https://view.asiae.co.kr/article/2024080815073880559
2024-08,토픽7,상생협력·중소기업 지원,"철도공단, 공공데이터 활용 아이디어 공모",2024-08-01,https://view.asiae.co.kr/article/2024080111110379369
2024-08,토픽7,상생협력·중소기업 지원,"롯데, 韓 중소기업 베트남 진출 돕는다 현지서 동행축제",2024-08-29,https://view.asiae.co.kr/article/2024082913554205972
2024-08,토픽7,상생협력·중소기업 지원,동남아 시장 개척 위해 모였다 베트남 동행축제 개막,2024-08-30,https://view.asiae.co.kr/article/2024082918552152350
2024-08,토픽7,상생협력·중소기업 지원,소상공인 제품 '동행축제'타고 세계로 해외서 첫 개막,2024-08-29,https://view.asiae.co.kr/article/2024082910472768766
2024-09,토픽0,정치권 재난·위기 재정대응,"'최장 지각 대통령 불참'국회 개원 禹 ""정부, 국회 존중해야""(종합)",2024-09-02,https://view.asiae.co.kr/article/2024090216300973588
2024-09,토픽0,정치권 재난·위기 재정대응,"한동훈 이재명, 민생 공약 협의 기구 운영키로 채상병 특검법 합의 불발",2024-09-01,https://view.asiae.co.kr/article/2024090118475569307
2024-09,토픽0,정치권 재난·위기 재정대응,"[전문] 박찬대 ""의료대란 해결 위해 여 야 의 정 비상협의체 만들자""",2024-09-04,https://view.asiae.co.kr/article/2024090410381549932
2024-09,토픽0,정치권 재난·위기 재정대응,"김동연, 전국민 25만원 '총론 찬성, 각론 반대' ""취약층 두텁게 지원해야""",2024-09-07,https://view.asiae.co.kr/article/2024090714055023923
2024-09,토픽0,정치권 재난·위기 재정대응,"하남시, 집중호우 피해 재난지원금 가구당 300만원씩 지급",2024-09-13,https://view.asiae.co.kr/article/2024091314455772879
2024-09,토픽1,은행·금융권 소상공인 지원,"케이뱅크, 개인사업자 부동산담보대출 '후순위 대출' 출시",2024-09-24,https://view.asiae.co.kr/article/2024092410181225879
2024-09,토픽1,은행·금융권 소상공인 지원,"iM뱅크, 금용소외계층에 50 90%채무감면 5년 분할 성실상환 인센티브",2024-09-03,https://view.asiae.co.kr/article/2024090310294985000
2024-09,토픽1,은행·금융권 소상공인 지원,"카카오뱅크, 개인사업자 신용대출 금리 최대 0.4%p 인하",2024-09-05,https://view.asiae.co.kr/article/2024090509434030717
2024-09,토픽1,은행·금융권 소상공인 지원,"금융당국, 저축은행 다중채무자 대손충당금 기준 '단계적 상향'",2024-09-08,https://view.asiae.co.kr/article/2024090617512465264
2024-09,토픽1,은행·금융권 소상공인 지원,"케이뱅크, 증권신고서 제출 공모가 희망범위 9500~1만2000원",2024-09-13,https://view.asiae.co.kr/article/2024091314584204342
2024-09,토픽2,코로나 방역·지자체 행정,"고양시, 3조3865억원 규모 제2회 추가경정예산안 제출",2024-09-27,https://view.asiae.co.kr/article/2024092715472083516
2024-09,토픽2,코로나 방역·지자체 행정,"금천구, 30살 맞이 ‘민생행복’ 미래 설계",2024-09-24,https://view.asiae.co.kr/article/2024092416363314129
2024-09,토픽2,코로나 방역·지자체 행정,"관악구, 2024년도 제1회 추경안 638억 원 편성...일자리 CCTV 투자",2024-09-13,https://view.asiae.co.kr/article/2024091308340345224
2024-09,토픽2,코로나 방역·지자체 행정,"관악구, 2025년 주민참여예산 사업 약 14억7000만원 선정",2024-09-08,https://view.asiae.co.kr/article/2024090820372134667
2024-09,토픽2,코로나 방역·지자체 행정,"서민금융 청년지원에 집중 금융위, 내년 예산 4조2408억원 편성",2024-09-09,https://view.asiae.co.kr/article/2024090910514705977
2024-09,토픽3,최저임금·노사 협상,"새벽에 서울 도로 한복판에서 요가하고, 춤 이런 걸 언제 해보겠어요""",2024-09-26,https://view.asiae.co.kr/article/2024092509005005317
2024-09,토픽3,최저임금·노사 협상,서리풀페스티벌’ 28~29일 차 없는 반포대로서 개최,2024-09-23,https://view.asiae.co.kr/article/2024092309563838947
2024-09,토픽3,최저임금·노사 협상,제7대 동반성장위원장에 이달곤 전 행정안전부 장관 선임,2024-09-10,https://view.asiae.co.kr/article/2024090920520100543
2024-09,토픽3,최저임금·노사 협상,"중기부, 소상공인연합회 공직유관단체 지정 추진",2024-09-26,https://view.asiae.co.kr/article/2024092608582374474
2024-09,토픽3,최저임금·노사 협상,"성심당, 대전역 남는다 월 수수료 4.4억→1.3억 타결",2024-09-27,https://view.asiae.co.kr/article/2024092714162455594
2024-09,토픽4,지역화폐·소비쿠폰,함양사랑상품권 추석맞이 15% 특별 할인 판매,2024-09-02,https://view.asiae.co.kr/article/2024090208541566443
2024-09,토픽4,지역화폐·소비쿠폰,"관악구, 제9 10호 골목형상점가 지정 골목상권 활력 불어넣는다",2024-09-01,https://view.asiae.co.kr/article/2024090107405950045
2024-09,토픽4,지역화폐·소비쿠폰,천안사랑카드 9월~10월 캐시백 10%로 상향,2024-09-02,https://view.asiae.co.kr/article/2024090213144362480
2024-09,토픽4,지역화폐·소비쿠폰,"송파구, 추석 맞아 ‘송파사랑상품권’ 240억 원 발행",2024-09-02,https://view.asiae.co.kr/article/2024090207024681167
2024-09,토픽4,지역화폐·소비쿠폰,착한가격업소서 천안사랑카드 결제 시 5% 추가 캐시백,2024-09-13,https://view.asiae.co.kr/article/2024091310250617465
2024-09,토픽5,물가·민생 거시대책,"'쯔양 협박 혐의' 구제역, 첫 공판서 ""공소사실 모두 거짓말""",2024-09-06,https://view.asiae.co.kr/article/2024090613240672004
2024-09,토픽5,물가·민생 거시대책,"美 피벗 영향 점검 최상목 ""높은 경계심 갖고 변동성 확대에 대응""",2024-09-19,https://view.asiae.co.kr/article/2024091908323215991
2024-09,토픽5,물가·민생 거시대책,"정부, 티메프 피해기업에 3432억원 집행 소비자에 401억원 환불",2024-09-12,https://view.asiae.co.kr/article/2024091208492248040
2024-09,토픽5,물가·민생 거시대책,"기재차관 ""건설 자영업 취업자 감소 고용 상황 점검해 맞춤 지원""",2024-09-11,https://view.asiae.co.kr/article/2024091110190247458
2024-09,토픽5,물가·민생 거시대책,"최상목 ""가계대출, 경계의식 갖고 안정적으로 관리""",2024-09-12,https://view.asiae.co.kr/article/2024091208342965585
2024-09,토픽6,온라인 플랫폼·디지털 지원,"11번가, 서울시와 손잡고 온라인 전용관 연말까지 운영",2024-09-25,https://view.asiae.co.kr/article/2024092509552704934
2024-09,토픽6,온라인 플랫폼·디지털 지원,"추석 차례상, 전통시장이 대형마트보다 7만3000원 저렴",2024-09-06,https://view.asiae.co.kr/article/2024090608233392971
2024-09,토픽6,온라인 플랫폼·디지털 지원,"KT SK브로드밴드 ""인터넷 장애에 소상공인 한 달 치 요금 보상""",2024-09-13,https://view.asiae.co.kr/article/2024091307091782531
2024-09,토픽6,온라인 플랫폼·디지털 지원,"""5년 역직구 수수료 제로"" 알리, 파격적인 'K셀러' 러브콜",2024-09-25,https://view.asiae.co.kr/article/2024092508022290956
2024-09,토픽6,온라인 플랫폼·디지털 지원,"""집에서 밥을 안 해먹으니 "" 위기 빠진 밥솥 회사의 파격 변신",2024-09-24,https://view.asiae.co.kr/article/2024092400581513866
2024-09,토픽7,상생협력·중소기업 지원,"동반위-우아한형제들, 중소상공인 무료 노무컨설팅 지원",2024-09-06,https://view.asiae.co.kr/article/2024090608320226683
2024-09,토픽7,상생협력·중소기업 지원,"국민대, 문제 해결 프로그램 아이디어 콘테스트 시상식 개최",2024-09-24,https://view.asiae.co.kr/article/2024092414334221972
2024-09,토픽7,상생협력·중소기업 지원,"한국수퍼마켓협동조합, '관리자 워크숍' 개최 ""중소유통 발전 방향은""",2024-09-26,https://view.asiae.co.kr/article/2024092609254706166
2024-09,토픽7,상생협력·중소기업 지원,"최승재 중기 옴부즈만 ""경영에 실질적 도움되는 규제 개선""",2024-09-05,https://view.asiae.co.kr/article/2024090509053351495
2024-09,토픽7,상생협력·중소기업 지원,‘동행축제’서 환경 생각하는 제품 뜬다,2024-09-20,https://view.asiae.co.kr/article/2024091916271070289
2024-10,토픽0,정치권 재난·위기 재정대응,이만규 대구시의회 의장 “부가세 신고 납부 기한 25일→월말 변경해야” 세법개정 건의,2024-10-01,https://view.asiae.co.kr/article/2024100113565816813
2024-10,토픽0,정치권 재난·위기 재정대응,[논단]노년세대를 활용할 전략 세워야 한다,2024-10-21,https://view.asiae.co.kr/article/2024101811340998239
2024-10,토픽0,정치권 재난·위기 재정대응,"민주당, 모경종 청년위원장 등 전국위원장 10명 선출",2024-10-24,https://view.asiae.co.kr/article/2024102419145356840
2024-10,토픽0,정치권 재난·위기 재정대응,여야 2차 대표회담 '이재명 사법리스크' 전 만날까,2024-10-29,https://view.asiae.co.kr/article/2024102910554776740
2024-10,토픽0,정치권 재난·위기 재정대응,여야 '민생공통공약 협의회' 28일 출범 반도체 AI 저출생 등 논의,2024-10-27,https://view.asiae.co.kr/article/2024102717143823873
2024-10,토픽1,은행·금융권 소상공인 지원,"케이뱅크, ‘사장님 보증서대출’ 출시 포용금융 확대",2024-10-04,https://view.asiae.co.kr/article/2024100410081875058
2024-10,토픽1,은행·금융권 소상공인 지원,"경기도, 중 저신용 소상공인 부채상환 연장 특례보증 시행",2024-10-01,https://view.asiae.co.kr/article/2024100108131692412
2024-10,토픽1,은행·금융권 소상공인 지원,"토스뱅크-대구신보, 소상공인 금융지원 MOU 체결",2024-10-28,https://view.asiae.co.kr/article/2024102811285064015
2024-10,토픽1,은행·금융권 소상공인 지원,"토스뱅크, 소상공인 위한 '서울신속드림보증대출' 출시",2024-10-18,https://view.asiae.co.kr/article/2024101809432632736
2024-10,토픽1,은행·금융권 소상공인 지원,[1mm금융톡]역대급 실적 앞두고 상생 강화하는 은행권,2024-10-22,https://view.asiae.co.kr/article/2024102116224367522
2024-10,토픽2,코로나 방역·지자체 행정,"구리시, 민선8기 공약사업 추진상황 보고회 개최",2024-10-30,https://view.asiae.co.kr/article/2024103015381397167
2024-10,토픽2,코로나 방역·지자체 행정,[2025 서울시 예산]'48조' 역대 최대 '저출생 안전' 시민복지 방점,2024-10-31,https://view.asiae.co.kr/article/2024103109313640217
2024-10,토픽2,코로나 방역·지자체 행정,"내년 예산 '48조' 내놓은 오세훈 ""건전재정 유지, 의지의 문제""(종합)",2024-10-31,https://view.asiae.co.kr/article/2024103111415543401
2024-10,토픽2,코로나 방역·지자체 행정,"포항시, 2025년 AI 활용 업무효율 높이고 도시 경쟁력 확실하게 잡는다",2024-10-07,https://view.asiae.co.kr/article/2024100712052987922
2024-10,토픽2,코로나 방역·지자체 행정,"관악구, 2024년도 제1회 추가경정예산 647억 원 확정",2024-10-28,https://view.asiae.co.kr/article/2024102807135111252
2024-10,토픽3,최저임금·노사 협상,"서점업 LPG연료 소매업, ‘생계형 적합업종’으로 재지정",2024-10-14,https://view.asiae.co.kr/article/2024101418364042135
2024-10,토픽3,최저임금·노사 협상,"오승록 노원구청장, 2024년 특성화고 직무역량 페스티벌 참석",2024-10-28,https://view.asiae.co.kr/article/2024102820263014642
2024-10,토픽3,최저임금·노사 협상,명동의 변신 ‘명동스퀘어’ 조성해 관광 랜드마크 만든다,2024-10-23,https://view.asiae.co.kr/article/2024102311512454214
2024-10,토픽3,최저임금·노사 협상,"성동구, 제7회 성수도시재생축제 '꽃길만 걸어요' 개최",2024-10-08,https://view.asiae.co.kr/article/2024100806592052327
2024-10,토픽3,최저임금·노사 협상,경기도야외도서관 독서문화 페스타 성료 8200여명 방문,2024-10-28,https://view.asiae.co.kr/article/2024102812340923294
2024-10,토픽4,지역화폐·소비쿠폰,"관악구, 전통시장 점포 턴어라운드 경영 지원",2024-10-31,https://view.asiae.co.kr/article/2024103108091105870
2024-10,토픽4,지역화폐·소비쿠폰,"평택시, 고덕면 '태평상가' 골목형상점가 2호 지정",2024-10-02,https://view.asiae.co.kr/article/2024100214452631201
2024-10,토픽4,지역화폐·소비쿠폰,"영주시, 모바일 영주사랑상품권 적립률 15%로 일시 상향한다",2024-10-28,https://view.asiae.co.kr/article/2024102810592622061
2024-10,토픽4,지역화폐·소비쿠폰,"중랑구, 신내구길 겸재한신길 '골목형상점가' 신규 지정",2024-10-16,https://view.asiae.co.kr/article/2024101607421873195
2024-10,토픽4,지역화폐·소비쿠폰,"가평군, 11월 1일부터 ‘가평GP페이’ 소비지원금 지원",2024-10-07,https://view.asiae.co.kr/article/2024100711011546936
2024-10,토픽5,물가·민생 거시대책,자영업자 고용보험 가입 보험료 지원 신청 '한 번에 가능',2024-10-15,https://view.asiae.co.kr/article/2024101508192707477
2024-10,토픽5,물가·민생 거시대책,"금리 실기론에 한은 금통위원 ""너무 단순한 지적""",2024-10-29,https://view.asiae.co.kr/article/2024102817223523892
2024-10,토픽5,물가·민생 거시대책,"중소기업계 ""기준금리 인하 환영 시중은행 금리 인하로 이어져야""",2024-10-11,https://view.asiae.co.kr/article/2024101111081739607
2024-10,토픽5,물가·민생 거시대책,"최상목 ""반도체 추가지원, 이차전지 경쟁력 강화방안 마련""",2024-10-28,https://view.asiae.co.kr/article/2024102808314766333
2024-10,토픽5,물가·민생 거시대책,"최상목 ""배달플랫폼 입점업체 상생협의 이달 중 최종안 도출""",2024-10-04,https://view.asiae.co.kr/article/2024100408520305417
2024-10,토픽6,온라인 플랫폼·디지털 지원,"포커스에이치엔에스, 포인트모바일과 시너지 'AI 시장서 입지 강화'",2024-10-23,https://view.asiae.co.kr/article/2024102315252844607
2024-10,토픽6,온라인 플랫폼·디지털 지원,"농수산물 온라인도매시장 거래액 3000억원 달성 ""매달 30% 이상 성장""",2024-10-21,https://view.asiae.co.kr/article/2024102115053608443
2024-10,토픽6,온라인 플랫폼·디지털 지원,"부릉, 음식물 쓰레기 수거 전문 서비스와 제휴",2024-10-31,https://view.asiae.co.kr/article/2024103110433317317
2024-10,토픽6,온라인 플랫폼·디지털 지원,겨울 시즌 스타벅스 상생음료 판매 소상공인 카페 모집,2024-10-28,https://view.asiae.co.kr/article/2024102809331184160
2024-10,토픽6,온라인 플랫폼·디지털 지원,전통시장 디지털화로 매출액 늘었다 중장년층서 긍정 효과,2024-10-04,https://view.asiae.co.kr/article/2024100409053771667
2024-10,토픽7,상생협력·중소기업 지원,"SK C&C, '클릭 ISO'로 중소기업 ISO 인증 획득 갱신 지원",2024-10-07,https://view.asiae.co.kr/article/2024100708210326133
2024-10,토픽7,상생협력·중소기업 지원,"중기부, ‘2024 대한민국 소상공인대회’ 개최",2024-10-31,https://view.asiae.co.kr/article/2024103113350260581
2024-10,토픽7,상생협력·중소기업 지원,소상공인 성장지원 ‘드림팀’ 떴다,2024-10-28,https://view.asiae.co.kr/article/2024102810595828961
2024-10,토픽7,상생협력·중소기업 지원,"전국 전통시장 우수성 알린다 ""국내 넘어 세계까지""",2024-10-18,https://view.asiae.co.kr/article/2024101810121901124
2024-10,토픽7,상생협력·중소기업 지원,"재단법인 경청, KAIST 제13회 지식재산대상 선정",2024-10-10,https://view.asiae.co.kr/article/2024101014122229858
2024-11,토픽0,정치권 재난·위기 재정대응,"김동연 ""지금은 돈 써야할 때"" 경기도, 폭설 피해 301억 긴급수혈",2024-11-29,https://view.asiae.co.kr/article/2024112914374853058
2024-11,토픽0,정치권 재난·위기 재정대응,"광주시, 12월부터 배출가스 5등급 차량 운행 제한",2024-11-24,https://view.asiae.co.kr/article/2024112413021208695
2024-11,토픽0,정치권 재난·위기 재정대응,"""'군 간부 50인분' 속지 마세요"" 음식점 4650곳에 '노쇼 경보' 발령",2024-11-28,https://view.asiae.co.kr/article/2024112814101647971
2024-11,토픽0,정치권 재난·위기 재정대응,"최상목 ""野감액예산, 국가 기능 마비 깊은 유감""",2024-11-29,https://view.asiae.co.kr/article/2024112921191367374
2024-11,토픽0,정치권 재난·위기 재정대응,"與 ""추경, 검토하지 않아 내년도 예산안 처리에 최선""(종합)",2024-11-22,https://view.asiae.co.kr/article/2024112211340936774
2024-11,토픽1,은행·금융권 소상공인 지원,"가계 개인사업자 대출연체 차주 비중 ↑ ""정책지원, 이용 활성화 필요""",2024-11-24,https://view.asiae.co.kr/article/2024112413231617479
2024-11,토픽1,은행·금융권 소상공인 지원,"인천신보-중소기업은행, 300억 규모 협약보증 지원 제조업 중장년 우대",2024-11-15,https://view.asiae.co.kr/article/2024111510485827917
2024-11,토픽1,은행·금융권 소상공인 지원,"기업은행, 소기업 소상공인에 4000억원 지역별 '맞춤형 금융지원'",2024-11-14,https://view.asiae.co.kr/article/2024111413440959582
2024-11,토픽1,은행·금융권 소상공인 지원,"경기신보, 중기銀 50억원 출연 도내 소상공인 등 750억원 보증",2024-11-18,https://view.asiae.co.kr/article/2024111814004946514
2024-11,토픽1,은행·금융권 소상공인 지원,"기업은행, 3Q 누적 순이익 2.2조원 '사상 최대'",2024-11-01,https://view.asiae.co.kr/article/2024110115483783199
2024-11,토픽2,코로나 방역·지자체 행정,"백경현 시장, 내년 시정운영 6대 방향 제시 예산 7427억 편성",2024-11-20,https://view.asiae.co.kr/article/2024112018273359568
2024-11,토픽2,코로나 방역·지자체 행정,"파주시, 민생회복 위해 ‘전략적 확대재정’ 추진",2024-11-19,https://view.asiae.co.kr/article/2024111911221712201
2024-11,토픽2,코로나 방역·지자체 행정,"화성시 ""민생경제 회복 위해 내년 예산 3.5조원 9.98%↑""",2024-11-08,https://view.asiae.co.kr/article/2024110817371670999
2024-11,토픽2,코로나 방역·지자체 행정,"경기도, 내년 예산 7.2% 늘린다 38조7081억원 편성",2024-11-05,https://view.asiae.co.kr/article/2024110510121746163
2024-11,토픽2,코로나 방역·지자체 행정,"남양주시, 2025년 예산 2조2720억 편성 “100만 메가시티 도약 방점”",2024-11-20,https://view.asiae.co.kr/article/2024112015290798488
2024-11,토픽3,최저임금·노사 협상,"'합성니코틴은 담배인가' 국회, 21대 이어 22대서도 장고",2024-11-28,https://view.asiae.co.kr/article/2024112817355977029
2024-11,토픽3,최저임금·노사 협상,"서울시의회 감사 출석한 안성재 ""흑백요리사로 외식업 살아나""",2024-11-08,https://view.asiae.co.kr/article/2024110816004316368
2024-11,토픽3,최저임금·노사 협상,"송치영 소공연 회장 ""최저임금 개선 시급 배달수수료 적극 대응""",2024-11-12,https://view.asiae.co.kr/article/2024111215475256553
2024-11,토픽3,최저임금·노사 협상,노원구 소상공인 매니저 활동 대만족,2024-11-29,https://view.asiae.co.kr/article/2024112907370264475
2024-11,토픽3,최저임금·노사 협상,"경기도, 내달 20일까지 지역화폐 부정유통행위 일제단속",2024-11-25,https://view.asiae.co.kr/article/2024112507194235424
2024-11,토픽4,지역화폐·소비쿠폰,"여주시, 연말 경기살리기 여주사랑카드 소비지원금 지원",2024-11-06,https://view.asiae.co.kr/article/2024110617283586941
2024-11,토픽4,지역화폐·소비쿠폰,"관악구, 제11호 '녹두골목형상점가' 지정 서울시 최다 골목형상점가 보유",2024-11-04,https://view.asiae.co.kr/article/2024110408190370713
2024-11,토픽4,지역화폐·소비쿠폰,"관악구, 올해 마지막 ‘관악사랑상품권(5% 할인)' 80억 발행",2024-11-07,https://view.asiae.co.kr/article/2024110707515665969
2024-11,토픽4,지역화폐·소비쿠폰,"성북구, 성북사랑상품권 40억 발행 10% 할인 효과",2024-11-12,https://view.asiae.co.kr/article/2024111215195584991
2024-11,토픽4,지역화폐·소비쿠폰,"관악구, 녹두거리 별빛거리 등 7개 골목상권 5000원 할인 받을 쿠폰 제공",2024-11-03,https://view.asiae.co.kr/article/2024110308363578379
2024-11,토픽5,물가·민생 거시대책,"기재1차관 ""김장재료 수급안정 유가연동보조금 2개월 추가 연장""",2024-11-05,https://view.asiae.co.kr/article/2024110508582542626
2024-11,토픽5,물가·민생 거시대책,"대통령실 ""금통위 금리인하 결정 존중 내수회복 도움될 것""(종합)",2024-11-28,https://view.asiae.co.kr/article/2024112811153596328
2024-11,토픽5,물가·민생 거시대책,10월 취업자 증가 8만명대 '뚝' 쉬었음 인구는 역대 최대(종합),2024-11-13,https://view.asiae.co.kr/article/2024111310230694373
2024-11,토픽5,물가·민생 거시대책,"美 신정부 출범 불확실성 관리 최상목 ""민생경제 안정 총력""",2024-11-22,https://view.asiae.co.kr/article/2024112216510458442
2024-11,토픽5,물가·민생 거시대책,"""있는대로 다 말할게요"" 쯔양 '구제역 공갈 혐의' 재판 출석",2024-11-15,https://view.asiae.co.kr/article/2024111516333454784
2024-11,토픽6,온라인 플랫폼·디지털 지원,"포인트모바일, 넥슨 자회사 NMP에 P10 공급 ""결제시장 본격 진출""",2024-11-19,https://view.asiae.co.kr/article/2024111914115961561
2024-11,토픽6,온라인 플랫폼·디지털 지원,"노란우산 가입자 10명 중 7명 ""소득공제 한도 확대해야""",2024-11-24,https://view.asiae.co.kr/article/2024112410105627976
2024-11,토픽6,온라인 플랫폼·디지털 지원,"""평일 1000만원 매출에도 나가는 돈에 먹튀도 많아"" 정준하 웃픈 사연",2024-11-14,https://view.asiae.co.kr/article/2024111410544588201
2024-11,토픽6,온라인 플랫폼·디지털 지원,"""소기업 소상공인 노란우산 가입 확대 노력"" 중기중앙회-카카오뱅크 '맞손'",2024-11-12,https://view.asiae.co.kr/article/2024111208491450305
2024-11,토픽6,온라인 플랫폼·디지털 지원,"현대차, 소상공인의 날 맞아 ST1 활용 사례 공모",2024-11-04,https://view.asiae.co.kr/article/2024110410462595586
2024-11,토픽7,상생협력·중소기업 지원,"中企와 '윈윈' 대기업 공공기관, ""동반성장은 선택 아닌 필수""",2024-11-20,https://view.asiae.co.kr/article/2024111915575297099
2024-11,토픽7,상생협력·중소기업 지원,"한국석유공사, ‘올해의 SNS’ 블로그 부문 2년 연속 ‘대상’ 수상",2024-11-21,https://view.asiae.co.kr/article/2024112115373012596
2024-11,토픽7,상생협력·중소기업 지원,"중기부, 2024 동반성장 주간 기념식 개최",2024-11-26,https://view.asiae.co.kr/article/2024112613184889901
2024-11,토픽7,상생협력·중소기업 지원,"중기부, 소상공인협동조합 컨퍼런스 개최",2024-11-05,https://view.asiae.co.kr/article/2024110510554231495
2024-11,토픽7,상생협력·중소기업 지원,"경북개발공사, ‘올해의 SNS’ 유튜브 공사부문 2년 연속 최우수상 수상",2024-11-22,https://view.asiae.co.kr/article/2024112209335724200
2024-12,토픽0,정치권 재난·위기 재정대응,"국회, 윤석열 탄핵소추안 본회의 통과 찬성 204표(상보)",2024-12-14,https://view.asiae.co.kr/article/2024121417140697793
2024-12,토픽0,정치권 재난·위기 재정대응,"국회, 윤석열 탄핵소추안 본회의 통과 찬성 204표(종합)",2024-12-14,https://view.asiae.co.kr/article/2024121419123616034
2024-12,토픽0,정치권 재난·위기 재정대응,"경기도, 11월 대설 피해 복구에 3116억5천만원 투입",2024-12-29,https://view.asiae.co.kr/article/2024122910470291495
2024-12,토픽0,정치권 재난·위기 재정대응,"안성시, 지난달 폭설 피해 최종 집계액 1828억원",2024-12-16,https://view.asiae.co.kr/article/2024121608231524766
2024-12,토픽0,정치권 재난·위기 재정대응,경기도 폭설 피해 4768억원 피해 접수 13일까지 연장,2024-12-09,https://view.asiae.co.kr/article/2024120911260524209
2024-12,토픽1,은행·금융권 소상공인 지원,"부산시, 소상공인 저출생 위기극복 ‘육아응원패키지 지원사업’ 본격 시행",2024-12-16,https://view.asiae.co.kr/article/2024121609010732733
2024-12,토픽1,은행·금융권 소상공인 지원,"KB국민은행, 신용보증재단중앙회 30억 특별출연 지원",2024-12-02,https://view.asiae.co.kr/article/2024120213393814470
2024-12,토픽1,은행·금융권 소상공인 지원,카드수수료 0.5%→0.4% 인하 6년마다 적격비용 재산정,2024-12-17,https://view.asiae.co.kr/article/2024121711131233479
2024-12,토픽1,은행·금융권 소상공인 지원,"""2금융 이용한 소상공인, 이자환급 신청하세요""",2024-12-23,https://view.asiae.co.kr/article/2024122312412008193
2024-12,토픽1,은행·금융권 소상공인 지원,"동작구, 중소기업 소상공인 ‘무이자’ 융자 지원",2024-12-23,https://view.asiae.co.kr/article/2024122308421207847
2024-12,토픽2,코로나 방역·지자체 행정,"이강덕 포항시장, “지역 경제 민생 안정 위해 시정 역량 집중할 것”",2024-12-09,https://view.asiae.co.kr/article/2024120911161752745
2024-12,토픽2,코로나 방역·지자체 행정,"구리시, 민선8기 공약사업 추진보고회 개최",2024-12-24,https://view.asiae.co.kr/article/2024122414385896874
2024-12,토픽2,코로나 방역·지자체 행정,"김동근 시장 ""약자 보호 민생활력 최우선 미래 성장기반 마련""",2024-12-30,https://view.asiae.co.kr/article/2024123017333647168
2024-12,토픽2,코로나 방역·지자체 행정,"이강덕 포항시장, “활력 넘치는 미래, 시민이 행복한 지속가능한 도시 만들 것”",2024-12-02,https://view.asiae.co.kr/article/2024120214055557453
2024-12,토픽2,코로나 방역·지자체 행정,"백영현 시장 “경기북부 중심도시로 우뚝서게 하겠다""",2024-12-28,https://view.asiae.co.kr/article/2024122814205649392
2024-12,토픽3,최저임금·노사 협상,"“송년회 합시다”...최호정 의장, 직원들과 소상공인 힘 보탬 나섰다",2024-12-20,https://view.asiae.co.kr/article/2024122010435666642
2024-12,토픽3,최저임금·노사 협상,붕어빵 팔고 시장에서 장사하는 MZ 취업난에 선입견 버린 2030,2024-12-31,https://view.asiae.co.kr/article/2024122715565857221
2024-12,토픽3,최저임금·노사 협상,서울시 구청장들 비상 시국 경제 현안 해소 '앞장',2024-12-12,https://view.asiae.co.kr/article/2024121222265986322
2024-12,토픽3,최저임금·노사 협상,김동연 '눈과의 전쟁은 계속' 2일 평택 안성 긴급 현장방문,2024-12-02,https://view.asiae.co.kr/article/2024120209272748219
2024-12,토픽3,최저임금·노사 협상,"오영주 장관, 올해 마지막 '소상공인 우문현답 정책협의회' 개최",2024-12-27,https://view.asiae.co.kr/article/2024122615331467431
2024-12,토픽4,지역화폐·소비쿠폰,"포항시, 포항사랑상품권 설 명절 600억원 10% 특별할인 판매",2024-12-25,https://view.asiae.co.kr/article/2024122511401900433
2024-12,토픽4,지역화폐·소비쿠폰,"오승록 노원구청장, 노원 제1호 골목형상점가 지정서 전달",2024-12-10,https://view.asiae.co.kr/article/2024121023124480566
2024-12,토픽4,지역화폐·소비쿠폰,"여주시, ‘설 명절’ 여주사랑카드 특별 인센티브 6%→10%로 지원",2024-12-24,https://view.asiae.co.kr/article/2024122415034820772
2024-12,토픽4,지역화폐·소비쿠폰,노원구 ‘공릉철길 골목형상점가’ 첫 지정,2024-12-05,https://view.asiae.co.kr/article/2024120516362347286
2024-12,토픽4,지역화폐·소비쿠폰,"의정부시, 3개 상권서 ‘연말 경기 살리기 통큰 세일’ 진행",2024-12-06,https://view.asiae.co.kr/article/2024120609113668247
2024-12,토픽5,물가·민생 거시대책,인제군 “대설 등 자연재해 보상 ‘풍수해보험’ 가입하길”,2024-12-23,https://view.asiae.co.kr/article/2024122315345254829
2024-12,토픽5,물가·민생 거시대책,"美 매파적 금리 인하에 이복현 ""단기적 시장변동성 확대 예상 안정조치 즉각 시행 대응태세""",2024-12-19,https://view.asiae.co.kr/article/2024121910395501230
2024-12,토픽5,물가·민생 거시대책,"중기부, 소상공인 고용보험료 지원사업 본격 시행",2024-12-29,https://view.asiae.co.kr/article/2024122818114130638
2024-12,토픽5,물가·민생 거시대책,"최상목 부총리 ""금융 외환시장 단기 변동성 확대될 것 과하면 추가 조치""",2024-12-19,https://view.asiae.co.kr/article/2024121908543505444
2024-12,토픽5,물가·민생 거시대책,장기불황 문턱 경고음 내년 성장률 1%대 전망 잇따라,2024-12-06,https://view.asiae.co.kr/article/2024120610142160691
2024-12,토픽6,온라인 플랫폼·디지털 지원,모바일 신분증 발급 400만 운전면허증 10명 중 3명,2024-12-18,https://view.asiae.co.kr/article/2024121811230819853
2024-12,토픽6,온라인 플랫폼·디지털 지원,"동반위-스타벅스, 소상공인 카페에 상생음료 무상 제공",2024-12-19,https://view.asiae.co.kr/article/2024121909313184249
2024-12,토픽6,온라인 플랫폼·디지털 지원,"경기도 배달특급, 연말까지 소비자 소상공인 상생 '통 큰 할인'",2024-12-03,https://view.asiae.co.kr/article/2024120307290166743
2024-12,토픽6,온라인 플랫폼·디지털 지원,"아성다이소, 강원 도계지역에 연탄 등유 행복박스 전달",2024-12-06,https://view.asiae.co.kr/article/2024120610220408830
2024-12,토픽6,온라인 플랫폼·디지털 지원,"동문회 '90인분 노쇼'로 300만원 피해 ""식당 착각했다"" 황당 해명",2024-12-03,https://view.asiae.co.kr/article/2024120309140001349
2024-12,토픽7,상생협력·중소기업 지원,"중기부, 로컬콘텐츠 중점대학 신규 모집",2024-12-26,https://view.asiae.co.kr/article/2024122522242493867
2024-12,토픽7,상생협력·중소기업 지원,"국민대, 2024 지역사회 동반성장 아이디어 경진대회 개최",2024-12-30,https://view.asiae.co.kr/article/2024123015215063265
2024-12,토픽7,상생협력·중소기업 지원,"대전일자리경제진흥원, 소공인 지원 공로 중기부장관 표창",2024-12-23,https://view.asiae.co.kr/article/2024122313360865599
2024-12,토픽7,상생협력·중소기업 지원,"소진공, 2024년 소공인 성과대회 개최",2024-12-23,https://view.asiae.co.kr/article/2024122308113918727
2024-12,토픽7,상생협력·중소기업 지원,"경남정보대 호텔제과제빵과 졸업생, 쿠킵 창업 성공 ‘대상’",2024-12-05,https://view.asiae.co.kr/article/2024120510515484926
2025-01,토픽0,정치권 재난·위기 재정대응,"광주시, 제주항공 참사 피해지원 특별법 추진",2025-01-09,https://view.asiae.co.kr/article/2025010916184866090
2025-01,토픽0,정치권 재난·위기 재정대응,"崔대행 ""추가 재정투입 국정협의회서 논의"" 민생 경제법안 처리 촉구",2025-01-31,https://view.asiae.co.kr/article/2025013116020930380
2025-01,토픽0,정치권 재난·위기 재정대응,"'위기의 대한민국號' 김동연 ""슈퍼 민생추경 경제 전권대사 임명 등 제안""",2025-01-13,https://view.asiae.co.kr/article/2025011309142211419
2025-01,토픽0,정치권 재난·위기 재정대응,"""전투식량 대신 사달라"" 당진서 군 간부 사칭 사기",2025-01-30,https://view.asiae.co.kr/article/2025013013350268081
2025-01,토픽0,정치권 재난·위기 재정대응,"[핫터뷰]'이재명 저격수' 윤희숙 ""심리적 안정→소비→내수 진작 사이클 살려내야""",2025-01-08,https://view.asiae.co.kr/article/2025010716531057719
2025-01,토픽1,은행·금융권 소상공인 지원,NH농협은행 올해 17조원 협약대출 설 금융 지원,2025-01-13,https://view.asiae.co.kr/article/2025011309222385150
2025-01,토픽1,은행·금융권 소상공인 지원,"대구시, 중소기업 경영안정자금 1조2000억 지원 대출이자 1 2.2% 보전",2025-01-14,https://view.asiae.co.kr/article/2025011409073291340
2025-01,토픽1,은행·금융권 소상공인 지원,"인천시, 중소기업 육성자금 1조5천억 지원 대상도 확대",2025-01-21,https://view.asiae.co.kr/article/2025012009594674964
2025-01,토픽1,은행·금융권 소상공인 지원,"국민은행, 은행권 최대 규모 3721억 민생금융 지원",2025-01-31,https://view.asiae.co.kr/article/2025013114362347030
2025-01,토픽1,은행·금융권 소상공인 지원,"충남신보 -카카오뱅크, 중소기업 소상공인 금융 지원 ‘맞손’",2025-01-08,https://view.asiae.co.kr/article/2025010815154550235
2025-01,토픽2,코로나 방역·지자체 행정,"구리시, 민선8기 공약사업 추진상황 보고회 개최",2025-01-23,https://view.asiae.co.kr/article/2025012312440909612
2025-01,토픽2,코로나 방역·지자체 행정,"정명근 화성시장 ""민생경제 회복 위해 재정 62% 상반기 집행""",2025-01-20,https://view.asiae.co.kr/article/2025012016581150243
2025-01,토픽2,코로나 방역·지자체 행정,스포츠 동계 훈련 메카로 자리잡은 영광군,2025-01-10,https://view.asiae.co.kr/article/2025011014153789268
2025-01,토픽2,코로나 방역·지자체 행정,"거창군, 상반기 신속집행 총력대응 보고회 개최",2025-01-21,https://view.asiae.co.kr/article/2025012109460924418
2025-01,토픽2,코로나 방역·지자체 행정,시정화두 '규제철폐' 내건 오세훈 100일간 집중신고제 돌입,2025-01-02,https://view.asiae.co.kr/article/2025010215361562226
2025-01,토픽3,최저임금·노사 협상,"2025년, 젊은 영등포의 대전환 시대 열다 영등포구, 신년인사회 개최",2025-01-07,https://view.asiae.co.kr/article/2025010707405524496
2025-01,토픽3,최저임금·노사 협상,"서울 중구, 지난해 해묵은 체납금 127억원 거둬",2025-01-23,https://view.asiae.co.kr/article/2025012308210735386
2025-01,토픽3,최저임금·노사 협상,"안성시 ""체납 관리, 복지서비스와 연계""",2025-01-23,https://view.asiae.co.kr/article/2025012314171639855
2025-01,토픽3,최저임금·노사 협상,[서울NOW]지자체 '민생 올인'을 응원한다,2025-01-13,https://view.asiae.co.kr/article/2025011307365224521
2025-01,토픽3,최저임금·노사 협상,"AI무당이시여, 올해 내 팔자를 알려줘 [AI오답노트]",2025-01-25,https://view.asiae.co.kr/article/2025012502181021016
2025-01,토픽4,지역화폐·소비쿠폰,관악구 전통시장 설맞이 이벤트 가득,2025-01-16,https://view.asiae.co.kr/article/2025011607232306362
2025-01,토픽4,지역화폐·소비쿠폰,대전시 소상공인 자영업자 난임부부 시술비 지원,2025-01-13,https://view.asiae.co.kr/article/2025011309275415667
2025-01,토픽4,지역화폐·소비쿠폰,"가평군, 설맞이 지역화폐 소비지원금 이벤트 실시",2025-01-20,https://view.asiae.co.kr/article/2025012011265040526
2025-01,토픽4,지역화폐·소비쿠폰,"평택시 ""소비를 살리자"" 지역화폐 20% 한시 혜택",2025-01-02,https://view.asiae.co.kr/article/2025010216584389450
2025-01,토픽4,지역화폐·소비쿠폰,"의정부시, 의정부사랑카드 할인율 한시적 10%로 상향",2025-01-13,https://view.asiae.co.kr/article/2025011313224272035
2025-01,토픽5,물가·민생 거시대책,"최 대행 ""경제 여건 1분기 재점검 필요시 추가 경기보강 강구""",2025-01-02,https://view.asiae.co.kr/article/2025010210530238840
2025-01,토픽5,물가·민생 거시대책,'쯔양 공갈 협박' 구제역 카라큘라 등 보석 석방,2025-01-23,https://view.asiae.co.kr/article/2025012320380150535
2025-01,토픽5,물가·민생 거시대책,"전문가들 ""저성장 고착화 걱정 돈 풀어서 경기 살려야""[금통위poll②]",2025-01-13,https://view.asiae.co.kr/article/2025011217274639890
2025-01,토픽5,물가·민생 거시대책,[초동시각]계엄청구서 받은 한국경제 어떻게 살리나,2025-01-13,https://view.asiae.co.kr/article/2025011221595284178
2025-01,토픽5,물가·민생 거시대책,[초동시각]창업을 꺼리는 나라 안 되려면,2025-01-31,https://view.asiae.co.kr/article/2025012416122763826
2025-01,토픽6,온라인 플랫폼·디지털 지원,외국인 호주머니 여는 부산 효자? ‘비짓부산패스’ 31만장 팔았다,2025-01-21,https://view.asiae.co.kr/article/2025012110503424505
2025-01,토픽6,온라인 플랫폼·디지털 지원,설 차례용품 전통시장이 대형마트보다 20.3% 저렴,2025-01-20,https://view.asiae.co.kr/article/2025012007530642482
2025-01,토픽6,온라인 플랫폼·디지털 지원,"플루닛, 워크센터와 손비서로 '전화 AI 에이전트' 시장 선점 속도",2025-01-22,https://view.asiae.co.kr/article/2025012216242121641
2025-01,토픽6,온라인 플랫폼·디지털 지원,"동원홈푸드 금천미트, 매출액 10년새 5배 성장했다",2025-01-21,https://view.asiae.co.kr/article/2025012108234593152
2025-01,토픽6,온라인 플랫폼·디지털 지원,"돈 먼저 씁시다 부산시, ‘착한결제 캠페인’ 나서",2025-01-07,https://view.asiae.co.kr/article/2025010708260873972
2025-01,토픽7,상생협력·중소기업 지원,"에이비엠랩, 데이터바우처 지원사업 공급기업 선정 ""AI 데이터 수요기업 모집""",2025-01-06,https://view.asiae.co.kr/article/2025010616190062328
2025-01,토픽7,상생협력·중소기업 지원,"'최대 7000만원 지원' 중기부, 지역가치 창업가 모집",2025-01-26,https://view.asiae.co.kr/article/2025012612064917079
2025-01,토픽7,상생협력·중소기업 지원,"동덕여대 사회봉사센터, 어린이부터 MZ 소상공인까지 돕는다 ""지역사회와 상생""",2025-01-11,https://view.asiae.co.kr/article/2025011015220469605
2025-01,토픽7,상생협력·중소기업 지원,소진공 ‘패션 브랜딩 역량강화 교육’으로 매출 80%↑,2025-01-24,https://view.asiae.co.kr/article/2025012407512616687
2025-01,토픽7,상생협력·중소기업 지원,"""최고의 캐릭터는 무엇?"" 중기부, 2025 동행축제 캐릭터 공모전",2025-01-22,https://view.asiae.co.kr/article/2025012120352441656
2025-02,토픽0,정치권 재난·위기 재정대응,"[전문]권성동 ""국정혼란 주범 이재명 세력 분권형 개헌 추진해야""",2025-02-11,https://view.asiae.co.kr/article/2025021111143041970
2025-02,토픽0,정치권 재난·위기 재정대응,"경기도, 만 24세 청년에 청년기본소득 100만원 3월1일부터 접수",2025-02-28,https://view.asiae.co.kr/article/2025022807222251935
2025-02,토픽0,정치권 재난·위기 재정대응,"與, 영세 사업장 방문 ""정부와 소상공인 1인당 100만원 지원 협의 중""",2025-02-24,https://view.asiae.co.kr/article/2025022416524660133
2025-02,토픽0,정치권 재난·위기 재정대응,"""한가하게 계산기 두드릴 때 아냐"" 25만원 민생지원금 밀어붙이는 野",2025-02-15,https://view.asiae.co.kr/article/2025021512321640488
2025-02,토픽0,정치권 재난·위기 재정대응,"민주당 ""친윤의원들 尹만나 선동 메시지 옮길 때 아냐 의원답게 행동하라""",2025-02-09,https://view.asiae.co.kr/article/2025020912553374074
2025-02,토픽1,은행·금융권 소상공인 지원,"금융당국, 고정금리 대출 유도 전세대출 보증비율 90%로 하향",2025-02-27,https://view.asiae.co.kr/article/2025022621263648716
2025-02,토픽1,은행·금융권 소상공인 지원,"대구신보, 중소기업 소상공인에 1050억 보증지원 국민은행 하나은행 카카오뱅크 업무협약",2025-02-12,https://view.asiae.co.kr/article/2025021216292729360
2025-02,토픽1,은행·금융권 소상공인 지원,"충남도, 중소기업과 소상공인 지원 확대...농협 47억 특별출연",2025-02-17,https://view.asiae.co.kr/article/2025021714263825969
2025-02,토픽1,은행·금융권 소상공인 지원,"익산시, 내달 4일부터 '소상공인 특례보증' 지원",2025-02-28,https://view.asiae.co.kr/article/2025022817050006753
2025-02,토픽1,은행·금융권 소상공인 지원,"완주군, ‘희망더드림 특례보증’ 사업 추진",2025-02-07,https://view.asiae.co.kr/article/2025020716094860390
2025-02,토픽2,코로나 방역·지자체 행정,"정명근 화성시장 ""기본사회는 시대적 과제 본격 추진하겠다""",2025-02-28,https://view.asiae.co.kr/article/2025022811125072488
2025-02,토픽2,코로나 방역·지자체 행정,강기정 시장 “광주가 대한민국 성장판 열 때”,2025-02-04,https://view.asiae.co.kr/article/2025020415493194248
2025-02,토픽2,코로나 방역·지자체 행정,"인천시, 내년 국비 6조5천억 목표 7호선 청라연장 등 현안 53건",2025-02-21,https://view.asiae.co.kr/article/2025022109304799005
2025-02,토픽2,코로나 방역·지자체 행정,"충남도, 15개 공공기관 올해 주요 업무보고회 개최",2025-02-18,https://view.asiae.co.kr/article/2025021816514902888
2025-02,토픽2,코로나 방역·지자체 행정,"아산시, 올해 정부예산 6621억원 확보 추진",2025-02-18,https://view.asiae.co.kr/article/2025021814330052485
2025-02,토픽3,최저임금·노사 협상,"두부 제조업, ‘생계형 적합업종’으로 재지정",2025-02-27,https://view.asiae.co.kr/article/2025022710181132068
2025-02,토픽3,최저임금·노사 협상,"서산시의회, 의원 정책간담회 개최...6개 안건 협의",2025-02-06,https://view.asiae.co.kr/article/2025020614254406951
2025-02,토픽3,최저임금·노사 협상,[인터뷰]박강수 마포구청장 “마포순환열차버스 운행 마포 골목상권 활짝 필 것”,2025-02-12,https://view.asiae.co.kr/article/2025021207342609427
2025-02,토픽3,최저임금·노사 협상,"광주시, 전국 첫 ‘보행안전 현수막 게시대’ 도입",2025-02-19,https://view.asiae.co.kr/article/2025021908482089559
2025-02,토픽3,최저임금·노사 협상,"소상공인 업계 ""근로기준법 5인 미만 확대 적용 반대""",2025-02-07,https://view.asiae.co.kr/article/2025020715192039607
2025-02,토픽4,지역화폐·소비쿠폰,"연천군, ‘지역화폐 소비의 달’ 운영 경제 활성화 앞장",2025-02-10,https://view.asiae.co.kr/article/2025021013243654677
2025-02,토픽4,지역화폐·소비쿠폰,"""지역경제 활성화""  창원특례시, 진해군항제 맞이 누비전 100억원 규모 발행",2025-02-24,https://view.asiae.co.kr/article/2025022410463040005
2025-02,토픽4,지역화폐·소비쿠폰,“매출 8배 늘었다” 지역화페 ‘땡겨요’ 폭발적 반응에 22억 발행 ‘땡긴’ 강남구,2025-02-24,https://view.asiae.co.kr/article/2025022408174632119
2025-02,토픽4,지역화폐·소비쿠폰,"곡성군, 소상공인 경영환경 개선 사업 추진",2025-02-17,https://view.asiae.co.kr/article/2025021718113889383
2025-02,토픽4,지역화폐·소비쿠폰,"곡성군, 소상공인 살리기 ‘선-선 결제 캠페인’",2025-02-11,https://view.asiae.co.kr/article/2025021118100383308
2025-02,토픽5,물가·민생 거시대책,'쯔양 공갈 협박' 유튜버 구제역 1심서 징역 3년 법정 구속,2025-02-20,https://view.asiae.co.kr/article/2025022018261131839
2025-02,토픽5,물가·민생 거시대책,美관세 피해 中企 우선지원 무역보험 한도 2배 늘리고 보험료 할인,2025-02-18,https://view.asiae.co.kr/article/2025021813410541823
2025-02,토픽5,물가·민생 거시대책,어두운 경기 진단 기재부 “경기 하방 압력 증가”,2025-02-14,https://view.asiae.co.kr/article/2025021410291383273
2025-02,토픽5,물가·민생 거시대책,"관세청, 중소기업 소상공인 ‘원산지검증 대응’ 지원",2025-02-13,https://view.asiae.co.kr/article/2025021309341950850
2025-02,토픽5,물가·민생 거시대책,[논단]금리인하의 득실,2025-02-03,https://view.asiae.co.kr/article/2025013107084234898
2025-02,토픽6,온라인 플랫폼·디지털 지원,"모코플렉스, AI 마케팅 솔루션 결합 테이블오더 ‘큐로’ 정식 출시",2025-02-24,https://view.asiae.co.kr/article/2025022414242989507
2025-02,토픽6,온라인 플랫폼·디지털 지원,공영라방 '소담소담 콘서트' 새단장,2025-02-07,https://view.asiae.co.kr/article/2025020708453808047
2025-02,토픽6,온라인 플랫폼·디지털 지원,"중기중앙회, 온 오프라인 유통채널 입점업체 선정 시작",2025-02-19,https://view.asiae.co.kr/article/2025021908575440125
2025-02,토픽6,온라인 플랫폼·디지털 지원,"우양수산, 부산형 착한결제 캠페인 6번째 릴레이 참여",2025-02-20,https://view.asiae.co.kr/article/2025022014145518329
2025-02,토픽6,온라인 플랫폼·디지털 지원,"[기아 EV데이]기아, 삼성전자 손잡고 PBV에 IoT 접목",2025-02-27,https://view.asiae.co.kr/article/2025022608130258296
2025-02,토픽7,상생협력·중소기업 지원,"국립목포대, ‘소상공인 디지털 특성화대학’ 4년 연속 선정",2025-02-26,https://view.asiae.co.kr/article/2025022616421960927
2025-02,토픽7,상생협력·중소기업 지원,소상공인 예비창업자 입주공간 최대 4000만원 사업화자금 지원,2025-02-03,https://view.asiae.co.kr/article/2025020308553631043
2025-02,토픽7,상생협력·중소기업 지원,"전남도립대-국립목포대, '청년 창업' 협력 협약",2025-02-07,https://view.asiae.co.kr/article/2025020708494047152
2025-02,토픽7,상생협력·중소기업 지원,"중기부, 소상공인 협업 돕는다 협업활성화 사업 계획 공고",2025-02-03,https://view.asiae.co.kr/article/2025020309190617716
2025-02,토픽7,상생협력·중소기업 지원,"동명대, ‘소상공인 디지털 특성화 대학’ 3년 연속 선정",2025-02-27,https://view.asiae.co.kr/article/2025022720442643064
2025-03,토픽0,정치권 재난·위기 재정대응,"野 ""MBK 김병주 사재출연, 진정성 의심 국회 불출석시 형사 책임""",2025-03-17,https://view.asiae.co.kr/article/2025031711275626866
2025-03,토픽0,정치권 재난·위기 재정대응,"민주, 국정협의회 예정대로 참석 박찬대 ""與, 추경안 가져오라""",2025-03-10,https://view.asiae.co.kr/article/2025031015004482303
2025-03,토픽0,정치권 재난·위기 재정대응,"이철우 경북지사 ""산불 피해 5개시군 주민 27만명에 재난지원금 30만원씩 지급""",2025-03-28,https://view.asiae.co.kr/article/2025032813562206616
2025-03,토픽0,정치권 재난·위기 재정대응,"여야, '증인 불출석' 김병주 MBK 회장에 ""형사고발 청문회"" 한목소리",2025-03-18,https://view.asiae.co.kr/article/2025031810380949641
2025-03,토픽0,정치권 재난·위기 재정대응,"전남도, 친환경자동차 보급 '탄소중립' 실현 속도",2025-03-12,https://view.asiae.co.kr/article/2025031208431091037
2025-03,토픽1,은행·금융권 소상공인 지원,"토스뱅크, 사장님 보증대출 확대 지역 신용보증재단과 협력",2025-03-25,https://view.asiae.co.kr/article/2025032509004379665
2025-03,토픽1,은행·금융권 소상공인 지원,"충남신보, 5개 은행과 중소기업 금융지원 협약 금융비용 절감 기대",2025-03-25,https://view.asiae.co.kr/article/2025032515531580468
2025-03,토픽1,은행·금융권 소상공인 지원,"전북도, '소상공인 회생 보듬자금 금융지원' 업무협약",2025-03-17,https://view.asiae.co.kr/article/2025031710004545539
2025-03,토픽1,은행·금융권 소상공인 지원,"KB국민은행, 소상공인 자영업자에게 100억원 이자 캐시백 지원",2025-03-31,https://view.asiae.co.kr/article/2025033109210053583
2025-03,토픽1,은행·금융권 소상공인 지원,"주택연금 신규 가입 소상공인, 폐업시 개별인출금 활용 가능",2025-03-10,https://view.asiae.co.kr/article/2025031016051154586
2025-03,토픽2,코로나 방역·지자체 행정,"광주시, ‘합계출산율 1.0명 회복’ 5개년 인구정책 확정",2025-03-27,https://view.asiae.co.kr/article/2025032714223221904
2025-03,토픽2,코로나 방역·지자체 행정,"천안시, 올해 일자리 3만 개 창출...고용률 68.7% 목표",2025-03-25,https://view.asiae.co.kr/article/2025032510552743656
2025-03,토픽2,코로나 방역·지자체 행정,"광주 북구, 1조758억 규모 1회 추경 확정",2025-03-30,https://view.asiae.co.kr/article/2025033009313362638
2025-03,토픽2,코로나 방역·지자체 행정,광명시 2차 추경 1조2773억원 편성 1169억원 증액,2025-03-11,https://view.asiae.co.kr/article/2025031108330809525
2025-03,토픽2,코로나 방역·지자체 행정,"""규제 이유 입증 못해? 그럼 바꿔!"" 부산시, 올해 규제혁신 추진계획 수립",2025-03-26,https://view.asiae.co.kr/article/2025032614281284950
2025-03,토픽3,최저임금·노사 협상,"최호정 서울시의회 의장, 천호동 로데오거리 치안 현장 순찰 지구대 경찰 격려",2025-03-25,https://view.asiae.co.kr/article/2025032514484138693
2025-03,토픽3,최저임금·노사 협상,"조성명 강남구청장, 10회 걸쳐 소상공인 기업인 만나 간담회",2025-03-04,https://view.asiae.co.kr/article/2025030408373743115
2025-03,토픽3,최저임금·노사 협상,"서울시구청장協, 도시정비법 개정 소상공인 규제완화 등 건의",2025-03-12,https://view.asiae.co.kr/article/2025031220474421042
2025-03,토픽3,최저임금·노사 협상,"""155만원도 못 번다"" 소상공인연합회, 최저임금 개편 촉구",2025-03-25,https://view.asiae.co.kr/article/2025032516405321977
2025-03,토픽3,최저임금·노사 협상,"창원상공회의소, 임시공휴일 제도 개선 건의  경제활동 차질 최소화 해야",2025-03-22,https://view.asiae.co.kr/article/2025032210151893156
2025-03,토픽4,지역화폐·소비쿠폰,"이천시, 지역화폐 2차 소비지원금 지급",2025-03-26,https://view.asiae.co.kr/article/2025032616060075815
2025-03,토픽4,지역화폐·소비쿠폰,"정읍시, 소상공인 도움 '안정지원금' 5월 50만원 지급",2025-03-06,https://view.asiae.co.kr/article/2025030609415540435
2025-03,토픽4,지역화폐·소비쿠폰,"양천구, 6일 양천사랑상품권 40억 발행",2025-03-05,https://view.asiae.co.kr/article/2025030508425663569
2025-03,토픽4,지역화폐·소비쿠폰,청자축제 기간 강진읍시장 ‘돈쭐’ 대성공,2025-03-11,https://view.asiae.co.kr/article/2025031109455108474
2025-03,토픽4,지역화폐·소비쿠폰,"양산시, 양산사랑상품권 상반기 캐시백 상향 조정",2025-03-25,https://view.asiae.co.kr/article/2025032510484305864
2025-03,토픽5,물가·민생 거시대책,"홈플러스, 2차 공급 차질 우려 이달 말 '고비'",2025-03-21,https://view.asiae.co.kr/article/2025032007183664434
2025-03,토픽5,물가·민생 거시대책,"1월 중소 제조업 서비스업 생산 감소 ""주력 업종 부진 영향""",2025-03-28,https://view.asiae.co.kr/article/2025032814474647714
2025-03,토픽5,물가·민생 거시대책,돌아온 韓 '마은혁 대신 트럼프' 집중 첫 통화 성사될까,2025-03-25,https://view.asiae.co.kr/article/2025032511143230160
2025-03,토픽5,물가·민생 거시대책,"쯔양, '공갈 협박' 구제역 주작감별사에 1억원대 손해배상 청구 소송",2025-03-24,https://view.asiae.co.kr/article/2025032420055162587
2025-03,토픽5,물가·민생 거시대책,올해 하반기부터 대낮에도 '자율주행 택시' 달린다,2025-03-19,https://view.asiae.co.kr/article/2025031817390786471
2025-03,토픽6,온라인 플랫폼·디지털 지원,"헥토파이낸셜, 무인 유통매장 관리 솔루션 ‘오더인’ 출시",2025-03-18,https://view.asiae.co.kr/article/2025031810253474812
2025-03,토픽6,온라인 플랫폼·디지털 지원,'정상 운영'이라는데 여전히 불편한 디지털 온누리,2025-03-05,https://view.asiae.co.kr/article/2025030516051851268
2025-03,토픽6,온라인 플랫폼·디지털 지원,"카카오페이, 브랜드별 할인 '굿딜' 출시 GS25 등 37개 브랜드",2025-03-04,https://view.asiae.co.kr/article/2025030411001191678
2025-03,토픽6,온라인 플랫폼·디지털 지원,"""앱 그런 거 우린 못 써"" 디지털 온누리 거부하는 고령 상인들",2025-03-18,https://view.asiae.co.kr/article/2025031716352959540
2025-03,토픽6,온라인 플랫폼·디지털 지원,"KG모빌리티, 전기 픽업 무쏘 EV 누적 계약 3200대 돌파",2025-03-19,https://view.asiae.co.kr/article/2025031909401373285
2025-03,토픽7,상생협력·중소기업 지원,"경기도, 섬유기업에 신소재 개발 친환경인증 시험분석 전방위 지원",2025-03-31,https://view.asiae.co.kr/article/2025033107301638967
2025-03,토픽7,상생협력·중소기업 지원,"남도마켓, 디지털서울문화예술대와 디자인 경쟁력 강화 위한 기술협력 체결",2025-03-27,https://view.asiae.co.kr/article/2025032616311943182
2025-03,토픽7,상생협력·중소기업 지원,"소진공, 온라인 시장 진출 희망 소상공인 모집",2025-03-06,https://view.asiae.co.kr/article/2025030608171648770
2025-03,토픽7,상생협력·중소기업 지원,소상공인 맞춤형 컨설팅 5000여명 지원,2025-03-13,https://view.asiae.co.kr/article/2025031310184510362
2025-03,토픽7,상생협력·중소기업 지원,"화성시, 소상공인 전문경영인 양성과정 교육생 모집",2025-03-24,https://view.asiae.co.kr/article/2025032414511970592
2025-04,토픽0,정치권 재난·위기 재정대응,"민주당 ""정부 제출 추경 신속히 심사 지역화폐 등 증액해야""",2025-04-22,https://view.asiae.co.kr/article/2025042210324402988
2025-04,토픽0,정치권 재난·위기 재정대응,"박형수 경북도당위원장, 산불피해지역 복구를 위한 행안부 기재부 협의 주도",2025-04-14,https://view.asiae.co.kr/article/2025041420235264619
2025-04,토픽0,정치권 재난·위기 재정대응,"박용선 경북도의원 ""산불 재난 고통아닌 재도약 기회로 삼자""",2025-04-01,https://view.asiae.co.kr/article/2025040114232594914
2025-04,토픽0,정치권 재난·위기 재정대응,"국힘 산불특위, '피해구제 지원 특별법' 발의 ""일상 회복에 온 힘""",2025-04-21,https://view.asiae.co.kr/article/2025042111490532152
2025-04,토픽0,정치권 재난·위기 재정대응,"국민의힘 산불특위, 경북 경남 울산 초대형 산불피해 지원 특별법 대표발의",2025-04-21,https://view.asiae.co.kr/article/2025042115095778697
2025-04,토픽1,은행·금융권 소상공인 지원,"신한은행, 소상공인 위한 '신한 폐업지원 대환대출' 출시",2025-04-28,https://view.asiae.co.kr/article/2025042811415489660
2025-04,토픽1,은행·금융권 소상공인 지원,"BNK부산은행, ‘부산시 소상공인 3無 희망잇기 카드’ 신상품 출시",2025-04-30,https://view.asiae.co.kr/article/2025043016331412398
2025-04,토픽1,은행·금융권 소상공인 지원,"케이뱅크, 사업자 부동산담보대출 잔액 2000억 돌파",2025-04-29,https://view.asiae.co.kr/article/2025042909045877630
2025-04,토픽1,은행·금융권 소상공인 지원,"은행권, 폐업자 소상공인 재기 지원 시행",2025-04-27,https://view.asiae.co.kr/article/2025042518024773860
2025-04,토픽1,은행·금융권 소상공인 지원,"충남신보, 소상공인에 24억 규모 저리 대출 지원",2025-04-17,https://view.asiae.co.kr/article/2025041714020878455
2025-04,토픽2,코로나 방역·지자체 행정,"오세현 아산시장 ""시민 체감 책임 행정 실현할 것""",2025-04-07,https://view.asiae.co.kr/article/2025040717192276327
2025-04,토픽2,코로나 방역·지자체 행정,"김포시, 2회 추경안 1조7393억 편성 ""민생 지원 초점""",2025-04-07,https://view.asiae.co.kr/article/2025040717554951690
2025-04,토픽2,코로나 방역·지자체 행정,"화성시, 1차 추경으로 예산 1861억원 증액",2025-04-25,https://view.asiae.co.kr/article/2025042508063402011
2025-04,토픽2,코로나 방역·지자체 행정,"전남도, 조기 추경 '민생안정' 기반 구축",2025-04-04,https://view.asiae.co.kr/article/2025040415452850098
2025-04,토픽2,코로나 방역·지자체 행정,"인천시, 올해 일자리 16만3천개 만든다 1조3200억 투입",2025-04-02,https://view.asiae.co.kr/article/2025040210400860094
2025-04,토픽3,최저임금·노사 협상,"서울시, 자동차세 체납 단속 번호판 영치 강제견인까지",2025-04-03,https://view.asiae.co.kr/article/2025040307531795098
2025-04,토픽3,최저임금·노사 협상,"종로구 ""헌재 차벽 철수 등 상인 주민 일상 회복에 노력""",2025-04-11,https://view.asiae.co.kr/article/2025041107572325481
2025-04,토픽3,최저임금·노사 협상,장인홍 구로구청장 3일 공식 일정 시작,2025-04-03,https://view.asiae.co.kr/article/2025040314123228258
2025-04,토픽3,최저임금·노사 협상,"노원구, 2025 불암산 힐링타운 철쭉제 15~27일 개최",2025-04-02,https://view.asiae.co.kr/article/2025040206560177326
2025-04,토픽3,최저임금·노사 협상,"대전 유성구, 점심시간 주 정차 단속 유예 확대",2025-04-11,https://view.asiae.co.kr/article/2025041111034868032
2025-04,토픽4,지역화폐·소비쿠폰,"강남구, 골목형 상점가 지정요건 문턱 낮춘다",2025-04-01,https://view.asiae.co.kr/article/2025040107271525374
2025-04,토픽4,지역화폐·소비쿠폰,"광주 광산구, 노후 음식점 주방 청소비 지원",2025-04-11,https://view.asiae.co.kr/article/2025041110521682347
2025-04,토픽4,지역화폐·소비쿠폰,"시흥시, 정왕동 함송 배곧동 배곧상가 첫 '골목형 상점가' 지정",2025-04-01,https://view.asiae.co.kr/article/2025040110273511425
2025-04,토픽4,지역화폐·소비쿠폰,"광주 북구, 골목형 상점가 마케팅 지원 최대 900만원",2025-04-15,https://view.asiae.co.kr/article/2025041510510537869
2025-04,토픽4,지역화폐·소비쿠폰,"문경시, 여성농어업인 '행복바우처' 카드 발급 복지 향상 지역경제 활성화 기대",2025-04-19,https://view.asiae.co.kr/article/2025041820303504652
2025-04,토픽5,물가·민생 거시대책,"이달 수출 13% 이상 늘었지만 ""美관세에 경기 하방압력 더 늘어""",2025-04-13,https://view.asiae.co.kr/article/2025041311325179644
2025-04,토픽5,물가·민생 거시대책,"전남도, 노후차량 조기폐차 지원 확대",2025-04-07,https://view.asiae.co.kr/article/2025040714191710228
2025-04,토픽5,물가·민생 거시대책,"[윤석열 파면]최상목 경제팀 ""두 달간 경제안정 신인도 사수에 총력""(종합)",2025-04-04,https://view.asiae.co.kr/article/2025040415472957134
2025-04,토픽5,물가·민생 거시대책,"美 관세에 잿빛 전망 정부, 넉 달째 ""경기 하방 압력 증가""",2025-04-11,https://view.asiae.co.kr/article/2025041110351080797
2025-04,토픽5,물가·민생 거시대책,"올해 2월 중소제조업 서비스업 생산량 ↑ ""조업일수 증가 영향""",2025-04-29,https://view.asiae.co.kr/article/2025042917240981199
2025-04,토픽6,온라인 플랫폼·디지털 지원,카카오가 추구하는 '착한 소비' 9년만에 누적 거래 1조원,2025-04-08,https://view.asiae.co.kr/article/2025040809205252181
2025-04,토픽6,온라인 플랫폼·디지털 지원,"KT, 소상공인 전용 초이스 프로모션 2종 선보여",2025-04-01,https://view.asiae.co.kr/article/2025040108503371848
2025-04,토픽6,온라인 플랫폼·디지털 지원,"SKT, AI 기반 설문 결과 제공 서비스 시작",2025-04-17,https://view.asiae.co.kr/article/2025041708515881516
2025-04,토픽6,온라인 플랫폼·디지털 지원,"'부기' 인기 쏠쏠하죠 부산시, 캐릭터 저작재산권 무료 개방",2025-04-01,https://view.asiae.co.kr/article/2025040114104096950
2025-04,토픽6,온라인 플랫폼·디지털 지원,3040 겨냥 건강한 집밥 롯데 간편식 '식사이론' 신제품 출시,2025-04-21,https://view.asiae.co.kr/article/2025042109170998469
2025-04,토픽7,상생협력·중소기업 지원,"소진공, 전통시장 중소물류 우수상품 판로 확대 나서",2025-04-21,https://view.asiae.co.kr/article/2025042108281919653
2025-04,토픽7,상생협력·중소기업 지원,"안동시, '2025년 백년가치 판매전' 개막",2025-04-14,https://view.asiae.co.kr/article/2025041421283152428
2025-04,토픽7,상생협력·중소기업 지원,"중기중앙회, '중소기업 대상 ESG 무료 교육과정' 실시",2025-04-10,https://view.asiae.co.kr/article/2025041009561190572
2025-04,토픽7,상생협력·중소기업 지원,"중기부, '강한 소상공인 지원 사업' 1차 오디션 개최",2025-04-27,https://view.asiae.co.kr/article/2025042622535491757
2025-04,토픽7,상생협력·중소기업 지원,"한국전력기술, 2024 공공기관 동반성장평가 '최우수'",2025-04-23,https://view.asiae.co.kr/article/2025042315191983791
2025-05,토픽0,정치권 재난·위기 재정대응,"경북 시 군의회의장협의회 ""영남권 초대형 산불 피해, 국가가 책임져야""",2025-05-15,https://view.asiae.co.kr/article/2025051507060128624
2025-05,토픽0,정치권 재난·위기 재정대응,"김문수 ""윤석열, 계엄은 잘못 내란은 재판중이라 판단 남아 있어""",2025-05-18,https://view.asiae.co.kr/article/2025051822311327394
2025-05,토픽0,정치권 재난·위기 재정대응,"""돈 보내지 마세요"" 하정우 변우석도 당했다 고액 주문 후 '노쇼' 사칭 사기 주의보",2025-05-10,https://view.asiae.co.kr/article/2025051014451797012
2025-05,토픽0,정치권 재난·위기 재정대응,경북 칠곡 찾은 이재명 “내란 아직 끝나지 않아 반드시 축출”,2025-05-09,https://view.asiae.co.kr/article/2025050914502255439
2025-05,토픽0,정치권 재난·위기 재정대응,산불피해 지원 예산 3천억 확보 주택 농가 소상공인에 전방위 지원,2025-05-03,https://view.asiae.co.kr/article/2025050221140236267
2025-05,토픽1,은행·금융권 소상공인 지원,"카카오뱅크, 대전신용보증재단과 '상생경영 통장 금융지원' 협약 체결",2025-05-29,https://view.asiae.co.kr/article/2025052909221148358
2025-05,토픽1,은행·금융권 소상공인 지원,"충남신보-아산시-농협-하나은행, 240억원 규모 소상공인 특례보증 협약",2025-05-23,https://view.asiae.co.kr/article/2025052313591330339
2025-05,토픽1,은행·금융권 소상공인 지원,"새마을금고중앙회, '2025년 부산시 소상공인 지원 협약보증' 체결",2025-05-13,https://view.asiae.co.kr/article/2025051310305236757
2025-05,토픽1,은행·금융권 소상공인 지원,"천안시, 하나은행과 소상공인 특례보증 확대",2025-05-28,https://view.asiae.co.kr/article/2025052810585570979
2025-05,토픽1,은행·금융권 소상공인 지원,"전주시, '중소기업 육성자금 지원사업' 신청",2025-05-12,https://view.asiae.co.kr/article/2025051210414325925
2025-05,토픽2,코로나 방역·지자체 행정,"고양시, 지방규제혁신 추진계획 발표 규제 개선 본격화",2025-05-23,https://view.asiae.co.kr/article/2025052313284811195
2025-05,토픽2,코로나 방역·지자체 행정,"문경시, 2025년도 제1회 추경예산 1조745억 편성 ""지역발전 시민 체감형 투자에 방점""",2025-05-31,https://view.asiae.co.kr/article/2025053117093448617
2025-05,토픽2,코로나 방역·지자체 행정,"시민행복 향한 '실탄' 장착 부산시, 제2회 추경예산 5664억원 편성",2025-05-26,https://view.asiae.co.kr/article/2025052616395633441
2025-05,토픽2,코로나 방역·지자체 행정,"김영록 전남도지사 ""전남 미래 위해 투표 참여해 달라""",2025-05-28,https://view.asiae.co.kr/article/2025052817015125304
2025-05,토픽2,코로나 방역·지자체 행정,"서울시, 1.6조 추경 편성 소상공인부터 싱크홀까지 '핀셋투자'",2025-05-25,https://view.asiae.co.kr/article/2025052315434435149
2025-05,토픽3,최저임금·노사 협상,"소공연 ""내년도 최저임금 동결해야 공개 토론하자""",2025-05-26,https://view.asiae.co.kr/article/2025052614543248763
2025-05,토픽3,최저임금·노사 협상,"최저임금 논의서 노사 대립각 ""이미 높은 수준"" vs ""확대 적용해야""",2025-05-27,https://view.asiae.co.kr/article/2025052717365131097
2025-05,토픽3,최저임금·노사 협상,"""최저임금 적용 확대"" vs ""업종별 차등 적용"" 노사 평행선 지속",2025-05-29,https://view.asiae.co.kr/article/2025052916174572623
2025-05,토픽3,최저임금·노사 협상,"[Why&Next]""구글에 고정밀 지도 반출, 韓 국익 타격"" 새 정부에 경고음",2025-05-13,https://view.asiae.co.kr/article/2025051213441663029
2025-05,토픽3,최저임금·노사 협상,[시시비비]약한 고리만 두들기는 이념의 망치,2025-05-21,https://view.asiae.co.kr/article/2025052108440754714
2025-05,토픽4,지역화폐·소비쿠폰,"양주시, 지역화폐 6월 한 달간 인센티브 '10%'로 상향",2025-05-28,https://view.asiae.co.kr/article/2025052810465360718
2025-05,토픽4,지역화폐·소비쿠폰,6월부터 '공주페이' 캐시백 상시 10% 운영,2025-05-29,https://view.asiae.co.kr/article/2025052909363904777
2025-05,토픽4,지역화폐·소비쿠폰,관악구에서 ‘땡겨요’ 배달앱 쓰면 최대 30% 할인 5억 추가 발행,2025-05-30,https://view.asiae.co.kr/article/2025053009311920146
2025-05,토픽4,지역화폐·소비쿠폰,"청송군, 올해 청송사랑화폐 15%로 할인 판매",2025-05-22,https://view.asiae.co.kr/article/2025052211451520105
2025-05,토픽4,지역화폐·소비쿠폰,"경북도, 외국인 근로자 기숙사 시설 증개축 기업 2500만원 지원",2025-05-28,https://view.asiae.co.kr/article/2025052808531740850
2025-05,토픽5,물가·민생 거시대책,"김범석 직무대행 ""수출부문 고용부진, 연관 산업 소상공인 영향 우려""",2025-05-14,https://view.asiae.co.kr/article/2025051409131420428
2025-05,토픽5,물가·민생 거시대책,"기재부 ""대외여건 악화로 수출 둔화 경기 하방 압력""",2025-05-16,https://view.asiae.co.kr/article/2025051610343121259
2025-05,토픽5,물가·민생 거시대책,"[마켓 ING]4주 연속 상승 코스피, 2600선 회복 기대",2025-05-11,https://view.asiae.co.kr/article/2025051109185066017
2025-05,토픽5,물가·민생 거시대책,3월 중소제조업 생산 전년比 소폭 늘어 반도체 생산 증가 영향,2025-05-27,https://view.asiae.co.kr/article/2025052708313109158
2025-05,토픽5,물가·민생 거시대책,"韓 경제 드리운 'R의 공포' 한은, 성장률 0.8% 대폭 하향 금리 인하(종합)",2025-05-29,https://view.asiae.co.kr/article/2025052906232128850
2025-05,토픽6,온라인 플랫폼·디지털 지원,"포인트모바일, 제주형 결제시스템 고도화 사업에 'TR54' 1200대 공급",2025-05-12,https://view.asiae.co.kr/article/2025051210264026819
2025-05,토픽6,온라인 플랫폼·디지털 지원,"""저는 OOO점주입니다"" 백종원 방송중단 선언 3주 만에 유튜브 재개",2025-05-31,https://view.asiae.co.kr/article/2025053110471275841
2025-05,토픽6,온라인 플랫폼·디지털 지원,"""콘서트 끝나고 회식"" 임영웅 예약이라더니 소상공인 울린 노쇼 전화",2025-05-18,https://view.asiae.co.kr/article/2025051811303121208
2025-05,토픽6,온라인 플랫폼·디지털 지원,"""부자 되겠어요"" 호텔 카페 빵집 사장 변신한 김은혜 이재명 풍자",2025-05-23,https://view.asiae.co.kr/article/2025052308170432335
2025-05,토픽6,온라인 플랫폼·디지털 지원,"경북도, 유통채널 7곳에 중소기업 제품 대대적 판촉행사 상품마다 1만원 할인혜택",2025-05-01,https://view.asiae.co.kr/article/2025050111090987594
2025-05,토픽7,상생협력·중소기업 지원,최대 6000만원 지원 강한 소상공인 1차 오디션서 160개사 선발,2025-05-29,https://view.asiae.co.kr/article/2025052908410979894
2025-05,토픽7,상생협력·중소기업 지원,"소진공, '대한민국 소상공인대회' 유공자 포상 접수",2025-05-15,https://view.asiae.co.kr/article/2025051508224466502
2025-05,토픽7,상생협력·중소기업 지원,"국내 중소기업, K컬렉션 참가 ""일본 진출 발판 마련""",2025-05-07,https://view.asiae.co.kr/article/2025050708183767180
2025-05,토픽7,상생협력·중소기업 지원,"건강 재무 데이터로 맞춤형 '마이데이터' 실증 선정 ""5:1 경쟁률""",2025-05-11,https://view.asiae.co.kr/article/2025051118081795057
2025-05,토픽7,상생협력·중소기업 지원,"전남도, 소상공인 브랜드 디자인 개발지원 경쟁력 강화",2025-05-22,https://view.asiae.co.kr/article/2025052209140251857
2025-06,토픽0,정치권 재난·위기 재정대응,"여야 원내대표, 오늘 오후 5시 상임위원장 배분 재논의",2025-06-24,https://view.asiae.co.kr/article/2025062415455124116
2025-06,토픽0,정치권 재난·위기 재정대응,"당정, 민생지원금 '전국민 지급' 확정 추경 20조 넘어설 듯(종합)",2025-06-18,https://view.asiae.co.kr/article/2025061809271923914
2025-06,토픽0,정치권 재난·위기 재정대응,"""국힘 공약이 민주당보다 나은 것도 있더라"" 진성준, 솔직하게 인정한 까닭",2025-06-10,https://view.asiae.co.kr/article/2025061011190120021
2025-06,토픽0,정치권 재난·위기 재정대응,"김병기, 김민석 추경 관련 ""국힘, 당리당략보다 국민 생각해달라""",2025-06-24,https://view.asiae.co.kr/article/2025062414144681384
2025-06,토픽0,정치권 재난·위기 재정대응,[시시비비]文정부 'K방역' 흑서의 첫 장,2025-06-17,https://view.asiae.co.kr/article/2025061613470509436
2025-06,토픽1,은행·금융권 소상공인 지원,"카카오뱅크, 인천 지역 소상공인 금융지원 협약 체결",2025-06-26,https://view.asiae.co.kr/article/2025062616094495985
2025-06,토픽1,은행·금융권 소상공인 지원,"케이뱅크, 인천 지역 소상공인 금융지원 확대",2025-06-26,https://view.asiae.co.kr/article/2025062615111605960
2025-06,토픽1,은행·금융권 소상공인 지원,"세종시, 소상공인 대상 510억원 '맞춤형 금융지원'",2025-06-29,https://view.asiae.co.kr/article/2025062908051667107
2025-06,토픽1,은행·금융권 소상공인 지원,"소상공인 구조개편 순항 5대 은행, 소상공인 채무조정 두 달만에 약 600억 지원",2025-06-19,https://view.asiae.co.kr/article/2025061710481006814
2025-06,토픽1,은행·금융권 소상공인 지원,서민과 소외계층 지원 가장 많이 한 은행은,2025-06-12,https://view.asiae.co.kr/article/2025061114520698990
2025-06,토픽2,코로나 방역·지자체 행정,"광명시, 지역 핵심 정책 국정과제 반영 위한 TF 가동",2025-06-11,https://view.asiae.co.kr/article/2025061109405749749
2025-06,토픽2,코로나 방역·지자체 행정,"광주시, 올해 첫 추경 4,807억 시의회 제출",2025-06-13,https://view.asiae.co.kr/article/2025061310330542942
2025-06,토픽2,코로나 방역·지자체 행정,문인 광주 북구청장 “회복 성장 행복의 북구 완성”,2025-06-25,https://view.asiae.co.kr/article/2025062510365580172
2025-06,토픽2,코로나 방역·지자체 행정,새정부 20조원대 추경안 곧 발표 세입 경정 포함될 듯,2025-06-15,https://view.asiae.co.kr/article/2025061520051442559
2025-06,토픽2,코로나 방역·지자체 행정,"“문 닫는 자영업, 쏟아지는 실업자” 호남 고용 쇼크",2025-06-11,https://view.asiae.co.kr/article/2025061114591948490
2025-06,토픽3,최저임금·노사 협상,내년 최저임금 결정 논의 시작 '1470원' 간극 두고 노사 이견,2025-06-26,https://view.asiae.co.kr/article/2025062616564085303
2025-06,토픽3,최저임금·노사 협상,"노사, 최저임금 2차 수정안 제시 격차 줄였지만 법정시한 넘겨(종합2보)",2025-06-26,https://view.asiae.co.kr/article/2025062621585985081
2025-06,토픽3,최저임금·노사 협상,"소공연 ""최저임금 구분적용 무산 유감 소상공인 현실 반영해야""",2025-06-20,https://view.asiae.co.kr/article/2025062009172292426
2025-06,토픽3,최저임금·노사 협상,"내년 최저임금 수정안 제출 경영계, 30원 오른 1만60원 제시(종합)",2025-06-26,https://view.asiae.co.kr/article/2025062621161449916
2025-06,토픽3,최저임금·노사 협상,최임위 6차 전원회의 개최 '최저임금 차등 적용' 논쟁 지속,2025-06-19,https://view.asiae.co.kr/article/2025061916533564818
2025-06,토픽4,지역화폐·소비쿠폰,"광주교통공사 ""지역경제 활성화"" 소비 촉진 캠페인",2025-06-27,https://view.asiae.co.kr/article/2025062711143449793
2025-06,토픽4,지역화폐·소비쿠폰,"박동식 사천시장, 경남 구석구석 여행하기' 릴레이 캠페인 참여",2025-06-05,https://view.asiae.co.kr/article/2025060506594333495
2025-06,토픽4,지역화폐·소비쿠폰,"용인시, 모현읍 일산리 마북동 점포 밀집지역 '골목형상점가' 지정",2025-06-20,https://view.asiae.co.kr/article/2025062008233136773
2025-06,토픽4,지역화폐·소비쿠폰,세종시 배달앱 '땡겨요' 2만원 3번 결제하면 1만원 할인권,2025-06-10,https://view.asiae.co.kr/article/2025061009224563085
2025-06,토픽4,지역화폐·소비쿠폰,"평택시, '소사벌상인회' '북부중앙상인회' 골목형상점가로 지정",2025-06-10,https://view.asiae.co.kr/article/2025061016081514880
2025-06,토픽5,물가·민생 거시대책,"""美 연준 금리인하 시점, 시장 기대보다 지연될 수도""",2025-06-12,https://view.asiae.co.kr/article/2025061207370397969
2025-06,토픽5,물가·민생 거시대책,"""경기 하방압력 여전"" 수출 건설 악화에 내수 '지지부진'",2025-06-13,https://view.asiae.co.kr/article/2025061309062337332
2025-06,토픽5,물가·민생 거시대책,납품대금 연동제 첫 직권조사에 3개사 적발 향후 연 2회 실시,2025-06-26,https://view.asiae.co.kr/article/2025062608224022659
2025-06,토픽5,물가·민생 거시대책,"하나은행, 중동發 리스크에 11.3조원 긴급금융지원 실시",2025-06-23,https://view.asiae.co.kr/article/2025062313104638030
2025-06,토픽5,물가·민생 거시대책,경기불황 직격탄 자영업 부동산업 부실대출 대폭 늘었다,2025-06-12,https://view.asiae.co.kr/article/2025061207225531163
2025-06,토픽6,온라인 플랫폼·디지털 지원,"페이히어 포스, 네이버 플레이스와 연동 소상공인 마케팅 지원",2025-06-27,https://view.asiae.co.kr/article/2025062709411910590
2025-06,토픽6,온라인 플랫폼·디지털 지원,"미리디 ""비즈하우스, 누적 주문 400만건 돌파""",2025-06-05,https://view.asiae.co.kr/article/2025060509460995313
2025-06,토픽6,온라인 플랫폼·디지털 지원,"카카오, 누구나 광고하는 플랫폼 선봬 ""1만원에 2만회 노출""",2025-06-16,https://view.asiae.co.kr/article/2025061615083619885
2025-06,토픽6,온라인 플랫폼·디지털 지원,"[NE 커피챗]TCAG ""오프라인 매장도 데이터 기반 의사결정 가능하게""",2025-06-26,https://view.asiae.co.kr/article/2025062514153921574
2025-06,토픽6,온라인 플랫폼·디지털 지원,"애즈랜드, ‘DOUBLE UP’ 홍보물 제작 후원 프로모션 전개",2025-06-17,https://view.asiae.co.kr/article/2025061715404961922
2025-06,토픽7,상생협력·중소기업 지원,"한국공항공사, 친환경 사회적경제기업 판로 성장 지원",2025-06-16,https://view.asiae.co.kr/article/2025061615281324646
2025-06,토픽7,상생협력·중소기업 지원,"국민대플랫폼SME연구센터-디지털상공인연합, 네트워킹 행사 성료",2025-06-19,https://view.asiae.co.kr/article/2025061914143441043
2025-06,토픽7,상생협력·중소기업 지원,"소진공, 소상공인 상생협업교육 참여 소상공인 모집",2025-06-11,https://view.asiae.co.kr/article/2025061107261230196
2025-06,토픽7,상생협력·중소기업 지원,"중기부, 백년가게 백년소공인 100개사 신규 지정",2025-06-15,https://view.asiae.co.kr/article/2025061316545052410
2025-06,토픽7,상생협력·중소기업 지원,"메인비즈협회 ""중소기업 혁신 지원해 성장엔진 재점화해야""",2025-06-04,https://view.asiae.co.kr/article/2025060411341373937
2025-07,토픽0,정치권 재난·위기 재정대응,"野 ""대통령실 특활비 예산 부활 사과 없어...후안무치하고 내로남불""",2025-07-04,https://view.asiae.co.kr/article/2025070409430485003
2025-07,토픽0,정치권 재난·위기 재정대응,대통령실 특활비 부활 논란 끝에 추경 與 단독 처리 가닥,2025-07-04,https://view.asiae.co.kr/article/2025070410084559088
2025-07,토픽0,정치권 재난·위기 재정대응,여야 담판 넘어간 추경 예산 심사 '대통령실 특활비 부활'이 최대 쟁점,2025-07-03,https://view.asiae.co.kr/article/2025070309264318020
2025-07,토픽0,정치권 재난·위기 재정대응,"김태흠 ""역대급 충남 폭우 피해, 끝까지 책임지고 복구한다""",2025-07-22,https://view.asiae.co.kr/article/2025072213014467896
2025-07,토픽0,정치권 재난·위기 재정대응,충남 집중호우 피해 3664억 응급복구 이번 주 마무리,2025-07-28,https://view.asiae.co.kr/article/2025072811353426001
2025-07,토픽1,은행·금융권 소상공인 지원,케이뱅크 '사장님 부동산담보대출' 출시 1년만에 누적취급액 3000억 돌파,2025-07-03,https://view.asiae.co.kr/article/2025070309202098029
2025-07,토픽1,은행·금융권 소상공인 지원,"케이뱅크, '사장님 보증서대출'로 상생금융 고객 65%가 중저신용",2025-07-29,https://view.asiae.co.kr/article/2025072908572781437
2025-07,토픽1,은행·금융권 소상공인 지원,"BNK부산은행, 지역 소상공인 위한 ‘3無 희망잇기 마이너스 대출’ 출시",2025-07-15,https://view.asiae.co.kr/article/2025071510480337698
2025-07,토픽1,은행·금융권 소상공인 지원,"""대출 금리 한자릿수로 일괄 인하"" 파격 상생 나선 신한금융",2025-07-02,https://view.asiae.co.kr/article/2025070209055325913
2025-07,토픽1,은행·금융권 소상공인 지원,'90% 이상이 주담대'인데 초강력 대출규제에 직격탄 맞은 인뱅,2025-07-04,https://view.asiae.co.kr/article/2025070315430266779
2025-07,토픽2,코로나 방역·지자체 행정,"순천시, 역대 최대 규모 추경 편성 '민생 경제' 회복",2025-07-08,https://view.asiae.co.kr/article/2025070816132120814
2025-07,토픽2,코로나 방역·지자체 행정,"시흥시, 3960억원 증액 추경안 제출 2조4052억원 규모",2025-07-08,https://view.asiae.co.kr/article/2025070809561693673
2025-07,토픽2,코로나 방역·지자체 행정,"'세계 2위 구리 생산국' 페루, 무허가 광부 규제에 반발 격화",2025-07-05,https://view.asiae.co.kr/article/2025070509531803651
2025-07,토픽2,코로나 방역·지자체 행정,"박형덕 시장 ""동두천 변화 3년 GTX부터 복지까지 성과로 증명""",2025-07-07,https://view.asiae.co.kr/article/2025070710143229841
2025-07,토픽2,코로나 방역·지자체 행정,"'Yes! 계룡' 인구 늘고 경제 커졌다, 민선8기 3년 성과 '눈에 띄네'",2025-07-28,https://view.asiae.co.kr/article/2025072811453963268
2025-07,토픽3,최저임금·노사 협상,최저임금 격차 1390→1270원 노사 이견은 지속(상보),2025-07-01,https://view.asiae.co.kr/article/2025070117361765859
2025-07,토픽3,최저임금·노사 협상,최저임금 5차 수정안 격차는 1150→1010원(상보),2025-07-03,https://view.asiae.co.kr/article/2025070317470771945
2025-07,토픽3,최저임금·노사 협상,내년도 최저임금 결정 코앞 노사는 막판 줄다리기 이어가,2025-07-10,https://view.asiae.co.kr/article/2025071017212107561
2025-07,토픽3,최저임금·노사 협상,"송치영 소공연 회장 ""노동계 1만1260원 제시한 데 유감""",2025-07-02,https://view.asiae.co.kr/article/2025070216044449504
2025-07,토픽3,최저임금·노사 협상,노사 최저임금 합의 불발 최임위 8일 추가 회의(종합),2025-07-03,https://view.asiae.co.kr/article/2025070320374425123
2025-07,토픽4,지역화폐·소비쿠폰,"사천시, '민생회복 소비쿠폰' 사용 적극 독려",2025-07-17,https://view.asiae.co.kr/article/2025071711024572553
2025-07,토픽4,지역화폐·소비쿠폰,"중랑구, 민생회복 소비쿠폰 신청 개시 ""지역경제 활력 기대""",2025-07-21,https://view.asiae.co.kr/article/2025072107383552700
2025-07,토픽4,지역화폐·소비쿠폰,"울산시, ‘민생회복 소비쿠폰’ 21일부터 1차 지급 신청 접수",2025-07-18,https://view.asiae.co.kr/article/2025071808331883125
2025-07,토픽4,지역화폐·소비쿠폰,"신안군, 골목형상점가 5곳 첫 지정 ""지역상권 활력""",2025-07-18,https://view.asiae.co.kr/article/2025071813450567454
2025-07,토픽4,지역화폐·소비쿠폰,"""저도 연륙교로 오세요""  창원특례시,' 경남 구석구석 여행하기' 캠페인 참여",2025-07-13,https://view.asiae.co.kr/article/2025071310591568886
2025-07,토픽5,물가·민생 거시대책,지난해 풍수해보험 지급보험금 934억원 역대 최대,2025-07-27,https://view.asiae.co.kr/article/2025072712375233003
2025-07,토픽5,물가·민생 거시대책,"7월초부터 '한여름 수준' 사용량 정부 ""예비력 8.8GW 확보, 공급 차질 없다""",2025-07-10,https://view.asiae.co.kr/article/2025071009261583610
2025-07,토픽5,물가·민생 거시대책,"구윤철 ""韓성장 잠재력 약화 가장 큰 문제...선도경제로 혁신""",2025-07-17,https://view.asiae.co.kr/article/2025071709423500058
2025-07,토픽5,물가·민생 거시대책,“올 하반기 中企 경기 부진 자금공급도 ↓”,2025-07-14,https://view.asiae.co.kr/article/2025071115213524895
2025-07,토픽5,물가·민생 거시대책,"""주민 위한 보험 꼼꼼히 챙기세요"" 금천구, 맞춤형 보험 6종 운영",2025-07-16,https://view.asiae.co.kr/article/2025071609415633752
2025-07,토픽6,온라인 플랫폼·디지털 지원,"페이히어, 소상공인 위한 ‘AI 지출장부’ 서비스 출시",2025-07-21,https://view.asiae.co.kr/article/2025072108555433323
2025-07,토픽6,온라인 플랫폼·디지털 지원,식당 냉장고 안에서 떨고 있는 강아지 부산서 '동물 학대' 논란,2025-07-31,https://view.asiae.co.kr/article/2025073113222504298
2025-07,토픽6,온라인 플랫폼·디지털 지원,엔비티 '애디슨 오퍼월 파트너 센터' 오픈,2025-07-04,https://view.asiae.co.kr/article/2025070413411504043
2025-07,토픽6,온라인 플랫폼·디지털 지원,"카카오페이, 밴 포스사와 QR 생태계 구축 ""소상공인 부담 완화""",2025-07-02,https://view.asiae.co.kr/article/2025070209305507004
2025-07,토픽6,온라인 플랫폼·디지털 지원,"""작년 지역화폐 매출 전년比 9% 증가""",2025-07-01,https://view.asiae.co.kr/article/2025070108465769020
2025-07,토픽7,상생협력·중소기업 지원,"특구재단, 공공데이터 활용 문제 해결형 공모전",2025-07-15,https://view.asiae.co.kr/article/2025071508544679916
2025-07,토픽7,상생협력·중소기업 지원,"소진공, 장수군과 로컬창업 지역 활성화 '맞손'",2025-07-02,https://view.asiae.co.kr/article/2025070210160342200
2025-07,토픽7,상생협력·중소기업 지원,"소진공, 'SEMAS AI 캠퍼스 성과 경연대회' 우수사례 선정",2025-07-14,https://view.asiae.co.kr/article/2025071408171524116
2025-07,토픽7,상생협력·중소기업 지원,"소진공, 소상공인 성장 단계별 맞춤형 컨설팅 제공한다",2025-07-31,https://view.asiae.co.kr/article/2025073108543368842
2025-07,토픽7,상생협력·중소기업 지원,"중기연, BC카드와 데이터 기반 소상공인 中企 정책 협력",2025-07-29,https://view.asiae.co.kr/article/2025072908310791319
2025-08,토픽0,정치권 재난·위기 재정대응,"충남도, 폭우 피해 복구에 7698억 투입",2025-08-22,https://view.asiae.co.kr/article/2025082213162345788
2025-08,토픽0,정치권 재난·위기 재정대응,7월 집중호우 피해액 1조848억원 최근 10년간 1위,2025-08-17,https://view.asiae.co.kr/article/2025081714554603684
2025-08,토픽0,정치권 재난·위기 재정대응,"김태흠 지사, 소상공인 지원 '전국 첫 결단'",2025-08-24,https://view.asiae.co.kr/article/2025082408593066312
2025-08,토픽0,정치권 재난·위기 재정대응,"영덕군, 공무원 사칭 계약 납품 사기 주의 당부",2025-08-20,https://view.asiae.co.kr/article/2025082012383732801
2025-08,토픽0,정치권 재난·위기 재정대응,"백영현 시장 ""특별재난지역 선포 환영 신속 복구에 총력""",2025-08-07,https://view.asiae.co.kr/article/2025080708474208094
2025-08,토픽1,은행·금융권 소상공인 지원,"카카오뱅크, 개인사업자 대출 누적 4조 지원",2025-08-08,https://view.asiae.co.kr/article/2025080810015265076
2025-08,토픽1,은행·금융권 소상공인 지원,"신한금융, 장기연체 이자 감면 등 금융지원 확대 시행",2025-08-03,https://view.asiae.co.kr/article/2025080115155837937
2025-08,토픽1,은행·금융권 소상공인 지원,"토스뱅크, 서울신보와 소상공인에 2000억 대출 공급",2025-08-18,https://view.asiae.co.kr/article/2025081809295633574
2025-08,토픽1,은행·금융권 소상공인 지원,"하나은행, 서울신보와 소상공인에 2000억 대출 지원",2025-08-18,https://view.asiae.co.kr/article/2025081808474264533
2025-08,토픽1,은행·금융권 소상공인 지원,"카카오뱅크, 서울신보와 소상공인에 2000억 대출공급",2025-08-18,https://view.asiae.co.kr/article/2025081808262774895
2025-08,토픽2,코로나 방역·지자체 행정,"나주시, 올해 제3회 추경 1조 2천149억 원 편성",2025-08-29,https://view.asiae.co.kr/article/2025082915515554616
2025-08,토픽2,코로나 방역·지자체 행정,호남 제주 소상공인 10곳 중 6곳 '5년 못 버텨',2025-08-27,https://view.asiae.co.kr/article/2025082716481087415
2025-08,토픽2,코로나 방역·지자체 행정,"울주군, 제2회 추경 1조 3706억원 편성 “민생 회복 생활불편 해소에 중점”",2025-08-22,https://view.asiae.co.kr/article/2025082209591067057
2025-08,토픽2,코로나 방역·지자체 행정,"김돈곤 청양군수, 생활편의 혁신 정책으로 군민 삶 바꿨다",2025-08-21,https://view.asiae.co.kr/article/2025082109190902389
2025-08,토픽2,코로나 방역·지자체 행정,"김동근 시장 ""도시개발 기업유치 통합 미래산업도시 도약시킬 것""",2025-08-01,https://view.asiae.co.kr/article/2025080112535681048
2025-08,토픽3,최저임금·노사 협상,"KB금융, 광복 80주년 맞아 '명예를 품은 가게' 현판식 개최",2025-08-14,https://view.asiae.co.kr/article/2025081408240796545
2025-08,토픽3,최저임금·노사 협상,"李 광복절 특사, 조국 정경심 최강욱 최지성 장충기 최신원 복권(종합)",2025-08-11,https://view.asiae.co.kr/article/2025081116583409790
2025-08,토픽3,최저임금·노사 협상,"재정상황 어려운 세종시, 고액 고질 체납액 징수 총력",2025-08-17,https://view.asiae.co.kr/article/2025081713455608663
2025-08,토픽3,최저임금·노사 협상,"국세청, 영세자영업자 부가세 종소세 신용카드납부 수수료 '0.8→0.4%' 인하",2025-08-18,https://view.asiae.co.kr/article/2025081814502025910
2025-08,토픽3,최저임금·노사 협상,"'취임 1년' 최승재 옴부즈만 ""현장의 대변자로서 정체성 강화""",2025-08-18,https://view.asiae.co.kr/article/2025081814185689038
2025-08,토픽4,지역화폐·소비쿠폰,"부천페이, 캐시백 7%→10% 추석맞이 가계 소비 촉진",2025-08-29,https://view.asiae.co.kr/article/2025082913563301883
2025-08,토픽4,지역화폐·소비쿠폰,"전북도, 30일까지 '소비쿠폰' 영수증 인증 이벤트",2025-08-05,https://view.asiae.co.kr/article/2025080516050787584
2025-08,토픽4,지역화폐·소비쿠폰,"세종시 주도로 상권활성화 추진, '들썩들썩' 축제 이벤트 초점",2025-08-31,https://view.asiae.co.kr/article/2025083114023330874
2025-08,토픽4,지역화폐·소비쿠폰,"전남도, 민생회복 소비쿠폰 소비 분위기 확산 나서",2025-08-21,https://view.asiae.co.kr/article/2025082115433505517
2025-08,토픽4,지역화폐·소비쿠폰,"""지역경제 활성화""  함양사랑상품권 구매 한도 한시적 상향",2025-08-18,https://view.asiae.co.kr/article/2025081811151273348
2025-08,토픽5,물가·민생 거시대책,[논단]기업의 '투자 공동화' 내모는 정부,2025-08-11,https://view.asiae.co.kr/article/2025080815024012013
2025-08,토픽5,물가·민생 거시대책,"석유화학업계, 벼랑 끝 '구조조정 쓰나미' 위기 직면",2025-08-21,https://view.asiae.co.kr/article/2025082112184180524
2025-08,토픽5,물가·민생 거시대책,여수 석유화학 고용위기 선제대응지역 지정,2025-08-20,https://view.asiae.co.kr/article/2025082009044023410
2025-08,토픽5,물가·민생 거시대책,[시시비비]쌓여 있는 금융 청구서 훼손되는 밸류업 성장,2025-08-11,https://view.asiae.co.kr/article/2025080714301685213
2025-08,토픽5,물가·민생 거시대책,"포항시, '산업위기 선제대응지역' 지정 철강 위기 넘어 지역경제 재도약",2025-08-28,https://view.asiae.co.kr/article/2025082813262069581
2025-08,토픽6,온라인 플랫폼·디지털 지원,"LG U+, 소상공인 공식몰 가입 35만 돌파 기념 프로모션 진행",2025-08-03,https://view.asiae.co.kr/article/2025080309471702271
2025-08,토픽6,온라인 플랫폼·디지털 지원,"이유몰, 사업자 전용 도매 쇼핑몰 '이유비즈몰' 공식 오픈",2025-08-20,https://view.asiae.co.kr/article/2025082009591144191
2025-08,토픽6,온라인 플랫폼·디지털 지원,"LG유플러스, 5G 결합한 소상공인 전용 'AI전화팩' 출시",2025-08-01,https://view.asiae.co.kr/article/2025080109062439837
2025-08,토픽6,온라인 플랫폼·디지털 지원,"중기중앙회, 하반기 유통채널 품평회 참가기업 모집",2025-08-10,https://view.asiae.co.kr/article/2025080816312424872
2025-08,토픽6,온라인 플랫폼·디지털 지원,"데일리페이 ""소상공인, 매출 85% 유동화해 사업운영""",2025-08-20,https://view.asiae.co.kr/article/2025082008150724013
2025-08,토픽7,상생협력·중소기업 지원,"중기부 ""AI 도입해 매출 오른 중기 소상공인 모집합니다""",2025-08-27,https://view.asiae.co.kr/article/2025082708412780017
2025-08,토픽7,상생협력·중소기업 지원,"""소상공인 판로 확대의 장"" 한유원, 9월 동행축제 주관사 참여",2025-08-29,https://view.asiae.co.kr/article/2025082915052661825
2025-08,토픽7,상생협력·중소기업 지원,"선문대 창업보육센터, 월드로보페스타서 IR 창업대회 수상",2025-08-07,https://view.asiae.co.kr/article/2025080716155211059
2025-08,토픽7,상생협력·중소기업 지원,"(재)남도장터, 한국식품안전관리인증원과 업무협약 체결",2025-08-12,https://view.asiae.co.kr/article/2025081215333010595
2025-08,토픽7,상생협력·중소기업 지원,"한유원, 지원사업 참여 소상공인과 소통 간담회",2025-08-14,https://view.asiae.co.kr/article/2025081409120546206
2025-09,토픽0,정치권 재난·위기 재정대응,"공무원 사칭 전화로 물품 주문 사기 사건 조심하세요! 경북교육청, 피해 예방 신속 대응",2025-09-09,https://view.asiae.co.kr/article/2025090910015376607
2025-09,토픽0,정치권 재난·위기 재정대응,"국민의힘 ""당정 배임죄 폐지 방침, 명백한 이재명 구하기""",2025-09-30,https://view.asiae.co.kr/article/2025093010413177029
2025-09,토픽0,정치권 재난·위기 재정대응,"군인 공무원, 대기업 사칭하더니 소상공인 울린 노쇼 피해 400억 넘어",2025-09-05,https://view.asiae.co.kr/article/2025090509395630884
2025-09,토픽0,정치권 재난·위기 재정대응,'폭발물 설치' '살인 예고' 협박 절반이 2030세대 왜 그런가 봤더니,2025-09-29,https://view.asiae.co.kr/article/2025092915381297327
2025-09,토픽0,정치권 재난·위기 재정대응,"노봉법 상법 줄처리 속 野, 기업 세제혜택 법안 봇물",2025-09-05,https://view.asiae.co.kr/article/2025090510194691203
2025-09,토픽1,은행·금융권 소상공인 지원,서민금융 하라면서 정책대출 등 차별[규제에 가로막힌 상호금융]③,2025-09-12,https://view.asiae.co.kr/article/2025091115445657914
2025-09,토픽1,은행·금융권 소상공인 지원,"부산시, 중소기업 자금지원 확 바꾼다 '기술혁신 특별자금' 신설",2025-09-02,https://view.asiae.co.kr/article/2025090210214401609
2025-09,토픽1,은행·금융권 소상공인 지원,"BNK부산은행, 소상공인 지원 총1000억원 규모 ‘BNK 상생드림대출’ 출시",2025-09-30,https://view.asiae.co.kr/article/2025093016375462651
2025-09,토픽1,은행·금융권 소상공인 지원,"케이뱅크, 개인사업자 대출 3兆 돌파",2025-09-23,https://view.asiae.co.kr/article/2025092309144742681
2025-09,토픽1,은행·금융권 소상공인 지원,"""오늘부터 서민 소상공인 370만명 신속 신용회복 지원""",2025-09-29,https://view.asiae.co.kr/article/2025092910524481309
2025-09,토픽2,코로나 방역·지자체 행정,"광명시, 조직개편 단행 투자유치과 일자리경제과 신설",2025-09-18,https://view.asiae.co.kr/article/2025091809413660788
2025-09,토픽2,코로나 방역·지자체 행정,"사천시, 내년도 주요 업무계획 보고회 열어",2025-09-29,https://view.asiae.co.kr/article/2025092906590521818
2025-09,토픽2,코로나 방역·지자체 행정,"광명시, 추경으로 예산 3050억 증액 기존 예산 대비 23.9%↑",2025-09-18,https://view.asiae.co.kr/article/2025091815090705642
2025-09,토픽2,코로나 방역·지자체 행정,"청도군, 제2회 추경예산 민생안정 등에 역대 최대 규모",2025-09-18,https://view.asiae.co.kr/article/2025091813171864510
2025-09,토픽2,코로나 방역·지자체 행정,이재명표 예산 지출구조조정 분석해보니 국토부 6.7조 지출구조조정,2025-09-03,https://view.asiae.co.kr/article/2025090309554178247
2025-09,토픽3,최저임금·노사 협상,"'기본급 11만원 인상' 포스코 노사, 2025년 임단협 타결",2025-09-17,https://view.asiae.co.kr/article/2025091717475395818
2025-09,토픽3,최저임금·노사 협상,"우원식 의장 만난 소공연 ""유통산업발전법 연장 촉구""",2025-09-08,https://view.asiae.co.kr/article/2025090817113944462
2025-09,토픽3,최저임금·노사 협상,"강남구, 중소기업 소상공인과 현장 소통 간담회 잇따라",2025-09-29,https://view.asiae.co.kr/article/2025092911093757187
2025-09,토픽3,최저임금·노사 협상,[포토] 소상공인 찾은 정청래 더불어민주당 대표,2025-09-03,https://view.asiae.co.kr/article/2025090313291153302
2025-09,토픽3,최저임금·노사 협상,"대전시, 내년 생활임금 1만 2043원 결정...월 251만 6987원",2025-09-24,https://view.asiae.co.kr/article/2025092409325173476
2025-09,토픽4,지역화폐·소비쿠폰,"중랑구, 장미달빛거리 우림맛솜씨길 ‘골목형상점가’ 지정",2025-09-10,https://view.asiae.co.kr/article/2025091009134111338
2025-09,토픽4,지역화폐·소비쿠폰,"목포시, 첫 골목형상점가 지정 지역 경쟁력 강화 기대",2025-09-17,https://view.asiae.co.kr/article/2025091717512612997
2025-09,토픽4,지역화폐·소비쿠폰,"“최대 18% 울산페이 적립금 혜택까지” 울산시, 추석 맞이 ‘울산페달 울산몰 할인쿠폰전’",2025-09-12,https://view.asiae.co.kr/article/2025091208502634192
2025-09,토픽4,지역화폐·소비쿠폰,"곡성군, 모바일 심청상품권 결제 시 '추가 캐시백'",2025-09-02,https://view.asiae.co.kr/article/2025090218052521217
2025-09,토픽4,지역화폐·소비쿠폰,"강남구, 강남사랑상품권 500억 발행 최대 12% 할인",2025-09-17,https://view.asiae.co.kr/article/2025091707500040112
2025-09,토픽5,물가·민생 거시대책,"강훈식 비서실장 ""추석연휴 안정적 전력 수급 대비 당부""",2025-09-15,https://view.asiae.co.kr/article/2025091516120414120
2025-09,토픽5,물가·민생 거시대책,"당정 ""추석 성수품 역대 최대 17.2만t 공급 체불임금 집중 점검""",2025-09-15,https://view.asiae.co.kr/article/2025091509174080776
2025-09,토픽5,물가·민생 거시대책,"[포토] 당정 ""추석 전 물가 잡고 소상공인 중소기업 살려야""",2025-09-15,https://view.asiae.co.kr/article/2025091508544089940
2025-09,토픽5,물가·민생 거시대책,"광주시, '안전 한가위' 총력 24시간 비상체제 가동",2025-09-24,https://view.asiae.co.kr/article/2025092409533028308
2025-09,토픽5,물가·민생 거시대책,"중소기업계 ""소상공인 전담차관 도입 환영 구조적 문제 해결해주길""",2025-09-08,https://view.asiae.co.kr/article/2025090809592934244
2025-09,토픽6,온라인 플랫폼·디지털 지원,"기아, PV5 택시 전용 '올인원 디스플레이 2' 출시",2025-09-16,https://view.asiae.co.kr/article/2025091608553337259
2025-09,토픽6,온라인 플랫폼·디지털 지원,"추석 차례상, 전통시장이 대형마트보다 7만4000원 저렴",2025-09-23,https://view.asiae.co.kr/article/2025092308454436493
2025-09,토픽6,온라인 플랫폼·디지털 지원,"소담상회 성수, 정식 오픈 16일 개소식",2025-09-16,https://view.asiae.co.kr/article/2025091615345333118
2025-09,토픽6,온라인 플랫폼·디지털 지원,"신세계 센텀시티, 부산 ‘동백상회’ 팝업 운영",2025-09-01,https://view.asiae.co.kr/article/2025090116152810156
2025-09,토픽6,온라인 플랫폼·디지털 지원,"중기중앙회, 노란우산공제 캐릭터 활용한 카톡 이모티콘 배포",2025-09-04,https://view.asiae.co.kr/article/2025090409231850397
2025-09,토픽7,상생협력·중소기업 지원,"중기부, 상생협력 우수기업에 '윈윈 아너스 기념패' 수여",2025-09-25,https://view.asiae.co.kr/article/2025092509574987017
2025-09,토픽7,상생협력·중소기업 지원,"대전시, 오는 30일 '2025 대전 청년채용박람회' 개최",2025-09-22,https://view.asiae.co.kr/article/2025092209404725636
2025-09,토픽7,상생협력·중소기업 지원,"소진공, RISE 대학과 지역발전 협력 강화 '맞손'",2025-09-15,https://view.asiae.co.kr/article/2025091507502486914
2025-09,토픽7,상생협력·중소기업 지원,"한유원, 한국산업지능화협회와 소상공인 AX 지원 '맞손'",2025-09-24,https://view.asiae.co.kr/article/2025092414091584962
2025-09,토픽7,상생협력·중소기업 지원,"단국대 창업보육센터, 5년 연속 S등급 획득",2025-09-02,https://view.asiae.co.kr/article/2025090209345078556
2025-10,토픽0,정치권 재난·위기 재정대응,"경기도, 공직자 사칭 5천만원 피해 ""각별한 주의"" 당부",2025-10-29,https://view.asiae.co.kr/article/2025102907124072242
2025-10,토픽0,정치권 재난·위기 재정대응,"한동훈, 당정 배임죄 폐지에 ""李 대통령 절도 혐의였으면 절도죄 없앴을 것""",2025-10-01,https://view.asiae.co.kr/article/2025100108182798872
2025-10,토픽0,정치권 재난·위기 재정대응,"사천시, 공무원 사칭한 보이스피싱 주의보!",2025-10-28,https://view.asiae.co.kr/article/2025102808545317495
2025-10,토픽0,정치권 재난·위기 재정대응,"[2025국감]김영훈 ""주 4.5일제, 법제화보단 지원 방식으로""",2025-10-15,https://view.asiae.co.kr/article/2025101517323261822
2025-10,토픽0,정치권 재난·위기 재정대응,"추석 당일 공방 지속한 여야 ""극우정당 vs 李정권 민생 무너뜨려""",2025-10-06,https://view.asiae.co.kr/article/2025100615415915116
2025-10,토픽1,은행·금융권 소상공인 지원,"신협, 서민금융권 최초 '전환보증' 도입",2025-10-17,https://view.asiae.co.kr/article/2025101709432863627
2025-10,토픽1,은행·금융권 소상공인 지원,"케이뱅크, '사장님 부동산담보대출' 대환 상호금융권까지 확대",2025-10-13,https://view.asiae.co.kr/article/2025101309255237031
2025-10,토픽1,은행·금융권 소상공인 지원,"카카오뱅크, 소상공인 위한 '개인사업자 부동산담보대출' 출시",2025-10-21,https://view.asiae.co.kr/article/2025102110254523903
2025-10,토픽1,은행·금융권 소상공인 지원,"배민, 협약보증 대출 8개월 만에 소상공인 2000여명 지원",2025-10-01,https://view.asiae.co.kr/article/2025100108581990351
2025-10,토픽1,은행·금융권 소상공인 지원,"새마을금고, 상반기 정책자금대출 2003억원 취급",2025-10-14,https://view.asiae.co.kr/article/2025101410212570808
2025-10,토픽2,코로나 방역·지자체 행정,"APEC D-8 경주, '세계 속 외교 문화도시 시험대에 섰다'",2025-10-23,https://view.asiae.co.kr/article/2025102313421208137
2025-10,토픽2,코로나 방역·지자체 행정,시민이 제안하고 행정이 실천한다 ‘경주시민원탁회의’ 18회째 이어온 시민의 힘,2025-10-29,https://view.asiae.co.kr/article/2025102911020561392
2025-10,토픽2,코로나 방역·지자체 행정,서울시 내년 예산안 51.5조원 '약자' 정책에만 16조원 쓴다,2025-10-30,https://view.asiae.co.kr/article/2025103009223453962
2025-10,토픽2,코로나 방역·지자체 행정,"순천시, 소상공인 중소기업 공유재산 임대료 '감면'",2025-10-14,https://view.asiae.co.kr/article/2025101415081100411
2025-10,토픽2,코로나 방역·지자체 행정,"'약자' 초점 맞춘 51조 예산, 오세훈 ""약자동행은 진화할 것""(종합)",2025-10-30,https://view.asiae.co.kr/article/2025103015114596298
2025-10,토픽3,최저임금·노사 협상,[포토] 소상공인 회복 위한 9개의 씨앗,2025-10-15,https://view.asiae.co.kr/article/2025101515430939509
2025-10,토픽3,최저임금·노사 협상,"김동연, 18일 '도민의 날' 기념행사 7천여명의 도민과 소통",2025-10-19,https://view.asiae.co.kr/article/2025101914061815181
2025-10,토픽3,최저임금·노사 협상,[포토] 소상공인 회복 및 안전망 강화 열 번째 간담회 개최,2025-10-15,https://view.asiae.co.kr/article/2025101515450859689
2025-10,토픽3,최저임금·노사 협상,"소상공인연합회, 대법원 주휴수당 판결 환영 ""제도 폐지 매진""",2025-10-13,https://view.asiae.co.kr/article/2025101312302949326
2025-10,토픽3,최저임금·노사 협상,[포토] '소상공인 회복 및 안전망 강화',2025-10-15,https://view.asiae.co.kr/article/2025101515433146925
2025-10,토픽4,지역화폐·소비쿠폰,"광주 동구, 충장축제서 동구랑페이 특별 경품 이벤트",2025-10-13,https://view.asiae.co.kr/article/2025101312574167685
2025-10,토픽4,지역화폐·소비쿠폰,"안산시, 내달 28일까지 '골목형 상점가' 신청 접수",2025-10-10,https://view.asiae.co.kr/article/2025101009315548873
2025-10,토픽4,지역화폐·소비쿠폰,"지역경제에 활력 울산시, ‘코리아 그랜드 페스티벌’ 울산페이 18% 환급",2025-10-24,https://view.asiae.co.kr/article/2025102409100150550
2025-10,토픽4,지역화폐·소비쿠폰,인천e음 캐시백 5% 추가 지원 최대 15% 혜택,2025-10-30,https://view.asiae.co.kr/article/2025103008124164489
2025-10,토픽4,지역화폐·소비쿠폰,"전북도, 지역사랑상품권 최대 20% '특별 할인'",2025-10-27,https://view.asiae.co.kr/article/2025102710054132171
2025-10,토픽5,물가·민생 거시대책,"'수입 콩이 모자라' 두부공장들 날벼락 '가격 2배' 뛰자, 돈 많은 곳이 싹쓸이",2025-10-01,https://view.asiae.co.kr/article/2025093016544708093
2025-10,토픽5,물가·민생 거시대책,"""원화 스테이블코인, 일곱 가지 위험"" 한국은행, 백서 내놨다",2025-10-27,https://view.asiae.co.kr/article/2025102716283750430
2025-10,토픽5,물가·민생 거시대책,"""폐업 전 위험 징후 점검한다"" 소상공인 재기방안 발표",2025-10-15,https://view.asiae.co.kr/article/2025101516020168863
2025-10,토픽5,물가·민생 거시대책,"""공급 확대 vs 집값 자극"" 재초환 딜레마 [3분 브리프]",2025-10-27,https://view.asiae.co.kr/article/2025102700445138771
2025-10,토픽5,물가·민생 거시대책,"온라인 정산주기 단축, 쿠팡 컬리 직격탄 ""중소업체 연쇄 피해""",2025-10-23,https://view.asiae.co.kr/article/2025102316371147219
2025-10,토픽6,온라인 플랫폼·디지털 지원,"쿠콘, 서울페이에 유니온 위챗페이 연동",2025-10-13,https://view.asiae.co.kr/article/2025101309182873579
2025-10,토픽6,온라인 플랫폼·디지털 지원,한 달 만에 1000만 명 몰렸다 디지털온누리 앱에 무슨 일,2025-10-17,https://view.asiae.co.kr/article/2025101617020794572
2025-10,토픽6,온라인 플랫폼·디지털 지원,"비즈넵, 누적 가입 사업자 300만 돌파",2025-10-02,https://view.asiae.co.kr/article/2025100211490437166
2025-10,토픽6,온라인 플랫폼·디지털 지원,"중기중앙회, 하반기 온 오프라인 통합 품평회 개최",2025-10-22,https://view.asiae.co.kr/article/2025102210022912816
2025-10,토픽6,온라인 플랫폼·디지털 지원,"신한은행-네이버페이, 개인사업자 전용 패키지 상품 출시",2025-10-15,https://view.asiae.co.kr/article/2025101510333812996
2025-10,토픽7,상생협력·중소기업 지원,"국민대-윤민창의투자재단, 실전 창업교육 협력",2025-10-27,https://view.asiae.co.kr/article/2025102210193552925
2025-10,토픽7,상생협력·중소기업 지원,"소진공, 대전 세종 공공기관과 청년인턴 교류 행사 개최",2025-10-22,https://view.asiae.co.kr/article/2025102207472398968
2025-10,토픽7,상생협력·중소기업 지원,남도국제미식산업박람회 마지막 걸음 '미식인 주간' 운영,2025-10-21,https://view.asiae.co.kr/article/2025102110200772821
2025-10,토픽7,상생협력·중소기업 지원,"소진공, '소상공인 지원정책' 연구논문 공모전 개최",2025-10-13,https://view.asiae.co.kr/article/2025101309020376606
2025-10,토픽7,상생협력·중소기업 지원,"배달의민족, 구미시와 손잡고 로컬푸드 유통 확대",2025-10-02,https://view.asiae.co.kr/article/2025100210144303480
2025-11,토픽0,정치권 재난·위기 재정대응,[조세 돋보기]비쟁점법안으로 '워밍업' 쟁점법안 논의 '기다려',2025-11-13,https://view.asiae.co.kr/article/2025111310332774120
2025-11,토픽0,정치권 재난·위기 재정대응,'군 정당 사칭 사기 피해 69억' 거점 캄보디아 조직원 114명 검거,2025-11-03,https://view.asiae.co.kr/article/2025110318303816810
2025-11,토픽0,정치권 재난·위기 재정대응,[시시비비]시대착오적 유통법 일몰 연장,2025-11-19,https://view.asiae.co.kr/article/2025111909070772499
2025-11,토픽0,정치권 재난·위기 재정대응,"광주시, 미세먼지 계절관리제 시행 5등급 차량 운행 제한",2025-11-26,https://view.asiae.co.kr/article/2025112611244386373
2025-11,토픽0,정치권 재난·위기 재정대응,"가짜 장애인 기업 막는다 장애인기업법 개정안, 국무회의 의결",2025-11-18,https://view.asiae.co.kr/article/2025111807530184234
2025-11,토픽1,은행·금융권 소상공인 지원,"포용금융 나선 범농협, 22만명 고객 연체정보 삭제",2025-11-25,https://view.asiae.co.kr/article/2025112509485235946
2025-11,토픽1,은행·금융권 소상공인 지원,"인터넷은행, 3분기 중저신용대출 목표 일제히 초과",2025-11-28,https://view.asiae.co.kr/article/2025112815562311032
2025-11,토픽1,은행·금융권 소상공인 지원,"부산시, '3無 희망잇기 특별금융' 1만건 500억원 달성 소상공인 안정 지원",2025-11-13,https://view.asiae.co.kr/article/2025111312331220395
2025-11,토픽1,은행·금융권 소상공인 지원,"충남신보 농협은행, 소상공인 금융지원 5억 더 푼다",2025-11-18,https://view.asiae.co.kr/article/2025111809310257204
2025-11,토픽1,은행·금융권 소상공인 지원,"농협은행, 신보재단과 소상공인 금융지원 나서",2025-11-19,https://view.asiae.co.kr/article/2025111908282457992
2025-11,토픽2,코로나 방역·지자체 행정,강기정 “내년 민생 성장 돌봄 기후로 부강한 광주 열 것”,2025-11-26,https://view.asiae.co.kr/article/2025112613594768446
2025-11,토픽2,코로나 방역·지자체 행정,"백경현 시장 ""따뜻한 공감 포용력 넘치는 행복 도시 건설 집중""",2025-11-20,https://view.asiae.co.kr/article/2025112015290724929
2025-11,토픽2,코로나 방역·지자체 행정,"전주시, 2조 6,606억 규모 내년도 예산 편성",2025-11-17,https://view.asiae.co.kr/article/2025111710305081611
2025-11,토픽2,코로나 방역·지자체 행정,"상주, 미래의 문을 다시 연다",2025-11-27,https://view.asiae.co.kr/article/2025112718494449560
2025-11,토픽2,코로나 방역·지자체 행정,경기도 내년 예산 39조9046억원 편성 '민생 성장 돌봄안전 개발' 방점,2025-11-03,https://view.asiae.co.kr/article/2025110311044292259
2025-11,토픽3,최저임금·노사 협상,"김지형 위원장 만난 소공연 ""경사노위 내 소상공인위원회 설치해야""",2025-11-19,https://view.asiae.co.kr/article/2025111913534237354
2025-11,토픽3,최저임금·노사 협상,"소공연 ""주 4.5일제 주휴수당 근로기준법에 생태계 붕괴""",2025-11-12,https://view.asiae.co.kr/article/2025111215105135542
2025-11,토픽3,최저임금·노사 협상,"소상공업계 ""근로기준법 확대 적용은 '폐업선고' 다름 없어""",2025-11-26,https://view.asiae.co.kr/article/2025112614320980662
2025-11,토픽3,최저임금·노사 협상,"관악구, 공감 세무행정 통했다 체납액 1억5000만원 전액 징수",2025-11-09,https://view.asiae.co.kr/article/2025110909174752281
2025-11,토픽3,최저임금·노사 협상,진주시 소상공인의 날 행사 열고 화합 재도약 의지 다져,2025-11-03,https://view.asiae.co.kr/article/2025110305182276332
2025-11,토픽4,지역화폐·소비쿠폰,"광주 동구, 전 지역 골목형상점가 지정 완료",2025-11-18,https://view.asiae.co.kr/article/2025111810231515376
2025-11,토픽4,지역화폐·소비쿠폰,'민생회복 소비쿠폰' 11월 30일까지 사용 가능,2025-11-27,https://view.asiae.co.kr/article/2025112717072757513
2025-11,토픽4,지역화폐·소비쿠폰,"이천시, 소상공인 지원 위한 지역화폐 캐시백 이벤트 마련",2025-11-06,https://view.asiae.co.kr/article/2025110615015769201
2025-11,토픽4,지역화폐·소비쿠폰,"부천시, 22~30일 전통시장 골목상권서 '경기 살리기 통큰 세일'",2025-11-20,https://view.asiae.co.kr/article/2025112010151339453
2025-11,토픽4,지역화폐·소비쿠폰,"광명시, 연말까지 지역화폐 인센티브 15%+캐시백 5% 유지",2025-11-28,https://view.asiae.co.kr/article/2025112808474863277
2025-11,토픽5,물가·민생 거시대책,"'지재권 출원', 소상공인 생존율 높이는 비결[Why & Next]",2025-11-10,https://view.asiae.co.kr/article/2025110709421444559
2025-11,토픽5,물가·민생 거시대책,"""시민안전 취약계층 보호 만전""  창원특례시, 동절기 종합대책 추진",2025-11-18,https://view.asiae.co.kr/article/2025111809475257925
2025-11,토픽5,물가·민생 거시대책,"10월 소상공인 경기, 최근 5년 중 가장 좋아",2025-11-12,https://view.asiae.co.kr/article/2025111208305742967
2025-11,토픽5,물가·민생 거시대책,"우리금융연구소 ""11월 금통위 25bp 인하 후 중립기조 예상""",2025-11-07,https://view.asiae.co.kr/article/2025110615183955102
2025-11,토픽5,물가·민생 거시대책,경기신보 김정빈 선수 '전국장애인체육대회' 사이클 2관왕,2025-11-02,https://view.asiae.co.kr/article/2025110211040335885
2025-11,토픽6,온라인 플랫폼·디지털 지원,"토스플레이스, 단말기 설치 가맹점 20만 돌파 기념 이벤트",2025-11-04,https://view.asiae.co.kr/article/2025110410265567075
2025-11,토픽6,온라인 플랫폼·디지털 지원,"토스플레이스, 단말기서 제로페이 QR결제 지원",2025-11-19,https://view.asiae.co.kr/article/2025111909245972488
2025-11,토픽6,온라인 플랫폼·디지털 지원,웨이팅부터 리뷰까지 카페 창업에 이젠 IT솔루션 '필수',2025-11-20,https://view.asiae.co.kr/article/2025112007343215750
2025-11,토픽6,온라인 플랫폼·디지털 지원,"플렉스, 600만 소상공인 위한 '플렉스 미니' 출시",2025-11-26,https://view.asiae.co.kr/article/2025112609521935127
2025-11,토픽6,온라인 플랫폼·디지털 지원,"카카오페이, '션과함께' 소상공인 기부마라톤 흥행 나흘 만에 30억보 돌파",2025-11-17,https://view.asiae.co.kr/article/2025111716475262715
2025-11,토픽7,상생협력·중소기업 지원,"한수정, 상생경영 우수기업 인증 ""지역사회와 동반성장 공로""",2025-11-21,https://view.asiae.co.kr/article/2025112108400199368
2025-11,토픽7,상생협력·중소기업 지원,"소진공, '무신사 패션 브랜딩 역량강화 교육' 성과공유회",2025-11-27,https://view.asiae.co.kr/article/2025112708371226018
2025-11,토픽7,상생협력·중소기업 지원,"부산항만공사, ‘제14회 대한민국 나눔국민대상’ 보건복지부 장관 표창",2025-11-06,https://view.asiae.co.kr/article/2025110615344347846
2025-11,토픽7,상생협력·중소기업 지원,"소진공, 대 중소기업 동반성장 중기부 장관 표창",2025-11-26,https://view.asiae.co.kr/article/2025112607580260245
2025-11,토픽7,상생협력·중소기업 지원,"한유원, '2025 올해의 SNS' 공공기관 유튜브 부문 대상",2025-11-27,https://view.asiae.co.kr/article/2025112714374780631
2025-12,토픽0,정치권 재난·위기 재정대응,배당소득 분리과세 법인세 교육세법 통과 예산부수법안 모두 의결(종합),2025-12-02,https://view.asiae.co.kr/article/2025120221594033078
2025-12,토픽0,정치권 재난·위기 재정대응,"국민의힘, 2030 표심 공략 정년연장 새벽배송 이슈몰이",2025-12-15,https://view.asiae.co.kr/article/2025121510105377010
2025-12,토픽0,정치권 재난·위기 재정대응,"당정, 민생 과잉형벌 대폭 완화 기업 중대위법은 금전책임 강화",2025-12-30,https://view.asiae.co.kr/article/2025123008115443983
2025-12,토픽0,정치권 재난·위기 재정대응,"구미경찰서, 노쇼 사기 범죄 예방에 앞장",2025-12-30,https://view.asiae.co.kr/article/2025123012490325307
2025-12,토픽0,정치권 재난·위기 재정대응,"정진욱 의원, 더불어민주당 '국정감사 우수의원'",2025-12-16,https://view.asiae.co.kr/article/2025121609464519440
2025-12,토픽1,은행·금융권 소상공인 지원,"KB국민은행, 신용보증재단중앙회와 600억원 규모 소상공인 대출 지원",2025-12-30,https://view.asiae.co.kr/article/2025123008491970800
2025-12,토픽1,은행·금융권 소상공인 지원,"케이뱅크, '사장님 경영컨설팅' 출시 우대 금리 혜택도 제공",2025-12-03,https://view.asiae.co.kr/article/2025120309112215702
2025-12,토픽1,은행·금융권 소상공인 지원,"KB국민은행, 금융권 최대 규모 562억원 새도약기금 출연",2025-12-30,https://view.asiae.co.kr/article/2025123011041204291
2025-12,토픽1,은행·금융권 소상공인 지원,"새도약기금, 18만명 보유한 1.4조원 연체채권 매입",2025-12-23,https://view.asiae.co.kr/article/2025122309193975968
2025-12,토픽1,은행·금융권 소상공인 지원,신한은행 '선순환 포용금융 프로그램' 오는 1월부터 시행,2025-12-29,https://view.asiae.co.kr/article/2025122910370809949
2025-12,토픽2,코로나 방역·지자체 행정,"강기정 “부강한 광주, 이제 시작” 군공항 이전 미래산업 본격화",2025-12-23,https://view.asiae.co.kr/article/2025122312325835862
2025-12,토픽2,코로나 방역·지자체 행정,"[신년사]방세환 시장 “50만 자족도시 완성 원년 광주역 중심 철도시대 열겠다""",2025-12-31,https://view.asiae.co.kr/article/2025123114505902937
2025-12,토픽2,코로나 방역·지자체 행정,"이장우 대전시장 ""내년 예산 1월부터 바로 집행할 수 있도록 신속히 준비""",2025-12-29,https://view.asiae.co.kr/article/2025122912582094061
2025-12,토픽2,코로나 방역·지자체 행정,"전북도, 2026년부터 달라지는 제도 시책",2025-12-31,https://view.asiae.co.kr/article/2025123110460413679
2025-12,토픽2,코로나 방역·지자체 행정,"고양시, 2026년 본예산 3조4210억원 확정 민생안정 미래성장에 중점",2025-12-17,https://view.asiae.co.kr/article/2025121708190554414
2025-12,토픽3,최저임금·노사 협상,"대전시, 2026년 1월 1일 字 승진 국 과장급 전보인사",2025-12-25,https://view.asiae.co.kr/article/2025122509453889646
2025-12,토픽3,최저임금·노사 협상,강 시장 약속 이행? 광주도시철도 2호선 1단계 도로 개방률 82.5%,2025-12-18,https://view.asiae.co.kr/article/2025121815165554010
2025-12,토픽3,최저임금·노사 협상,"[THE VIEW]새벽배송 멈추면, 일자리도 멈춘다",2025-12-03,https://view.asiae.co.kr/article/2025120109482731459
2025-12,토픽3,최저임금·노사 협상,"억눌린 감정을 연기로, 자신을 해방으로 류승룡의 '김부장'[라임라이트]",2025-12-02,https://view.asiae.co.kr/article/2025120120105521925
2025-12,토픽3,최저임금·노사 협상,"서울시, 과장급 34명 승진 행정직 女 비중 확대",2025-12-12,https://view.asiae.co.kr/article/2025121215495484096
2025-12,토픽4,지역화폐·소비쿠폰,"남원시, 내년 지역사랑상품권 1천210억 규모 발행",2025-12-31,https://view.asiae.co.kr/article/2025123114272945118
2025-12,토픽4,지역화폐·소비쿠폰,"고창군, 17일까지 '12월 지역사랑상품권' 할인 판매",2025-12-01,https://view.asiae.co.kr/article/2025120110034877685
2025-12,토픽4,지역화폐·소비쿠폰,울산페이 2340억원 푼다 2026년 지역경제에 다시 불 지펴,2025-12-31,https://view.asiae.co.kr/article/2025123109080355828
2025-12,토픽4,지역화폐·소비쿠폰,"'110억 규모' 진주사랑상품권, 새해 첫 달부터 시작",2025-12-29,https://view.asiae.co.kr/article/2025122907592864034
2025-12,토픽4,지역화폐·소비쿠폰,"광명시, 다음달 지역화폐 인센티브 10%+캐시백 5% 제공",2025-12-31,https://view.asiae.co.kr/article/2025123108575474990
2025-12,토픽5,물가·민생 거시대책,"중기부, 소상공인 고용보험료 지원사업 실시 내년 1월1일부터",2025-12-29,https://view.asiae.co.kr/article/2025122908332674616
2025-12,토픽5,물가·민생 거시대책,'반도체 기저효과' 10월 생산 2.5%↓ 소비 3.5%↑[3분 브리프],2025-12-01,https://view.asiae.co.kr/article/2025112815512700514
2025-12,토픽5,물가·민생 거시대책,"소상공인 77% ""1년새 매출 감소 정체"" 경영성과도 난망",2025-12-12,https://view.asiae.co.kr/article/2025121217140837497
2025-12,토픽5,물가·민생 거시대책,"중소기업계 ""정부의 '성장사다리 복원' 비전 환영""",2025-12-17,https://view.asiae.co.kr/article/2025121714094057524
2025-12,토픽5,물가·민생 거시대책,"3분기 소상공인 매출, 소비쿠폰 효과로 반등",2025-12-01,https://view.asiae.co.kr/article/2025120109574006147
2025-12,토픽6,온라인 플랫폼·디지털 지원,"AI가 옥외광고 영상 만들어준다 네이버, 애드부스트 스크린 도입",2025-12-17,https://view.asiae.co.kr/article/2025121709102111368
2025-12,토픽6,온라인 플랫폼·디지털 지원,"카카오페이, 기부 마라톤 온라인대회 성료 소상공인에 20억 기부",2025-12-01,https://view.asiae.co.kr/article/2025120115313855356
2025-12,토픽6,온라인 플랫폼·디지털 지원,"대전 '꿈돌이 캐릭터'협업상품, 6개월 만에 23억원 매출 달성",2025-12-04,https://view.asiae.co.kr/article/2025120409364120499
2025-12,토픽6,온라인 플랫폼·디지털 지원,"국민비서, 신규 서비스 추가 건보료 환급금 고지",2025-12-11,https://view.asiae.co.kr/article/2025121111290921215
2025-12,토픽6,온라인 플랫폼·디지털 지원,"차라리 '맛없다' 별점테러 하지 ""사고 당해 죽어라"" 막말 리뷰에 공분",2025-12-08,https://view.asiae.co.kr/article/2025120810563613551
2025-12,토픽7,상생협력·중소기업 지원,"대구 벤처빌리, 지역 최대 민간 창업보육공간 개소 '창업 생태계 활성화' 시동",2025-12-29,https://view.asiae.co.kr/article/2025122916322235006
2025-12,토픽7,상생협력·중소기업 지원,제조산업 뿌리 소공인 성과 한자리에,2025-12-17,https://view.asiae.co.kr/article/2025121709453657405
2025-12,토픽7,상생협력·중소기업 지원,"""실패는 성공 위한 자산"" 정부, 5년간 재도전 펀드 1조원 조성",2025-12-11,https://view.asiae.co.kr/article/2025121108331373824
2025-12,토픽7,상생협력·중소기업 지원,"소진공, 2025 소상공인 연구논문 공모전 시상식 개최",2025-12-08,https://view.asiae.co.kr/article/2025120807522897008
2025-12,토픽7,상생협력·중소기업 지원,"소진공, 역량강화사업 성과공유회 개최 우수사례 21건 선정",2025-12-11,https://view.asiae.co.kr/article/2025121108064003356
2026-01,토픽0,정치권 재난·위기 재정대응,"""한 번에 정리하겠다"" 이준석, 부정선거론자에 '100대 1' 공개토론 제안",2026-01-29,https://view.asiae.co.kr/article/2026012913370781544
2026-01,토픽0,정치권 재난·위기 재정대응,"안성시, '공무원 사칭 사기 피해 신고센터' 운영",2026-01-15,https://view.asiae.co.kr/article/2026011513401852701
2026-01,토픽0,정치권 재난·위기 재정대응,"국민의힘 대구시당, 경제정책위원회 신설 위원장 강철준 상임고문 구진모",2026-01-18,https://view.asiae.co.kr/article/2026011810434812497
2026-01,토픽0,정치권 재난·위기 재정대응,"중기부, '미사용 할인쿠폰 소멸' 야놀자 여기어때 공정위에 고발 요청",2026-01-14,https://view.asiae.co.kr/article/2026011414073479797
2026-01,토픽0,정치권 재난·위기 재정대응,"용인시, 올해 친환경차 4440대에 보조금 지원 내달 2일부터 접수",2026-01-29,https://view.asiae.co.kr/article/2026012910443529018
2026-01,토픽1,은행·금융권 소상공인 지원,"케이뱅크, 개인사업자보증서대출 취급액 6배 증가",2026-01-07,https://view.asiae.co.kr/article/2026010709322025799
2026-01,토픽1,은행·금융권 소상공인 지원,"경기신보, 하나銀과 손잡고 中企 소상공인 '협약보증' 2250억원",2026-01-25,https://view.asiae.co.kr/article/2026012510374754359
2026-01,토픽1,은행·금융권 소상공인 지원,"신한은행, 설 명절 맞아 중소기업에 15조 자금 공급",2026-01-19,https://view.asiae.co.kr/article/2026011910540243421
2026-01,토픽1,은행·금융권 소상공인 지원,"iM뱅크, 1조원 규모 '설 특별자금대출' 실시",2026-01-27,https://view.asiae.co.kr/article/2026012710564710238
2026-01,토픽1,은행·금융권 소상공인 지원,"서울시, 올해 소상공인 위해 2조4000억원 지원한다",2026-01-01,https://view.asiae.co.kr/article/2026010109561889037
2026-01,토픽2,코로나 방역·지자체 행정,"이천시 ""민생 안정 미래 성장 기반 사업에 재원 집중 투입""",2026-01-26,https://view.asiae.co.kr/article/2026012616290786433
2026-01,토픽2,코로나 방역·지자체 행정,"방세환 시장 ""민생 복지 철도 주력 50만 자족도시 도약 원년""",2026-01-07,https://view.asiae.co.kr/article/2026010714220538126
2026-01,토픽2,코로나 방역·지자체 행정,"김경희 이천시장 ""반도체 드론 클러스터 조성으로 신성장 기반 마련""",2026-01-08,https://view.asiae.co.kr/article/2026010811282560788
2026-01,토픽2,코로나 방역·지자체 행정,"‘준비의 도시’ 상주, 2026년을 실행으로 증명한다",2026-01-02,https://view.asiae.co.kr/article/2026010216023211966
2026-01,토픽2,코로나 방역·지자체 행정,"[신년사] 최충규 대전 대덕구청장 ""2026년은 대덕 도약 완성할 전환점""",2026-01-01,https://view.asiae.co.kr/article/2026010119464974277
2026-01,토픽3,최저임금·노사 협상,"이성헌 서대문구청장, 신년인사회서 5대 비전 제시",2026-01-16,https://view.asiae.co.kr/article/2026011613182342717
2026-01,토픽3,최저임금·노사 협상,"경기신보, 최병선 경기도의원과 의정부지점서 현장상담회",2026-01-12,https://view.asiae.co.kr/article/2026011214250162658
2026-01,토픽3,최저임금·노사 협상,"송치영 소공연 회장 ""올해 소상공인 권리 회복의 원년으로""",2026-01-27,https://view.asiae.co.kr/article/2026012715103232583
2026-01,토픽3,최저임금·노사 협상,"정일선 광주은행장, 취임 첫날 지역 中企 찾아",2026-01-05,https://view.asiae.co.kr/article/2026010515225802016
2026-01,토픽3,최저임금·노사 협상,"인천 부평구, 점심시간 주 정차 단속 유예 30분 연장",2026-01-28,https://view.asiae.co.kr/article/2026012807483909174
2026-01,토픽4,지역화폐·소비쿠폰,"나주시, 설 명절 앞두고 나주사랑상품권 확대 발행",2026-01-21,https://view.asiae.co.kr/article/2026012108242956091
2026-01,토픽4,지역화폐·소비쿠폰,지갑 열고 골목 웃다 새해 첫 카드형 모바일 포항사랑상품권 할인판매,2026-01-12,https://view.asiae.co.kr/article/2026011212171759917
2026-01,토픽4,지역화폐·소비쿠폰,"안산시, 온누리상품권 가능 '골목형 상점가' 3곳 추가 지정",2026-01-13,https://view.asiae.co.kr/article/2026011310344990114
2026-01,토픽4,지역화폐·소비쿠폰,"광명시, 시청로 광일로 일대 점포 노후 간판 정비 완료",2026-01-15,https://view.asiae.co.kr/article/2026011510300203046
2026-01,토픽4,지역화폐·소비쿠폰,경산사랑(愛)카드 10% 할인 소비 촉진 민생경제 회복 뒷받침,2026-01-05,https://view.asiae.co.kr/article/2026010514034912540
2026-01,토픽5,물가·민생 거시대책,"광주경총 ""고환율로 지역 경제 부담 대응 방안 마련돼야""",2026-01-21,https://view.asiae.co.kr/article/2026012110285613435
2026-01,토픽5,물가·민생 거시대책,"중앙지법, 분쟁 조기 해결 방점 '민생사건 재판부' 설치",2026-01-27,https://view.asiae.co.kr/article/2026012716521071831
2026-01,토픽5,물가·민생 거시대책,역대급 '불장'에 예금서 증시로 불붙은 '머니무브' [3분 브리프],2026-01-08,https://view.asiae.co.kr/article/2026010716131991041
2026-01,토픽5,물가·민생 거시대책,"'역대 최대' 자금 투입 ""사과 돼지고기 27만톤 풀고, 고등어는 반값"" 설 물가안정 총력전",2026-01-28,https://view.asiae.co.kr/article/2026012716543486904
2026-01,토픽5,물가·민생 거시대책,"설 장보기 부담 던다 정부, 할인 910억 27만t 성수품 대방출 [3분 브리프]",2026-01-29,https://view.asiae.co.kr/article/2026012816075756850
2026-01,토픽6,온라인 플랫폼·디지털 지원,"""설탕 한 포대로 시작해 연 매출 4조원 우리도 할 수 있어""",2026-01-08,https://view.asiae.co.kr/article/2026010817552920691
2026-01,토픽6,온라인 플랫폼·디지털 지원,"공영홈쇼핑, 슈퍼극딜 1day 론칭 쿠폰 혜택 고가 상품까지",2026-01-08,https://view.asiae.co.kr/article/2026010808593659219
2026-01,토픽6,온라인 플랫폼·디지털 지원,"하나은행, 네이버페이 통합 단말기 '커넥트' 가맹점 대상 혜택 패키지 출시",2026-01-07,https://view.asiae.co.kr/article/2026010708534969130
2026-01,토픽6,온라인 플랫폼·디지털 지원,김밥 1줄에 커피 1잔이 50만원? 강남 김밥집에서 배달앱 가격 올린 속사정은,2026-01-21,https://view.asiae.co.kr/article/2026012114213104917
2026-01,토픽6,온라인 플랫폼·디지털 지원,"중기중앙회 ""노란우산 쓰고 새해 힘차게 시작하세요""",2026-01-07,https://view.asiae.co.kr/article/2026010708564821970
2026-01,토픽7,상생협력·중소기업 지원,"소진공, '로컬콘텐츠 중점대학' 신규 참여대학 모집",2026-01-15,https://view.asiae.co.kr/article/2026011507435107833
2026-01,토픽7,상생협력·중소기업 지원,"소진공, '로컬 창업기업 육성사업' 주관기관 모집",2026-01-23,https://view.asiae.co.kr/article/2026012308060292076
2026-01,토픽7,상생협력·중소기업 지원,"대전시, 기업 분야별 종합 안내 위한 '기업지원사업 통합설명회'개최",2026-01-30,https://view.asiae.co.kr/article/2026013009410580809
2026-01,토픽7,상생협력·중소기업 지원,"대전시, '2026년 유망 소상공인 사업화 지원사업'참여 소상공인 모집",2026-01-26,https://view.asiae.co.kr/article/2026012610453769561
2026-01,토픽7,상생협력·중소기업 지원,"창립 30주년 맞은 한유원 이태식 ""청년 정신으로 새로운 미래 개척""",2026-01-15,https://view.asiae.co.kr/article/2026011515102308827
2026-02,토픽0,정치권 재난·위기 재정대응,"경기도, 공무원 사칭 사기 계좌 지급정지 등 법령개정 추진",2026-02-02,https://view.asiae.co.kr/article/2026020207104558022
2026-02,토픽0,정치권 재난·위기 재정대응,"[인터뷰] K-소상공인 살린 '두쫀쿠' 기적 두바이 초콜릿 CEO ""재해석에 감명""",2026-02-02,https://view.asiae.co.kr/article/2026013016534692060
2026-02,토픽0,정치권 재난·위기 재정대응,"권칠승, 경기지사 출마 선언 ""기본이 든든한 경기도""",2026-02-03,https://view.asiae.co.kr/article/2026020314364145993
2026-02,토픽0,정치권 재난·위기 재정대응,"한병도 ""지방선거 때 원포인트 개헌 제안 5 18정신 헌법전문에 담자""",2026-02-03,https://view.asiae.co.kr/article/2026020309500628450
2026-02,토픽0,정치권 재난·위기 재정대응,"한병도 ""지방선거 때 원포인트 개헌 제안 5 18정신 헌법전문에 담자""(종합)",2026-02-03,https://view.asiae.co.kr/article/2026020311325892388
2026-02,토픽1,은행·금융권 소상공인 지원,케이뱅크 '사장님 부동산 담보대출' 갈아타기 2금융권까지 확대,2026-02-02,https://view.asiae.co.kr/article/2026020214453207098
2026-02,토픽1,은행·금융권 소상공인 지원,"충남신보 3개 은행, 아산 소상공인에 558억 특례 보증 확대",2026-02-27,https://view.asiae.co.kr/article/2026022714360008203
2026-02,토픽1,은행·금융권 소상공인 지원,"BNK부산은행, 소상공인에 1500억원 특별자금 푼다",2026-02-09,https://view.asiae.co.kr/article/2026020913281266031
2026-02,토픽1,은행·금융권 소상공인 지원,"김천시, 2026년 소상공인 금융지원 특례보증 본격화",2026-02-09,https://view.asiae.co.kr/article/2026020917390921989
2026-02,토픽1,은행·금융권 소상공인 지원,"KB국민카드, 'KB소상공인 특례 햇살론카드' 출시",2026-02-24,https://view.asiae.co.kr/article/2026022414031806455
2026-02,토픽2,코로나 방역·지자체 행정,"[인터뷰] 명현관 해남군수 ""1% 가능성을 99% 확신"" 3선 도전",2026-02-10,https://view.asiae.co.kr/article/2026021012034302571
2026-02,토픽2,코로나 방역·지자체 행정,"청양군, 상반기 재정 2295억 신속 집행",2026-02-11,https://view.asiae.co.kr/article/2026021109154462662
2026-02,토픽2,코로나 방역·지자체 행정,"전남도, 조기 추경 통해 민생 경기 방점 6천782억 증액",2026-02-24,https://view.asiae.co.kr/article/2026022415430220066
2026-02,토픽2,코로나 방역·지자체 행정,"광주시, 100일 '규제 제로' 돌입 AI 모빌리티 등 전략산업 규제 손본다",2026-02-11,https://view.asiae.co.kr/article/2026021112221870571
2026-02,토픽2,코로나 방역·지자체 행정,"밀양시, 1회 추경 예산안 1조2194억원 편성",2026-02-26,https://view.asiae.co.kr/article/2026022614242714992
2026-02,토픽3,최저임금·노사 협상,"인태연 이사장, 현장 소통 나서 '도시형소공인' 지원 방안 논의",2026-02-25,https://view.asiae.co.kr/article/2026022514510302765
2026-02,토픽3,최저임금·노사 협상,"소상공인 단체 ""현장 무시한 근로자성 강요, 소상공인에 사형선고""",2026-02-10,https://view.asiae.co.kr/article/2026021018260077589
2026-02,토픽3,최저임금·노사 협상,"소공연 ""일하는 사람 기본법 제정 시 '인건비 폭탄' 불가피""",2026-02-27,https://view.asiae.co.kr/article/2026022710271737616
2026-02,토픽3,최저임금·노사 협상,"민주원 대구국세청장 ""소상공인 세금문제 적극 돕겠다"" '세금안심교실' 열려",2026-02-11,https://view.asiae.co.kr/article/2026021111393272619
2026-02,토픽3,최저임금·노사 협상,"소공연, 인태연 신임 소진공 이사장과 연구 협력 '맞손'",2026-02-12,https://view.asiae.co.kr/article/2026021214414230291
2026-02,토픽4,지역화폐·소비쿠폰,"고흥군, 설 명절 고흥서 장보면 20% 돌려받아 '역대급' 이벤트",2026-02-10,https://view.asiae.co.kr/article/2026021013370458375
2026-02,토픽4,지역화폐·소비쿠폰,"포항시, 3월 포항사랑상품권 230억원 규모 10% 특별 할인 판매",2026-02-25,https://view.asiae.co.kr/article/2026022516314579077
2026-02,토픽4,지역화폐·소비쿠폰,"구미사랑상품권, 지역경제 실질적인 활력 설맞이 할인 12% 확대",2026-02-02,https://view.asiae.co.kr/article/2026020210023886882
2026-02,토픽4,지역화폐·소비쿠폰,"경남도, 27일부터 남해군민에 농어촌 기본소득 지급  도비 총 207억원 투입",2026-02-26,https://view.asiae.co.kr/article/2026022614234403147
2026-02,토픽4,지역화폐·소비쿠폰,"무안군, 설 앞두고 전통시장 장보기 전개",2026-02-10,https://view.asiae.co.kr/article/2026021016595482583
2026-02,토픽5,물가·민생 거시대책,"구윤철 부총리, 천안중앙시장 방문 ""설 체감물가 안정 총력""",2026-02-02,https://view.asiae.co.kr/article/2026020215400585068
2026-02,토픽5,물가·민생 거시대책,"용인시 ""풍수해 지진재해보험 가입비 55% 이상 지원""",2026-02-04,https://view.asiae.co.kr/article/2026020408270150626
2026-02,토픽5,물가·민생 거시대책,"지재처, 지난달 지재권 출원 '1월 역대 최고'",2026-02-24,https://view.asiae.co.kr/article/2026022410243169283
2026-02,토픽5,물가·민생 거시대책,"교육당국, 교복비 전수조사 나선다 품목별 가격도 파악",2026-02-20,https://view.asiae.co.kr/article/2026022020031691714
2026-02,토픽5,물가·민생 거시대책,"시흥시, 노후차량 기계 617대에 조기폐차 DPF 부착 등 보조금 지원",2026-02-23,https://view.asiae.co.kr/article/2026022308191585404
2026-02,토픽6,온라인 플랫폼·디지털 지원,"비즈하우스 ""소상공인 대상 조사서 선호도 이용 의향 1위""",2026-02-25,https://view.asiae.co.kr/article/2026022515112606235
2026-02,토픽6,온라인 플랫폼·디지털 지원,"설 차례상, 전통시장서 준비하면 대형마트보다 22% 저렴",2026-02-06,https://view.asiae.co.kr/article/2026020607535601516
2026-02,토픽6,온라인 플랫폼·디지털 지원,"중기중앙회, 상반기 '온 오프라인 통합 품평회' 참가 접수",2026-02-08,https://view.asiae.co.kr/article/2026020616560230037
2026-02,토픽6,온라인 플랫폼·디지털 지원,"""13개 언어로 떡꼬치 주문"" KT, MWC26서 '하이오더' 선보여",2026-02-25,https://view.asiae.co.kr/article/2026022508431809598
2026-02,토픽6,온라인 플랫폼·디지털 지원,"ADT캡스 ""설 연휴 출동 42% 증가"" 안전 관리 당부",2026-02-10,https://view.asiae.co.kr/article/2026021009043586024
2026-02,토픽7,상생협력·중소기업 지원,"소진공, 15개 지역 대학과 '로컬콘텐츠 중점대학' 업무협약",2026-02-24,https://view.asiae.co.kr/article/2026022408071792884
2026-02,토픽7,상생협력·중소기업 지원,"메인비즈협회, 중소상공인희망재단과 AI AX 전환 업무 협약 체결",2026-02-04,https://view.asiae.co.kr/article/2026020409091124658
2026-02,토픽7,상생협력·중소기업 지원,"구미시, 여성벤처기업인 창업지원",2026-02-14,https://view.asiae.co.kr/article/2026021410384251335
2026-02,토픽7,상생협력·중소기업 지원,"한유원, '소상공인 온라인 판로 지원사업' 수행기관 모집",2026-02-26,https://view.asiae.co.kr/article/2026022617192779709
2026-02,토픽7,상생협력·중소기업 지원,"소진공, 임직원들과 청렴 소통 정책 실행 강화 워크숍",2026-02-27,https://view.asiae.co.kr/article/2026022708405463758
2026-03,토픽0,정치권 재난·위기 재정대응,"인천서 '노쇼 사기' 시도 잇따라 경찰, 집중 예방활동",2026-03-04,https://view.asiae.co.kr/article/2026030413263794584
2026-03,토픽0,정치권 재난·위기 재정대응,"소진공, 직원 사칭 물품 납부 사기 주의 당부",2026-03-12,https://view.asiae.co.kr/article/2026031208012554693
2026-03,토픽0,정치권 재난·위기 재정대응,"'尹어게인 반대' 송언석 ""미래로 나아갈 것 선거승리""",2026-03-10,https://view.asiae.co.kr/article/2026031010253815762
2026-03,토픽0,정치권 재난·위기 재정대응,사후 처벌 대신 사전 예방했더니 친환경 위장 그린워싱 적발건수 1년 새 ‘반토막’,2026-03-20,https://view.asiae.co.kr/article/2026031909080660893
2026-03,토픽0,정치권 재난·위기 재정대응,"""역사상 가장 빠른 속도로 처리"" 속도전 내세운 25조 전쟁추경",2026-03-23,https://view.asiae.co.kr/article/2026032310372002341
2026-03,토픽1,은행·금융권 소상공인 지원,"KB국민은행, 개인사업자 대출이동 서비스 개시 '포용금융' 실천",2026-03-17,https://view.asiae.co.kr/article/2026031711245594577
2026-03,토픽1,은행·금융권 소상공인 지원,"경북신용보증재단, 상주 소상공인에 최대 3000만원 특례보증 상주시, 2년 이자 4%지원",2026-03-04,https://view.asiae.co.kr/article/2026030421132884881
2026-03,토픽1,은행·금융권 소상공인 지원,"상주시↔금융기관, 1:1매칭 소상공인 특례보증 협약",2026-03-04,https://view.asiae.co.kr/article/2026030410433855124
2026-03,토픽1,은행·금융권 소상공인 지원,"경북신보, 예천 소상공인에 최고 3000만원 특례보증 이자 2년간 3%지원",2026-03-17,https://view.asiae.co.kr/article/2026031721165199837
2026-03,토픽1,은행·금융권 소상공인 지원,"우리銀, '서울형 안심통장 3호' 2000억원 공급",2026-03-19,https://view.asiae.co.kr/article/2026031915511363198
2026-03,토픽2,코로나 방역·지자체 행정,"여수시, 2천209억 원 규모 추경 편성 섬박람회 민생경제 지원",2026-03-18,https://view.asiae.co.kr/article/2026031814403111990
2026-03,토픽2,코로나 방역·지자체 행정,"여수시, 시비 2천230억 원 투입 '인구위기 정면 돌파' 나선다",2026-03-16,https://view.asiae.co.kr/article/2026031614154834497
2026-03,토픽2,코로나 방역·지자체 행정,광주 북구 여성친화도시 조성에 586억 투입,2026-03-25,https://view.asiae.co.kr/article/2026032513480009666
2026-03,토픽2,코로나 방역·지자체 행정,강기정 “특별시민수당 도입” 통합시장 1호 공약 제시,2026-03-17,https://view.asiae.co.kr/article/2026031714452330402
2026-03,토픽2,코로나 방역·지자체 행정,"신정훈, 행정통합 광주권 비전 발표 20조 재정 1조 펀드 투입",2026-03-16,https://view.asiae.co.kr/article/2026031612530165383
2026-03,토픽3,최저임금·노사 협상,"임광현 국세청장 ""세무서 갈 필요 없이 손안에서 해결""",2026-03-05,https://view.asiae.co.kr/article/2026030508480052270
2026-03,토픽3,최저임금·노사 협상,[포토] '2026 소상공인 힘 보탬 박람회',2026-03-26,https://view.asiae.co.kr/article/2026032616000151628
2026-03,토픽3,최저임금·노사 협상,[포토] 소상공인 만나는 오세훈 시장,2026-03-26,https://view.asiae.co.kr/article/2026032615594137344
2026-03,토픽3,최저임금·노사 협상,"소공연, 소진공과 소통간담회 개최 ""현안 지속해서 논의""",2026-03-11,https://view.asiae.co.kr/article/2026031117100636300
2026-03,토픽3,최저임금·노사 협상,[포토] 발언하는 한성숙 장관,2026-03-27,https://view.asiae.co.kr/article/2026032716223936147
2026-03,토픽4,지역화폐·소비쿠폰,"부천시, 소상공인 노후간판 개선 비용 지원 최대 250만원",2026-03-20,https://view.asiae.co.kr/article/2026032008495715577
2026-03,토픽4,지역화폐·소비쿠폰,부천 39개 상권서 '경기 살리기 통큰 세일' 20~29일,2026-03-18,https://view.asiae.co.kr/article/2026031808415712000
2026-03,토픽4,지역화폐·소비쿠폰,"상주시, “공직자 런치데이 외식 캠페인”",2026-03-25,https://view.asiae.co.kr/article/2026032508574044379
2026-03,토픽4,지역화폐·소비쿠폰,"함양군, 함양사랑상품권 할인율 12%로 확대",2026-03-03,https://view.asiae.co.kr/article/2026030306402828013
2026-03,토픽4,지역화폐·소비쿠폰,"광주 동구, '동구랑페이' 발행 닷새 만에 완판",2026-03-03,https://view.asiae.co.kr/article/2026030315233888510
2026-03,토픽5,물가·민생 거시대책,"서초구, '비상경제대응 전담반' 본격 가동",2026-03-29,https://view.asiae.co.kr/article/2026032907351578503
2026-03,토픽5,물가·민생 거시대책,"윤호중 ""유가상승 우려 소상공인 피해 선제점검해야""",2026-03-23,https://view.asiae.co.kr/article/2026032315162107108
2026-03,토픽5,물가·민생 거시대책,"부천시, 중동발 위기 '유가 물가 기업 안정' 선제 대응",2026-03-09,https://view.asiae.co.kr/article/2026030916280505396
2026-03,토픽5,물가·민생 거시대책,"구윤철 ""'나프타' 경제안보품목 한시 지정 공급망 피해기업에 1.5조 금융지원""",2026-03-18,https://view.asiae.co.kr/article/2026031809035623037
2026-03,토픽5,물가·민생 거시대책,"""피해 이미 현실화"" 중기부, 중동 사태 지원 소상공인으로 확대(종합)",2026-03-13,https://view.asiae.co.kr/article/2026031311554381361
2026-03,토픽6,온라인 플랫폼·디지털 지원,'왕사남' 대박에 영월 소상공인 매출 36% 증가,2026-03-19,https://view.asiae.co.kr/article/2026031908154237165
2026-03,토픽6,온라인 플랫폼·디지털 지원,"KB금융 플랫폼 'KB의 생각', 론칭 2년 만에 조회수 5000만회 돌파",2026-03-06,https://view.asiae.co.kr/article/2026030616312764513
2026-03,토픽6,온라인 플랫폼·디지털 지원,"네이버페이, 리테일앤인사이트와 업무협약 ""지역 마트 디지털혁신 가속""",2026-03-11,https://view.asiae.co.kr/article/2026031108500599567
2026-03,토픽6,온라인 플랫폼·디지털 지원,"중기중앙회, 노란우산 온라인 프로모션 ""3월 가입자에 네이버페이 쿠폰 지급""",2026-03-04,https://view.asiae.co.kr/article/2026030409411154515
2026-03,토픽6,온라인 플랫폼·디지털 지원,두쫀쿠 밀어낸 '버터떡' SNS 타고 'C-푸드' 공습,2026-03-24,https://view.asiae.co.kr/article/2026032415411770987
2026-03,토픽7,상생협력·중소기업 지원,"소진공, '소상공인 판로 확대 지원사업' 참여 협동조합 모집",2026-03-27,https://view.asiae.co.kr/article/2026032709045811201
2026-03,토픽7,상생협력·중소기업 지원,중기부 '소상공인 협업 활성화' 사업 공고 혁신성장 단계 신설,2026-03-08,https://view.asiae.co.kr/article/2026030617020302012
2026-03,토픽7,상생협력·중소기업 지원,'소담스퀘어' 목포 천안 2곳 신규 선정 소상공인 디지털 역량 강화,2026-03-30,https://view.asiae.co.kr/article/2026033010425588066
2026-03,토픽7,상생협력·중소기업 지원,"경주 HICO 로컬브랜드페어, 산업부 공모 2년 연속 선정 쾌거 올해는 7월 2일 개최",2026-03-24,https://view.asiae.co.kr/article/2026032412451155026
2026-03,토픽7,상생협력·중소기업 지원,"중진공, 사회적기업 전시회 '다시, 봄' 개최",2026-03-09,https://view.asiae.co.kr/article/2026030909320975240
2026-04,토픽0,정치권 재난·위기 재정대응,"국회, 26.2조 '전쟁 추경' 여야 합의 처리 하위소득 70% 고유가지원금 원안통과(종합)",2026-04-10,https://view.asiae.co.kr/article/2026041023295735230
2026-04,토픽0,정치권 재난·위기 재정대응,"""1인당 최대 60만원"" 정부 '고유가 피해지원금' 27일부터 신청",2026-04-12,https://view.asiae.co.kr/article/2026041214424062248
2026-04,토픽0,정치권 재난·위기 재정대응,"고유가 피해지원금 확정에 ""스미싱 주의 문자 URL 클릭하지 마세요""",2026-04-11,https://view.asiae.co.kr/article/2026041113100755581
2026-04,토픽0,정치권 재난·위기 재정대응,국회 의료분쟁조정법 등 비쟁점 법안 처리 세종시법 지각 통과(종합),2026-04-23,https://view.asiae.co.kr/article/2026042317353417459
2026-04,토픽0,정치권 재난·위기 재정대응,"HDC, ‘임대차 가장’ 아이파크몰 17년간 부당지원, 공정위 제재 과징금 171억원",2026-04-08,https://view.asiae.co.kr/article/2026040811375108992
2026-04,토픽1,은행·금융권 소상공인 지원,"KB국민은행, 개인사업자 '비대면 금리인하요구권' 확대 실시",2026-04-10,https://view.asiae.co.kr/article/2026041014242097479
2026-04,토픽1,은행·금융권 소상공인 지원,"BNK경남은행, '밀양시 소상공인 육성자금 업무협약' 체결",2026-04-29,https://view.asiae.co.kr/article/2026042917092044622
2026-04,토픽1,은행·금융권 소상공인 지원,"KB국민은행, 효성에프엠에스와 소상공인 포용금융 실천 업무협약",2026-04-30,https://view.asiae.co.kr/article/2026043015150744831
2026-04,토픽1,은행·금융권 소상공인 지원,"하나은행, 공공배달앱 먹깨비와 업무협약 '소상공인 금융지원'",2026-04-07,https://view.asiae.co.kr/article/2026040714302465134
2026-04,토픽1,은행·금융권 소상공인 지원,'새 활로는 기업대출 해외진출' 가계대출 규제에 전략 수정하는 인뱅,2026-04-29,https://view.asiae.co.kr/article/2026042822475759856
2026-04,토픽2,코로나 방역·지자체 행정,"임병택 시흥시장, 3선 도전 “K-시흥 완성하겠다”",2026-04-02,https://view.asiae.co.kr/article/2026040212302047607
2026-04,토픽2,코로나 방역·지자체 행정,"이천시, 위기 돌파 총력 3560억원 규모 민생추경 긴급 가동",2026-04-02,https://view.asiae.co.kr/article/2026040217402195200
2026-04,토픽2,코로나 방역·지자체 행정,"구리시, 2026년 일자리 2만1438개 창출 586억원 전격 투입",2026-04-07,https://view.asiae.co.kr/article/2026040711121569133
2026-04,토픽2,코로나 방역·지자체 행정,"관악구, 민선 8기 공약 이행률 99.6% 전국 최고 수준",2026-04-01,https://view.asiae.co.kr/article/2026040107223723449
2026-04,토픽2,코로나 방역·지자체 행정,“2026 거창에 On 봄축제” 머무는 여행지로 변신,2026-04-25,https://view.asiae.co.kr/article/2026042506385478535
2026-04,토픽3,최저임금·노사 협상,"""주 69시간 정당화"" 권순원 위원장 선출에 민주노총 퇴장 최저임금 심의 첫날부터 '파행' (종합)",2026-04-21,https://view.asiae.co.kr/article/2026042117012647165
2026-04,토픽3,최저임금·노사 협상,"소상공업계, 국세청장 만나 '신용카드 소득공제율 인상' 건의",2026-04-15,https://view.asiae.co.kr/article/2026041514202790273
2026-04,토픽3,최저임금·노사 협상,"소공연 ""노동절, 소상공인에겐 부담의 날 대책 마련해야""",2026-04-30,https://view.asiae.co.kr/article/2026043010401342232
2026-04,토픽3,최저임금·노사 협상,3기 진실화해위 구성 완료 국회 몫 10명 선출,2026-04-23,https://view.asiae.co.kr/article/2026042315402670785
2026-04,토픽3,최저임금·노사 협상,"베트남 동포 만난 李대통령 ""양국 협력 더 미래지향 전략적으로"" 원전 인프라 협력 확대",2026-04-22,https://view.asiae.co.kr/article/2026042215074164546
2026-04,토픽4,지역화폐·소비쿠폰,"용인시, 풍2동 흥덕 다채움 골목형상점가 지정 지역 경제 '훈풍' 부나",2026-04-10,https://view.asiae.co.kr/article/2026041007304422039
2026-04,토픽4,지역화폐·소비쿠폰,"남해군, 경남도민 생활지원금 10만원 지급",2026-04-20,https://view.asiae.co.kr/article/2026042009342334550
2026-04,토픽4,지역화폐·소비쿠폰,"보성군, 농어민 공익수당 70만 원 지급",2026-04-07,https://view.asiae.co.kr/article/2026040712450764565
2026-04,토픽4,지역화폐·소비쿠폰,"청양군인구, 농어촌기본소득 덕에 2년 만에 3만명 회복",2026-04-14,https://view.asiae.co.kr/article/2026041413220257959
2026-04,토픽4,지역화폐·소비쿠폰,"""민생 부담 완화""  창원특례시, '경남도민 생활지원금' 지급",2026-04-30,https://view.asiae.co.kr/article/2026043010184441867
2026-04,토픽5,물가·민생 거시대책,"예측불가 중동 정세 대응 전남도, 긴급 민생경제대책 추진",2026-04-01,https://view.asiae.co.kr/article/2026040114593573926
2026-04,토픽5,물가·민생 거시대책,"금천구, 중동 상황 대응 '비상경제TF' 가동",2026-04-09,https://view.asiae.co.kr/article/2026040908084677115
2026-04,토픽5,물가·민생 거시대책,"영등포구, 중동 정세 불안에 '비상경제대책반' 가동",2026-04-06,https://view.asiae.co.kr/article/2026040608461071438
2026-04,토픽5,물가·민생 거시대책,"사천시, 중동발 경제충격 선제 대응 강화",2026-04-07,https://view.asiae.co.kr/article/2026040714072336340
2026-04,토픽5,물가·민생 거시대책,"울산, 중동발 경제 불안 선제 대응 민생 안정 총력",2026-04-02,https://view.asiae.co.kr/article/2026040211125995030
2026-04,토픽6,온라인 플랫폼·디지털 지원,[부고] 홍성철(비즈한국 편집장)씨 부친상,2026-04-29,https://view.asiae.co.kr/article/2026042909564700777
2026-04,토픽6,온라인 플랫폼·디지털 지원,"""매출 0원에도 커피 3000잔"" '늑구' 수색대 챙긴 오월드 카페 점주",2026-04-27,https://view.asiae.co.kr/article/2026042708063335441
2026-04,토픽6,온라인 플랫폼·디지털 지원,[최준영의 월드+]위기는 느리게 다가와서 빠르게 번진다 봄날의 햇살처럼,2026-04-15,https://view.asiae.co.kr/article/2026041413455703986
2026-04,토픽6,온라인 플랫폼·디지털 지원,"中企 대형 유통사 입점 지원 중기중앙회, '온 오프라인 통합 품평회' 개최",2026-04-22,https://view.asiae.co.kr/article/2026042209512300716
2026-04,토픽6,온라인 플랫폼·디지털 지원,'왕과 사는 남자' 역대 흥행 2위 '극한직업'도 제쳐,2026-04-11,https://view.asiae.co.kr/article/2026041115414061674
2026-04,토픽7,상생협력·중소기업 지원,"공영홈쇼핑, 중기부 중소기업 소상공인 지원사업 수행기관 선정",2026-04-29,https://view.asiae.co.kr/article/2026042909545545006
2026-04,토픽7,상생협력·중소기업 지원,수출 역량 보유 유망 소상공인 100개사 키운다,2026-04-19,https://view.asiae.co.kr/article/2026041709520165414
2026-04,토픽7,상생협력·중소기업 지원,"산림복지진흥원, 공공기관 동반성장 평가 '우수'",2026-04-28,https://view.asiae.co.kr/article/2026042807363360464
2026-04,토픽7,상생협력·중소기업 지원,코트라 소진공 맞손 지역 소상공인 수출기업화 지원,2026-04-15,https://view.asiae.co.kr/article/2026041507450654512
2026-04,토픽7,상생협력·중소기업 지원,"홈앤쇼핑, 전북 우수 상품 판로 개척 위한 업무협약 체결",2026-04-08,https://view.asiae.co.kr/article/2026040808454125110
2026-05,토픽0,정치권 재난·위기 재정대응,"""민주당 사칭 피싱"" 기승 전남도당, 소상공인 도민 주의 당부",2026-05-11,https://view.asiae.co.kr/article/2026051119301058986
2026-05,토픽0,정치권 재난·위기 재정대응,내일부터 3600만명에 ‘고유가 지원금’ 소득 하위 70% 대상,2026-05-17,https://view.asiae.co.kr/article/2026051709162937110
2026-05,토픽0,정치권 재난·위기 재정대응,"주병기 공정위원장 ""쿠팡 김범석 '허위 서약' 때문에 총수 지정 강행 고발 등 형사제재 불가피""",2026-05-27,https://view.asiae.co.kr/article/2026052708420570672
2026-05,토픽0,정치권 재난·위기 재정대응,"송언석 ""선거 후 금리인상 기정사실화 이자폭탄 온다""",2026-05-29,https://view.asiae.co.kr/article/2026052909402904775
2026-05,토픽0,정치권 재난·위기 재정대응,"신보중앙회, 제3자 부당개입 신고 포상금 첫 지급",2026-05-28,https://view.asiae.co.kr/article/2026052810281683877
2026-05,토픽1,은행·금융권 소상공인 지원,은행 부실채권 17.7조로 7년 만에 '최대' 기업 자영업 대출 '경고등',2026-05-29,https://view.asiae.co.kr/article/2026052906041182209
2026-05,토픽1,은행·금융권 소상공인 지원,"인뱅 3사, 중저신용 대출 비중 30% 초과 달성 ""대출 강화할 것""",2026-05-22,https://view.asiae.co.kr/article/2026052217341187069
2026-05,토픽1,은행·금융권 소상공인 지원,'고객 유입 사업 다각화' 성과 낸 카뱅 1Q 순익 '역대 최대' 1873억원,2026-05-06,https://view.asiae.co.kr/article/2026050609464907862
2026-05,토픽1,은행·금융권 소상공인 지원,부산 중소기업 지원 팍팍 늘렸다 전국 최대 운전자금,2026-05-06,https://view.asiae.co.kr/article/2026050608263852108
2026-05,토픽1,은행·금융권 소상공인 지원,"인천신보, 누적 보증공급액 17조원 ""소상공인 경영안정 뒷받침""",2026-05-28,https://view.asiae.co.kr/article/2026052811375724546
2026-05,토픽2,코로나 방역·지자체 행정,백경현 구리시장 재선 도전 “5대 핵심 개혁으로 구리 미래 100년 설계”,2026-05-11,https://view.asiae.co.kr/article/2026051116373739256
2026-05,토픽2,코로나 방역·지자체 행정,박형덕 후보 “K-방산 관광으로 경제 대전환 동두천 경제지도 바꿀 것”,2026-05-19,https://view.asiae.co.kr/article/2026051918595034793
2026-05,토픽2,코로나 방역·지자체 행정,"백경현 후보 ""구리 미래 100년 준비"" 12대 분야 100대 공약 공개",2026-05-24,https://view.asiae.co.kr/article/2026052314315255086
2026-05,토픽2,코로나 방역·지자체 행정,"김동근 의정부시장 후보 ""민락동, 경기북부 미래 성장 중심으로 만들겠다""",2026-05-28,https://view.asiae.co.kr/article/2026052814390420327
2026-05,토픽2,코로나 방역·지자체 행정,"이장우 대전시장 후보 ""인구증가 웨이팅 꿀잼도시 만들어""",2026-05-04,https://view.asiae.co.kr/article/2026050412510346543
2026-05,토픽3,최저임금·노사 협상,"국수 냉면 제조업, 생계형 적합업종 재지정 5년간 대기업 확장 제한",2026-05-20,https://view.asiae.co.kr/article/2026052007265294858
2026-05,토픽3,최저임금·노사 협상,논현역세권에 20층 규모 업무 판매 복합빌딩 들어선다,2026-05-28,https://view.asiae.co.kr/article/2026052722360916011
2026-05,토픽3,최저임금·노사 협상,"러시아, 푸틴 체제에 불만 속출 ""북한같아, 중국 부러워""",2026-05-25,https://view.asiae.co.kr/article/2026052510372119110
2026-05,토픽3,최저임금·노사 협상,튀김소보로도 AI가 튀긴다 성심당에 스며든 제조AI,2026-05-27,https://view.asiae.co.kr/article/2026052715141334420
2026-05,토픽3,최저임금·노사 협상,최저임금 '월 환산액 표시' 결정 내달 4일 도급제 적용 논의(종합),2026-05-26,https://view.asiae.co.kr/article/2026052619531690662
2026-05,토픽4,지역화폐·소비쿠폰,"서초구, 방배카페골목 '제7호 골목형상점가' 지정",2026-05-12,https://view.asiae.co.kr/article/2026051208203794031
2026-05,토픽4,지역화폐·소비쿠폰,"경산시, '옥산동 정평 우방' 관내 최초 골목형 상점가 지정 골목상권 자생력 강화",2026-05-20,https://view.asiae.co.kr/article/2026052014455991024
2026-05,토픽4,지역화폐·소비쿠폰,"광주 북구, 골목형 상점가 마케팅 지원 최대 900만원",2026-05-21,https://view.asiae.co.kr/article/2026052110061647417
2026-05,토픽4,지역화폐·소비쿠폰,"서울시, 골목형상점가 육성에 23억원 마케팅 지원 집중",2026-05-26,https://view.asiae.co.kr/article/2026052609330150995
2026-05,토픽4,지역화폐·소비쿠폰,"고흥군, '고유가 피해지원금' 주유소 사용처 확대",2026-05-11,https://view.asiae.co.kr/article/2026051114541608635
2026-05,토픽5,물가·민생 거시대책,"이임식 앞둔 비둘기파 신성환 금통위원 ""현 시점, 물가 압력 크다""",2026-05-11,https://view.asiae.co.kr/article/2026051115413191434
2026-05,토픽5,물가·민생 거시대책,"중기부, 폐업 위기 소상공인 위한 '고용보험료 지원사업' 시행",2026-05-15,https://view.asiae.co.kr/article/2026051416201691798
2026-05,토픽5,물가·민생 거시대책,"""드라이클리닝 기름값 2배 올랐다"" 봄 성수기에도 세탁소 울상",2026-05-07,https://view.asiae.co.kr/article/2026050616533947871
2026-05,토픽5,물가·민생 거시대책,"기후위기 시대 '지수형 기후보험', 새 안전망으로 부상",2026-05-31,https://view.asiae.co.kr/article/2026052914303876753
2026-05,토픽5,물가·민생 거시대책,"중기연 ""수 위탁 대금지급 기간 60일→30일로 변경해야""",2026-05-21,https://view.asiae.co.kr/article/2026052110390751461
2026-05,토픽6,온라인 플랫폼·디지털 지원,"""방탄소년단 때문에 10% 더"" 부산 쇼핑숍 '동백상회' 6월 할인전",2026-05-31,https://view.asiae.co.kr/article/2026053108174940024
2026-05,토픽6,온라인 플랫폼·디지털 지원,"""5월 종합소득세 절세꿀팁, 노란우산으로 챙기세요""",2026-05-04,https://view.asiae.co.kr/article/2026050409203509646
2026-05,토픽6,온라인 플랫폼·디지털 지원,"수원시, 알리페이 위챗페이와 협업해 외국인 결제 활성화",2026-05-13,https://view.asiae.co.kr/article/2026051308564892828
2026-05,토픽6,온라인 플랫폼·디지털 지원,"채널코퍼레이션, 가상으로 상담 환경 구현 'AI 상담 시뮬레이션' 출시",2026-05-27,https://view.asiae.co.kr/article/2026052710024063474
2026-05,토픽6,온라인 플랫폼·디지털 지원,"리뷰 답변부터 매장 관리까지 AI, 소상공인 현장 파고든다",2026-05-27,https://view.asiae.co.kr/article/2026052707382897502
2026-05,토픽7,상생협력·중소기업 지원,"소상공인 온라인 진출 힘 받았다 동명대, 디지털특성화대학사업 4년 연속 선정",2026-05-28,https://view.asiae.co.kr/article/2026052814340691144
2026-05,토픽7,상생협력·중소기업 지원,대기업-AI 스타트업 개방형 혁신 '모두의 챌린지' 뷰티 플랫폼 분야 모집,2026-05-18,https://view.asiae.co.kr/article/2026051811093119240
2026-05,토픽7,상생협력·중소기업 지원,"소공연 네이버, 지역 소상공인 육성 위한 '로컬 스튜디오' 참가자 모집",2026-05-26,https://view.asiae.co.kr/article/2026052611014958208
2026-05,토픽7,상생협력·중소기업 지원,'중소기업 주간' 개막 전국서 83건 中企 행사 열려,2026-05-10,https://view.asiae.co.kr/article/2026050817051927641
2026-05,토픽7,상생협력·중소기업 지원,"캠퍼스에 장터 섰네 동명대 복지경영학과, '오이마켓' 운영",2026-05-07,https://view.asiae.co.kr/article/2026050709021423719
2026-06,토픽0,정치권 재난·위기 재정대응,"李대통령, '하급심 판결' 공개 필요성 제기",2026-06-02,https://view.asiae.co.kr/article/2026060212555791226
2026-06,토픽0,정치권 재난·위기 재정대응,"""소방법 개정 소화기 사세요"" 신종 사칭 사기 '비상'",2026-06-28,https://view.asiae.co.kr/article/2026062810410328938
2026-06,토픽0,정치권 재난·위기 재정대응,“농민 택시 민심 잡자” 의원 11명 ‘겹치기 발의’도 전문가 “올해가 개혁 골든타임”,2026-06-05,https://view.asiae.co.kr/article/2026060509210074524
2026-06,토픽0,정치권 재난·위기 재정대응,"한성숙, 오피스텔 대가성 헐값매각 의혹에 ""과한 주장""",2026-06-26,https://view.asiae.co.kr/article/2026062614152224529
2026-06,토픽0,정치권 재난·위기 재정대응,"식약처 사칭 공문 전화 기승 울주군, 영업주 주의 당부",2026-06-02,https://view.asiae.co.kr/article/2026060210040177767
2026-06,토픽1,은행·금융권 소상공인 지원,"하나카드, 2금융권 최초 연 12% 최고금리 상한제 도입",2026-06-29,https://view.asiae.co.kr/article/2026062909200740390
2026-06,토픽1,은행·금융권 소상공인 지원,"금융당국, 포용금융 우수 은행에 서민금융 출연금 10% 이상 감면 추진",2026-06-28,https://view.asiae.co.kr/article/2026062809185223117
2026-06,토픽1,은행·금융권 소상공인 지원,"전북은행, 최고 연 7% 'JB 청년미래적금' 출시",2026-06-22,https://view.asiae.co.kr/article/2026062217115503467
2026-06,토픽1,은행·금융권 소상공인 지원,"KB금융, 6.9조 투입 'KB국민행복 '희망' 프로젝트' 본격 가동",2026-06-29,https://view.asiae.co.kr/article/2026062911034025235
2026-06,토픽1,은행·금융권 소상공인 지원,"우리은행, 최고 연 8% '우리 청년미래적금' 출시",2026-06-22,https://view.asiae.co.kr/article/2026062213411289486
2026-06,토픽2,코로나 방역·지자체 행정,최현덕 남양주시장 당선인 “부서 칸막이 허물고 시민 체감 행정 구현”,2026-06-18,https://view.asiae.co.kr/article/2026061818225597027
2026-06,토픽2,코로나 방역·지자체 행정,"전남 광주 행정통합 밑그림 완성 ""특별법 특례 대거 반영""성과",2026-06-15,https://view.asiae.co.kr/article/2026061512581153106
2026-06,토픽2,코로나 방역·지자체 행정,"사천시, 민선9기 시정지표 6대 시정방침 발표",2026-06-17,https://view.asiae.co.kr/article/2026061711302853819
2026-06,토픽2,코로나 방역·지자체 행정,"영암군, 민선9기 공약 실행 준비 착수",2026-06-13,https://view.asiae.co.kr/article/2026061217170397623
2026-06,토픽2,코로나 방역·지자체 행정,[6 3선거] 민형배 전남광주통합특별시장 당선인 “시민 삶 바꾸는 통합특별시 만들겠다”,2026-06-03,https://view.asiae.co.kr/article/2026060322481051093
2026-06,토픽3,최저임금·노사 협상,최저임금 법정시한 또 넘겼다 1만2000원 인상 vs 동결 평행선,2026-06-30,https://view.asiae.co.kr/article/2026063016392245628
2026-06,토픽3,최저임금·노사 협상,"내년 최저임금 최초 요구안 勞 ""1만2000원"" vs 使 ""동결""(상보)",2026-06-23,https://view.asiae.co.kr/article/2026062318475406627
2026-06,토픽3,최저임금·노사 협상,"내년 최저임금 논의 스타트 1만2000원 요구에 소상공인 ""신규채용 줄일 것""",2026-06-23,https://view.asiae.co.kr/article/2026062308195005538
2026-06,토픽3,최저임금·노사 협상,"구로구, ‘구민 참여형 취임식’ 연다 내달 1일 민선 9기 출발",2026-06-29,https://view.asiae.co.kr/article/2026062907442141863
2026-06,토픽3,최저임금·노사 협상,"최저임금 줄다리기 시작 ""최소한의 생존비용"" VS ""과한 인상 일자리 없앨 것""",2026-06-23,https://view.asiae.co.kr/article/2026062316342709144
2026-06,토픽4,지역화폐·소비쿠폰,"전북 무주, 농어촌 기본소득 시범사업 선정 월 15만 원 지급",2026-06-11,https://view.asiae.co.kr/article/2026061118125826590
2026-06,토픽4,지역화폐·소비쿠폰,"박동식 사천시장, 어르신 바우처 확대 복지와 지역상권 함께 살린다",2026-06-21,https://view.asiae.co.kr/article/2026062116153643862
2026-06,토픽4,지역화폐·소비쿠폰,"진주시, 지역경제 활성화 위해 진주사랑상품권 100억원 발행",2026-06-22,https://view.asiae.co.kr/article/2026062213034979038
2026-06,토픽4,지역화폐·소비쿠폰,"시민은 부담 덜고, 골목상권은 웃고 울산시, '착한 소비'가 시작된다",2026-06-12,https://view.asiae.co.kr/article/2026061208410336809
2026-06,토픽4,지역화폐·소비쿠폰,"오산시, '오산 야맥축제' 9만8000명 방문 지역경제 활력 견인",2026-06-08,https://view.asiae.co.kr/article/2026060817543106613
2026-06,토픽5,물가·민생 거시대책,"구윤철 ""고용 물가 중동전쟁 여파 아직 민생부담 경감 총력""",2026-06-19,https://view.asiae.co.kr/article/2026061908453424232
2026-06,토픽5,물가·민생 거시대책,"구윤철 ""7차 석유 최고가격 인하 가격 안정 때까지 제도 유지""(상보)",2026-06-26,https://view.asiae.co.kr/article/2026062608234284180
2026-06,토픽5,물가·민생 거시대책,공공요금 또 묶은 정부 빚으로 버티는 에너지 공기업,2026-06-26,https://view.asiae.co.kr/article/2026062611050085946
2026-06,토픽5,물가·민생 거시대책,"정부, 물가 안정에 1조 투입 ""하반기 물가 3% 이내로 관리""(종합)",2026-06-26,https://view.asiae.co.kr/article/2026062608564485833
2026-06,토픽5,물가·민생 거시대책,"세계은행, 방글라데시에 1조7000억 긴급 자금지원",2026-06-29,https://view.asiae.co.kr/article/2026062900562259696
2026-06,토픽6,온라인 플랫폼·디지털 지원,"노란우산 ""6월 온라인 가입하면 네이버페이 드려요""",2026-06-01,https://view.asiae.co.kr/article/2026060108470415430
2026-06,토픽6,온라인 플랫폼·디지털 지원,"토스플레이스, SK브로드밴드와 소상공인 지원 '맞손'",2026-06-19,https://view.asiae.co.kr/article/2026061908143550861
2026-06,토픽6,온라인 플랫폼·디지털 지원,"[2026 부산모터쇼]기아, PV5 신규 라인업 앞세워 비전 제시",2026-06-26,https://view.asiae.co.kr/article/2026062610505167627
2026-06,토픽6,온라인 플랫폼·디지털 지원,"그립, 누적 셀러 5만7000명 돌파 ""셀러 친화 정책 통했다""",2026-06-16,https://view.asiae.co.kr/article/2026061610204102917
2026-06,토픽6,온라인 플랫폼·디지털 지원,"LGU＋, 요금 부담 낮춘 200M 인터넷 요금제 출시",2026-06-15,https://view.asiae.co.kr/article/2026061508400528969
2026-06,토픽7,상생협력·중소기업 지원,오디션으로 유망 로컬 수출 소상공인 발굴한다,2026-06-21,https://view.asiae.co.kr/article/2026061916305978761
2026-06,토픽7,상생협력·중소기업 지원,"소진공, 소상공인 업종전문 기술교육 참가자 모집",2026-06-09,https://view.asiae.co.kr/article/2026060907475133222
2026-06,토픽7,상생협력·중소기업 지원,"호남대, 창업 아이디어 시상식서 우수작 10개 선정",2026-06-17,https://view.asiae.co.kr/article/2026061717132490385
2026-06,토픽7,상생협력·중소기업 지원,"IITP, 대전 세종 사회적 경제기업 공공판로 개척 지원",2026-06-30,https://view.asiae.co.kr/article/2026063015402043570
2026-06,토픽7,상생협력·중소기업 지원,"소진공, 식품 소공인 대상 '스마트 제조 해썹' 구축 지원",2026-06-22,https://view.asiae.co.kr/article/2026062207564113354
2026-07,토픽0,정치권 재난·위기 재정대응,김소희 '소상공인 구분 적용' 최저임금법 개정안 대표발의,2026-07-15,https://view.asiae.co.kr/article/2026071515585158164
2026-07,토픽0,정치권 재난·위기 재정대응,"재난피해지원 한 곳에서 정부, '중앙합동 지원센터' 운영",2026-07-14,https://view.asiae.co.kr/article/2026071414491450645
2026-07,토픽0,정치권 재난·위기 재정대응,"중기부, 경쟁 업체와 거래 막은 KEP 고발 요청",2026-07-08,https://view.asiae.co.kr/article/2026070818260150302
2026-07,토픽0,정치권 재난·위기 재정대응,'민생 착취' 불법사금융 범죄 척결 위장수사 도입 추진,2026-07-22,https://view.asiae.co.kr/article/2026072210154610397
2026-07,토픽0,정치권 재난·위기 재정대응,"22대 후반기 워크숍 나선 민주당 ""이재명정부 국정과제 입법 연말까지 마무리""",2026-07-03,https://view.asiae.co.kr/article/2026070314483337956
2026-07,토픽1,은행·금융권 소상공인 지원,"애큐온저축銀, 토스 전용 '개인사업자 모두On 대출' 출시",2026-07-14,https://view.asiae.co.kr/article/2026071417282631692
2026-07,토픽1,은행·금융권 소상공인 지원,"NH농협은행, 하반기 포용금융 추진계획 논의",2026-07-03,https://view.asiae.co.kr/article/2026070310103336483
2026-07,토픽1,은행·금융권 소상공인 지원,"주택금융공사, 특별 채무조정 캠페인 성실상환자 최대 25% 원금 감면",2026-07-28,https://view.asiae.co.kr/article/2026072809485713180
2026-07,토픽1,은행·금융권 소상공인 지원,"신한은행, 홈플러스 협력업체 돕는다 대출금리 우대 등 지원",2026-07-08,https://view.asiae.co.kr/article/2026070813504032883
2026-07,토픽1,은행·금융권 소상공인 지원,"주금공, 전세사기 피해자 잔여채무 일시상환 시 원금 35% 감면",2026-07-28,https://view.asiae.co.kr/article/2026072813414059498
2026-07,토픽2,코로나 방역·지자체 행정,"""통합특별시 중심은 나주"" 윤병태 시장 미래 비전 제시",2026-07-01,https://view.asiae.co.kr/article/2026070118014537796
2026-07,토픽2,코로나 방역·지자체 행정,"최원용 시장 ""평택링 스마트 시정 시민이 행복한 평택 만들겠다""",2026-07-21,https://view.asiae.co.kr/article/2026072115552660779
2026-07,토픽2,코로나 방역·지자체 행정,대전시 민선 9기 첫 조직개편 19국→18국 조정,2026-07-24,https://view.asiae.co.kr/article/2026072409380942426
2026-07,토픽2,코로나 방역·지자체 행정,"세종시, 올해 1회 추경 2102억 원 편성 의회 제출",2026-07-07,https://view.asiae.co.kr/article/2026070714333865595
2026-07,토픽2,코로나 방역·지자체 행정,800조 반도체 대응 전남광주 광산구 전 부서 TF 꾸렸다,2026-07-23,https://view.asiae.co.kr/article/2026072315184896587
2026-07,토픽3,최저임금·노사 협상,"재계 ""최저임금 인상 업종별 구분 무산 아쉬워 소상공인 어려움 가중""(종합)",2026-07-15,https://view.asiae.co.kr/article/2026071511030871607
2026-07,토픽3,최저임금·노사 협상,"한경협 ""최저임금 인상 업종별 구분 무산 아쉬워 소상공인 어려움 가중""",2026-07-15,https://view.asiae.co.kr/article/2026071507522939890
2026-07,토픽3,최저임금·노사 협상,최저임금 3차 수정안 '1만1800원 vs 1만390원' 노사 격차 1410원,2026-07-02,https://view.asiae.co.kr/article/2026070216464882049
2026-07,토픽3,최저임금·노사 협상,최저임금 협상 '690원' 남았다 결론은 14일로(종합2보),2026-07-09,https://view.asiae.co.kr/article/2026070919373121896
2026-07,토픽3,최저임금·노사 협상,내년 최저임금 380원 오른 1만700원 297만명 영향(종합2보),2026-07-15,https://view.asiae.co.kr/article/2026071500040156670
2026-07,토픽4,지역화폐·소비쿠폰,한 달 만에 마감된 '강진 반값여행' 8천568팀 신청 몰렸다,2026-07-14,https://view.asiae.co.kr/article/2026071409430906907
2026-07,토픽4,지역화폐·소비쿠폰,"용산구, 골목형상점가 3곳 신규 지정 13곳으로 확대",2026-07-09,https://view.asiae.co.kr/article/2026070907234679944
2026-07,토픽4,지역화폐·소비쿠폰,"울산페달 울산몰, 7월 '할인+캐시백' 지역소비 살리기 나선다",2026-07-03,https://view.asiae.co.kr/article/2026070314425991133
2026-07,토픽4,지역화폐·소비쿠폰,이상일 시장 “골목상권 경쟁력 키운다” 골목상권 32곳 시대 열었다,2026-07-29,https://view.asiae.co.kr/article/2026072907324453349
2026-07,토픽4,지역화폐·소비쿠폰,"울산페달 울산몰, 8월 소비진작 총력 최대 18% 혜택 쏜다",2026-07-30,https://view.asiae.co.kr/article/2026073008595523135
2026-07,토픽5,물가·민생 거시대책,"""체불임금 지급, 긴급자금 융통"" 정부, 홈플러스 근로자 협력사 지원",2026-07-03,https://view.asiae.co.kr/article/2026070314012946693
2026-07,토픽5,물가·민생 거시대책,"정부, 홈플러스 6월 임금체불 333억원 대지급금 신속 지원",2026-07-10,https://view.asiae.co.kr/article/2026071016345227419
2026-07,토픽5,물가·민생 거시대책,"고환율에 최저임금 부담까지 中企 ""더는 버티기 어렵다""",2026-07-03,https://view.asiae.co.kr/article/2026070309321691836
2026-07,토픽5,물가·민생 거시대책,"이찬진 ""금리인상으로 시장 변동성 확대 우려"" 기업 취약차주 리스크 전방위 점검 지시",2026-07-16,https://view.asiae.co.kr/article/2026071611162028141
2026-07,토픽5,물가·민생 거시대책,제주 취업자 늘었다는데 3040 고용률 관광업은 '찬바람',2026-07-15,https://view.asiae.co.kr/article/2026071516265748033
2026-07,토픽6,온라인 플랫폼·디지털 지원,"애드플러스, 브랜드 운영 플랫폼 '홈ON(홈온)' 선보여 ""AI로 홈페이지 아니라 사업까지 바꿔""",2026-07-17,https://view.asiae.co.kr/article/2026071616474530000
2026-07,토픽6,온라인 플랫폼·디지털 지원,"네이버페이, 여름 휴가철 온 오프 영세가맹점 수수료 지원",2026-07-22,https://view.asiae.co.kr/article/2026072210133872997
2026-07,토픽6,온라인 플랫폼·디지털 지원,BTS 덕분에 부산 콘서트 전후 2주간 소상공인 매출 3.6%↑,2026-07-22,https://view.asiae.co.kr/article/2026072210424682321
2026-07,토픽6,온라인 플랫폼·디지털 지원,"헥토파이낸셜, 글로벌 AI결제 표준 'x402' 합류",2026-07-20,https://view.asiae.co.kr/article/2026072008505812334
2026-07,토픽6,온라인 플랫폼·디지털 지원,서울사랑상품권 결제 더 쉬워져 토스 단말 보유한 3만곳서 혜택,2026-07-14,https://view.asiae.co.kr/article/2026071409330622573
2026-07,토픽7,상생협력·중소기업 지원,"소진공, 한국부패학회와 소상공인 사업 투명성 제고 '맞손'",2026-07-06,https://view.asiae.co.kr/article/2026070608181224054
2026-07,토픽7,상생협력·중소기업 지원,'모두의 창업 사회혁신 소셜벤처 리그' 도전자 모집 8월19일까지,2026-07-30,https://view.asiae.co.kr/article/2026072923234968796
2026-07,토픽7,상생협력·중소기업 지원,광고대행사가 소상공인 제품 '프리미엄 브랜드'로 육성한다,2026-07-05,https://view.asiae.co.kr/article/2026070316421142575
2026-07,토픽7,상생협력·중소기업 지원,"중기부-소진공, 글로벌 소상공인 육성 해외 플랫폼 판로 지원",2026-07-22,https://view.asiae.co.kr/article/2026072208332595125
2026-07,토픽7,상생협력·중소기업 지원,"경기신보, 7일 원데이 성공클래스 아마존 입점희망 업체 대상",2026-07-07,https://view.asiae.co.kr/article/2026070714245418149
2026-08,토픽0,정치권 재난·위기 재정대응,"""무전기 대리구매 시 차액지급"" 공무원 신종피싱 사기 주의",2026-08-09,https://view.asiae.co.kr/article/2026080911550418241
2026-08,토픽0,정치권 재난·위기 재정대응,"주병기 ""쿠팡이든 네이버든 차별안해 온플법, 대금 안정 투명성 보장"" 입법 추진 예고",2026-08-11,https://view.asiae.co.kr/article/2026081120223728425
2026-08,토픽0,정치권 재난·위기 재정대응,베트남 거점 '노쇼 사기' 일당 7명 구속 소상공인 630명 피해,2026-08-13,https://view.asiae.co.kr/article/2026081313260221704
2026-08,토픽0,정치권 재난·위기 재정대응,"중기중앙회, '경남 등 집중호우 피해지역' 긴급 지원",2026-08-21,https://view.asiae.co.kr/article/2026082108510545188
2026-08,토픽0,정치권 재난·위기 재정대응,"서울시 공무원 사칭 선구매 ""속지 마세요"" 소상공인 사기 주의보",2026-08-11,https://view.asiae.co.kr/article/2026081115165023753
2026-08,토픽1,은행·금융권 소상공인 지원,"카카오뱅크, 전국 17개 신보와 '이자지원 보증서 대출' 협약",2026-08-11,https://view.asiae.co.kr/article/2026081114375358956
2026-08,토픽1,은행·금융권 소상공인 지원,"성동구, 중소기업 소상공인에 65억 융자 지원",2026-08-23,https://view.asiae.co.kr/article/2026082312094788838
2026-08,토픽1,은행·금융권 소상공인 지원,"수원시, 올해 中企 특례보증 240억원서 300억원으로 확대",2026-08-20,https://view.asiae.co.kr/article/2026082009012926132
2026-08,토픽1,은행·금융권 소상공인 지원,"하나금융, 포용금융 최고책임자 신설 ""하반기 실행력 강화에 역량 집중""",2026-08-05,https://view.asiae.co.kr/article/2026080510003843223
2026-08,토픽1,은행·금융권 소상공인 지원,"정부, 남부지방 수해 피해자 긴급 금융지원 대출 만기연장 상환유예",2026-08-20,https://view.asiae.co.kr/article/2026082014332747004
2026-08,토픽2,코로나 방역·지자체 행정,지역발전 마중물 '고향사랑기부금' 복지 문화 사각지대 '햇살',2026-08-12,https://view.asiae.co.kr/article/2026081215320268367
2026-08,토픽2,코로나 방역·지자체 행정,"거창군, 제2회 추경 9077억원 편성 민생 현안사업 집중",2026-08-14,https://view.asiae.co.kr/article/2026081415173917002
2026-08,토픽2,코로나 방역·지자체 행정,"[인터뷰]임지락 군수 ""민생 경제 회복 최선 화순 100년 밑그림""",2026-08-01,https://view.asiae.co.kr/article/2026080109101461129
2026-08,토픽2,코로나 방역·지자체 행정,"서울시, 2.8조 규모 추경 주거 안정화 청년 AI 이용권 제공",2026-08-10,https://view.asiae.co.kr/article/2026081009510532004
2026-08,토픽2,코로나 방역·지자체 행정,"거창군, ‘2026 정원치유박람회’ 준비 본격화",2026-08-14,https://view.asiae.co.kr/article/2026081413332166374
2026-08,토픽3,최저임금·노사 협상,"떡국떡 떡볶이떡 제조업, 생계형 적합업종 5년간 재지정",2026-08-07,https://view.asiae.co.kr/article/2026080622511751882
2026-08,토픽3,최저임금·노사 협상,"소상공인, 9년 만에 최저임금 취소소송 ""더는 못 버틴다""",2026-08-05,https://view.asiae.co.kr/article/2026080509544378195
2026-08,토픽3,최저임금·노사 협상,"서초구, 생활밀착형 폭염대책 총력 무료 생수 양산 대여 등",2026-08-03,https://view.asiae.co.kr/article/2026080309592313560
2026-08,토픽3,최저임금·노사 협상,[인사]중소벤처기업부,2026-08-11,https://view.asiae.co.kr/article/2026081114293406924
2026-08,토픽3,최저임금·노사 협상,최저임금 다시 법정으로 9년 전과 다른 점은,2026-08-06,https://view.asiae.co.kr/article/2026080516501122205
2026-08,토픽4,지역화폐·소비쿠폰,"평택시, ‘고덕택지상가’ 골목형상점가 지정 1287개 점포 지원",2026-08-06,https://view.asiae.co.kr/article/2026080611395697979
2026-08,토픽4,지역화폐·소비쿠폰,"의령군, 군민 1인당 민생안정지원금 50만원 지급",2026-08-03,https://view.asiae.co.kr/article/2026080313333767332
2026-08,토픽4,지역화폐·소비쿠폰,"대구 달서구, 성서우방 등 골목형상점가 4곳 신규 지정",2026-08-05,https://view.asiae.co.kr/article/2026080510453305660
2026-08,토픽4,지역화폐·소비쿠폰,"성수석 시장, 지역화폐로 외지 관광객 지갑 열었다 관광소비 215% ↑",2026-08-20,https://view.asiae.co.kr/article/2026082015084102379
2026-08,토픽4,지역화폐·소비쿠폰,“하동군민 모두에게 30만원” 민생안정지원금 지급,2026-08-20,https://view.asiae.co.kr/article/2026082012373765173
2026-08,토픽5,물가·민생 거시대책,"정부, 홈플러스 근로자에 융자 등 778억원 지원",2026-08-14,https://view.asiae.co.kr/article/2026081415515952542
2026-08,토픽5,물가·민생 거시대책,"이찬진 금감원장 취임 1년 하반기에도 '소비자보호' 고삐, ETF GA 집중점검",2026-08-13,https://view.asiae.co.kr/article/2026081318051451627
2026-08,토픽5,물가·민생 거시대책,"경기도, 휴가철 바가지요금 근절한다 피서지 현장점검",2026-08-07,https://view.asiae.co.kr/article/2026080707424285226
2026-08,토픽5,물가·민생 거시대책,"구윤철 ""장기 금리 상승 소상공인 서민 등 취약차주 지원방안 곧 발표""",2026-08-21,https://view.asiae.co.kr/article/2026082110081571254
2026-08,토픽5,물가·민생 거시대책,"""폭염에 30만원 준다, 혹시 나도?"" 1440만명 이미 가입된 '이 보험'",2026-08-07,https://view.asiae.co.kr/article/2026080708265888720
2026-08,토픽6,온라인 플랫폼·디지털 지원,"홈앤쇼핑, 소상공인과 협업한 '정준하 야무진 김치' 방송",2026-08-18,https://view.asiae.co.kr/article/2026081809204403836
2026-08,토픽6,온라인 플랫폼·디지털 지원,"기아, 전기차 고객 경험 높인다 PV5 라인업 10종 대폭 확대",2026-08-03,https://view.asiae.co.kr/article/2026080308553436593
2026-08,토픽6,온라인 플랫폼·디지털 지원,"중기중앙회, 우수 中企 백화점 마트 입점 지원",2026-08-12,https://view.asiae.co.kr/article/2026081210155900127
2026-08,토픽6,온라인 플랫폼·디지털 지원,네이버 토스가 키우는 얼굴결제 대중화 시대 열릴까,2026-08-07,https://view.asiae.co.kr/article/2026080616033271254
2026-08,토픽6,온라인 플랫폼·디지털 지원,"서울전자통신, '결제 후 리워드' 신사업 본격화 5만 가맹점 확보 추진",2026-08-12,https://view.asiae.co.kr/article/2026081213544880126
2026-08,토픽7,상생협력·중소기업 지원,"한진, 소진공 '해외 특송' 수행기관 선정 ""K-제품 수출 돕는다""",2026-08-03,https://view.asiae.co.kr/article/2026080310145847547
2026-08,토픽7,상생협력·중소기업 지원,"한양대 ERICA, IC-PBL 도입 10주년 맞아",2026-08-07,https://view.asiae.co.kr/article/2026080611191325978
2026-08,토픽7,상생협력·중소기업 지원,"한유원, 소상공인 브랜딩 지원 '브랜드 소상공인 점프업' 착수",2026-08-03,https://view.asiae.co.kr/article/2026080309302380066
2026-08,토픽7,상생협력·중소기업 지원,“국민 누구나 AI 배우고 개발” ‘모두의 AI 성장사다리’ 출범,2026-08-03,https://view.asiae.co.kr/article/2026080309312592397
2026-08,토픽7,상생협력·중소기업 지원,대한민국 문신인 공식 무대 열린다,2026-08-10,https://view.asiae.co.kr/article/2026081010094796142
